id,codigo_barras,descripcion,stock_minimo,id_proveedor,stock_ideal,id_unidad,id_padre,tipo,cant_paquete,precio_costo,precio_venta,precio_venta2,precio_venta3,estado
1,TR1491,"BOLA ACERO FORJADA 1"" X KL",0,,0,2,,0,1,4655.823359,6900,6400,6300,t
2,TR1492,"BOLA ACERO FORJADA 1 1/2"" X KL",0,,0,2,,0,1,4440.238441,6900,6400,6300,t
3,TR1335,SOLDADURA SOLDARCO 6013 X 3/32,0,,0,2,,0,1,12387.677419,19100,18100,17200,t
4,TR0302,FLEJE CHIPA 1/4 X KLS,0,,0,2,,0,1,4201.7,7600,7300,7100,t
5,TR2819,"BOLSA AIRE 4"" X KL",0,,0,2,,0,1,18629.461538,25000,23000,22000,t
6,TR2637,SOLDADURA SOLDARCO 6011 X 1/8,0,,0,2,,0,1,12890.311026,28200,25200,22100,t
7,TR1493,"BOLA ACERO FORJADA 2"" X KL",0,,0,2,,0,1,4470.509526,6900,6400,6300,t
8,TR1494,"BOLA ACERO FORJADA 3"" X KL",0,,0,2,,0,1,4400.462192,6900,6400,6300,t
9,TR3294,CORREA A 48,0,,0,2,,0,1,7059,0,0,0,t
10,TR1903,SOLDADURA SOLDARCO 7018 X 5/32,0,,0,2,,0,1,12007.075167,21200,19300,18300,t
11,TR1495,"BOLA ACERO FORJADA 3 1/2"" X KL",0,,0,2,,0,1,4616.601237,6900,6400,6300,t
12,TR1599,SOLDADURA SOLDARCO 7018 X 1/8,0,,0,2,,0,1,12577.918321,23300,21300,19200,t
13,TR1725,FLEJE CHIPA 3/8 X KLS,0,,0,2,,0,1,4201.7,8000,7500,7000,t
14,TR1968,ALAMBRE GALVANIZADO C: 10-12-14-16 K KL,0,,0,2,,0,1,6385.54,11400,10900,10500,t
15,TR0073,ALAMBRE AMARRE NEGRO X KLS,0,,0,2,,0,1,5714.25,8500,8300,7700,t
16,TR0105,"BOLSA 2"" DE VIKINGO",0,,0,2,,0,1,14268.088144,23100,22600,21800,t
17,TR2496,"BOLA ACERO FORJADA 4"" X KL",0,,0,2,,0,1,4572.117638,6900,6400,6300,t
18,TR1803,ALAMBRE GALVANIZADO C: 18-20 X KG,0,,0,2,,0,1,9159.7,15000,14000,13000,t
19,TR1638,SOLDADURA SOLDARCO 6013 X 1/8,0,,0,2,,0,1,12774.531296,20600,18900,17200,t
20,TR0104,"BOLA ACERO FORJADA 2 1/2"" X KL",0,,0,2,,0,1,4399.172657,6900,6400,6300,t
21,TR2222,SOLDADURA WEST ARCO DUROWELD 5/32  X  KL,0,,0,2,,0,1,24370.511905,37000,36000,35000,t
22,TR2955,SOLDADURA SOLDARCO 6011 X 3/32,0,,0,2,,0,1,13455.354978,21000,20000,19000,t
23,TR2752,SOLDADURA SOLDARCO 6013 X 5/32,0,,0,2,,0,1,12282.933105,19800,18300,17300,t
24,TR0126,BREA (ASFALTO SOLIDO X KLS),0,,0,2,,0,1,4508.879607,8600,8000,7500,t
25,TR3048,SOLDADURA SOLDARCO 6011 X 5/32,0,,0,2,,0,1,12475.325,20500,19500,18300,t
26,TR2475,CABLE COBRE AISL #8 X MTS,0,,0,3,,0,1,6082.846667,8800,8700,8600,t
27,TR2639,"MANGUERA PARA GAS 3/8"" AMARILLA",0,,0,3,,0,1,2100.84,2000,1900,1800,t
28,TR0162,CABLE DUPLEX  2X12 X MTS,0,,0,3,,0,1,4766.071161,8000,7500,7100,t
29,TR0163,CABLE DUPLEX  2X14 X MTS,0,,0,3,,0,1,3063.103248,5000,4700,4500,t
30,TR1523,GUAYA 1/2 ALQUITRANADO ALMA DE ACERO,0,,0,3,,0,1,7921.043574,14500,14000,13500,t
31,TR1616,CABLE ENCAUCHETADO 3X6,0,,0,3,,0,1,37081.8,57000,56000,55000,t
32,TR0164,CABLE DUPLEX  2X16 X MTS,0,,0,3,,0,1,2115.254545,3500,3300,3200,t
33,TR0165,CABLE ENCAUCHETADO 2X12,0,,0,3,,0,1,6288.612903,10200,9600,9200,t
34,TR0166,CABLE ENCAUCHETADO 3X10,0,,0,3,,0,1,14547.467137,23800,22500,21200,t
35,TR0167,CABLE ENCAUCHETADO 3X12,0,,0,3,,0,1,8492.762839,14000,13200,12600,t
36,TR2652,"BANDA TRANSPORTADORA 6""",0,,0,3,,0,1,40000,70000,65000,61000,t
37,TR0341,GUAYA 5/8 ANQUITRINADO NEGRO,0,,0,3,,0,1,15966.4,26800,25800,25200,t
38,TR1633,CABLE ALUMINIO 7 HILOS #6 AISLADO FORRADO,0,,0,3,,0,1,1848.74,2500,2400,2300,t
39,TR0168,CABLE ENCAUCHETADO 3X8,0,,0,3,,0,1,21154,34600,32600,30800,t
40,TR0075,ALAMBRE COBRE AISL #10 X MTS,0,,0,3,,0,1,3304.431871,6200,5900,5500,t
41,TR2263,"MANGUERA TRANSPARENTE 1/4"" CAL 40 X MTS",0,,0,3,,0,1,680,1800,1500,1200,t
42,TR3108,GUAYA 1/4 ENCAUCHETADA,0,,0,3,,0,1,1765.07,3000,2800,2600,t
43,TR0393,LAZO #10 X 250 MTS,0,,0,3,,0,1,1133.7735,2000,1900,1800,t
44,TR0394,LAZO #12 X 200 MTS,0,,0,3,,0,1,1546.816779,2500,2300,2200,t
45,TR2665,"PVC TUBO BLANCO 3/4"" X 400 PSI-RD 11",0,,0,3,,0,1,3361.4,5800,5300,5000,t
46,TR1643,"MANGUERA BICOLOR 1/2"" NARA-NEGR X MTS",0,,0,3,,0,1,1601.04235,4000,3500,3000,t
47,TR1644,"EJE LISO 1"" X MTS 1045",0,,0,3,,0,1,31933,60000,55000,50000,t
48,TR2963,CABLE CUADRUPLEX 3X50+1X50 ACSR AISLADO 3X1/0+1/0,0,,0,3,,0,1,21900,39000,35000,33000,t
49,TR0395,LAZO #4 X 600 MTS MATIZADO,0,,0,3,,0,1,446,1100,900,800,t
50,TR2157,"MALLA INOXIDABLE 30X30 0,30MM X 1MTS",0,,0,3,,0,1,31933,90000,85000,80000,t
51,TR2158,"MALLA INOXIDABLE 40X40 0,24MM X 1MTS",0,,0,3,,0,1,46218,90000,85000,80000,t
52,TR1748,CABLE ALUMINIO 7 HILOS #2 AISLADO FORRADO,0,,0,3,,0,1,3697.485714,4900,4800,4700,t
53,TR1464,"MANGUERA PRESION 300 PSI  1""",0,,0,3,,0,1,7998,13800,12600,11500,t
54,TR2974,CABLE AL TRIPLEX 2X50+1X50 ACSR AISLADO 2X1/0+1/0,0,,0,3,,0,1,16600,35000,30000,25000,t
55,TR0396,LAZO #6 X 500 MTS,0,,0,3,,0,1,599.825007,1200,1100,1000,t
56,TR2281,"PVC TUBO SANI 2"" TL ECOPLEX",0,,0,3,,0,1,2521,5000,4500,4000,t
57,TR2683,"MANGUERA TRANSPARENTE ACERO 3/4"" ATOXICA",0,,0,3,,0,1,5163.538462,10000,9000,8000,t
58,TR2833,MALLA ZARANDA 5X5 X MTS,0,,0,3,,0,1,7983,15000,14000,13000,t
59,TR1751,CABLE ALUMINIO 7 HILOS #4 AISLADO FORRADO,0,,0,3,,0,1,2689,3500,3400,3300,t
60,TR0556,PLASTICO NEGRO 8 MTS,0,,0,3,,0,1,9448.716513,14800,14500,14000,t
61,TR0557,PLASTICO NEGRO 10 MTS,0,,0,3,,0,1,14612.622522,23000,22400,20500,t
62,TR2519,"MANGUERA TRANSPARENTE 3/8"" CAL 40 X MTS",0,,0,3,,0,1,1025,2500,2000,1700,t
63,TR2520,ALAMBRE COBRE AISL #8 X MTS,0,,0,3,,0,1,4520.8875,9800,9300,8600,t
64,TR0397,LAZO #8 X 400 MTS,0,,0,3,,0,1,800.072689,1500,1300,1200,t
65,TR0398,"MANGUERA ATOXICA DE 2"" X 50MTS",0,,0,3,,0,1,13773,27400,24900,22400,t
66,TR0399,"LAZO AMARILLO 1"" (25MM X 150 MTS)",0,,0,3,,0,1,4720.259085,8000,7500,7000,t
67,TR0400,"LAZO AMARILLO 3/4"" (19MM X 150 MTS)",0,,0,3,,0,1,2960.116668,5500,5000,4500,t
68,TR1758,PLASTICO NEGRO 4 MTS,0,,0,3,,0,1,3965.61,8500,8000,7500,t
69,TR1472,CABLE DUPLEX  2X10  X MTS,0,,0,3,,0,1,7973.050532,12000,11700,11200,t
70,TR1473,ALAMBRE COBRE AISL #12 X MTS,0,,0,3,,0,1,1851.868252,3300,2500,2500,t
71,TR1474,CABLE COBRE AISL #14 X MTS,0,,0,3,,0,1,1512.235714,2400,2200,2100,t
72,TR0401,"LAZO AMARILLO 5/8"" (16MM X 250 MTS)",0,,0,3,,0,1,2055.201582,4500,4000,3500,t
73,TR2179,CABLE BATERIA #2 600V,0,,0,3,,0,1,27731.2,42000,41000,40000,t
74,TR0271,"EJE LISO 1 1/2"" X MTS 1045",0,,0,3,,0,1,84033.5,146700,142900,141000,t
75,TR0272,"EJE LISO 2"" X MTS  1045",0,,0,3,,0,1,142857,249300,242900,230800,t
76,TR1662,"PVC TUBO BLANCO 1/2"" X 200 PSI-RD 21",0,,0,3,,0,1,1260.6,3000,2500,2200,t
77,TR3312,"EJE RANURADO 2"" 1045R",0,,0,3,,0,1,147643.656351,310600,289900,269200,t
78,TR3487,MALLA INOXIDABLE 150 X 150 0.06MM X 1MTS,0,,0,3,,0,1,26891,0,0,0,t
79,TR2184,GUAYA 1/2 ANTIGIRO ALQUITRINADA,0,,0,3,,0,1,8233.683908,14000,13500,13000,t
80,TR1562,PLASTICO NEGRO  6 MTS,0,,0,3,,0,1,6111.502805,14100,12100,10100,t
81,TR0565,POLISOMBRA NEGRA 80% X 100MTS,0,,0,3,,0,1,3951,6800,6400,6000,t
82,TR0074,ALAMBRE COBRE AISL #14 X MTS,0,,0,3,,0,1,1310.38024,2400,2300,2200,t
83,TR0466,MALLA PLASTICA GALLINA 180 X 50MTS,0,,0,3,,0,1,588.076768,65000,60000,55000,t
84,TR0610,"PVC TUBO BLANCO 1"" X 315 PSI-RD 135",0,,0,3,,0,1,2736.938777,4800,4400,4100,t
85,TR1353,TELA BRASILERA 15MM,0,,0,3,,0,1,50593.681911,85000,75000,70000,t
86,TR1779,CABLE ENCAUCHETADO 2X10,0,,0,3,,0,1,9741,15000,14500,14000,t
87,TR0611,"PVC TUBO BLANCO 1/2"" X 500 PSI-RD 9",0,,0,3,,0,1,1616.276214,3500,3000,2800,t
88,TR2723,CINTA TAPAGOTERA 10CM X 10MTS ALUMBAND,0,,0,3,,0,1,3075.713514,7000,6000,5000,t
89,TR3506,MALLA INOXIDABLE 100X100 0.10MM X MTS,0,,0,3,,0,1,42017,91700,78600,73300,t
90,TR3326,"MANGUERA TRANS 1"" CAL:40 X MTS",0,,0,3,,0,1,3670,6500,6000,55000,t
91,TR2314,"MANGUERA PRESION 300 PSI  1/4""",0,,0,3,,0,1,1185,2500,2200,2000,t
92,TR3020,TELA CONST BLANCA 2.10 ALTO X MTS,0,,0,3,,0,1,1285.463918,2100,2000,1900,t
93,TR2426,GUAYA 5/16 ALQUITRANADO NEGRO,0,,0,3,,0,1,5882.35,7000,6000,5500,t
94,TR2321,"EJE LISO  3"" X 1,20 MTS",0,,0,3,,0,1,323530,520000,500000,490000,t
95,TR2736,"MANGUERA BICOLOR 1"" NARA-NEGR X MTS",0,,0,3,,0,1,7355.39881,16000,15000,14000,t
96,TR1578,"EJE LISO 1 1/2"" X MTS 1045 TORNEADO BRILLANTE",0,,0,3,,0,1,109244,200000,190000,180000,t
97,TR2738,"MANGUERA BICOLOR 3/4"" NARA-NEGR X MTS",0,,0,3,,0,1,6982.291796,16000,15000,14000,t
98,TR0612,"PVC TUBO BLANCO 2"" 200 PSI-RD 21",0,,0,3,,0,1,5652,9900,9200,8500,t
99,TR0521,NAYLON GUADAÑA CUADRADO 3MM X 153MTS NARANJA,0,,0,3,,0,1,262,600,500,500,t
100,TR2743,ANJEO VERDE-BLANCO X 1 ALTO X MTS,0,,0,3,,0,1,3144.3,6000,5500,5000,t
101,TR3197,EJE RANURADO 1 1/2 1020R,0,,0,3,,0,1,83992,189000,174800,160600,t
102,TR0238,"POLIESTER #3 1/8"" X 350 MTS",0,,0,3,,0,1,372.38,900,800,700,t
103,TR0615,"PVC TUBO SANI 2"" TP POLIPLEX",0,,0,3,,0,1,5882.38,8100,7600,7100,t
104,TR0616,"PVC TUBO SANI 3"" TP POLIPLEX",0,,0,3,,0,1,7311,10700,10200,9600,t
105,TR2208,"MANGUERA PRESION 300 PSI  3/4""",0,,0,3,,0,1,8287.270117,12900,11500,10800,t
106,TR0618,"PVC TUBO SANI 4"" TP POLIPLEX",0,,0,3,,0,1,11596.675926,15300,14600,13600,t
107,TR0617,"PVC TUBO SANI 4"" TL ECOPLEX",0,,0,3,,0,1,5798.3,8300,7900,7400,t
108,TR2212,"MALLA INOXIDABLE 14X14 0,49MM",0,,0,3,,0,1,57142.7,95000,90000,85000,t
109,TR0619,"PVC TUBO SANI 6"" TP POLIPLEX",0,,0,3,,0,1,17305,29000,27600,25700,t
110,TR2214,"PVC TUBO SANI 3"" TL ECOPLEX",0,,0,3,,0,1,3613.2,7000,6000,5500,t
111,TR0469,MANGUERA CONDUIT FLEXIBLE 3/4 PVC X MTS,0,,0,3,,0,1,2341,6000,5000,4000,t
112,TR0160,CABLE COBRE AISL #10 X MTS,0,,0,3,,0,1,3131.325082,5600,5300,4800,t
113,TR1434,"LAZO AMARILLO 1/2"" (13MM X 200 MTS)",0,,0,3,,0,1,1342.82145,2100,2000,1900,t
114,TR0161,CABLE COBRE AISL #12 X MTS,0,,0,3,,0,1,2194.58434,3900,3700,3400,t
115,TR0358,GUAYA 3/8 ALQUITRANADO NEGRO,0,,0,3,,0,1,7803.807165,12900,12100,11400,t
116,TR1928,CABLE ENCAUCHETADO 2X16,0,,0,3,,0,1,2622,5000,4500,4000,t
117,TR0473,MANGUERA JARDINERA VERDE 1/2 X MTS SWAN SURTI,0,,0,3,,0,1,1256.728502,2500,2300,2000,t
118,TR0474,"MANGUERA PRESION 300 PSI  1/2""",0,,0,3,,0,1,2944.995628,5200,4600,4100,t
119,TR0475,"MANGUERA PRESION 300 PSI  3/8""",0,,0,3,,0,1,3113.207547,7000,6000,5000,t
120,TR2462,"MANGUERA TRANSPARENTE ACERO 1"" ATOXICA",0,,0,3,,0,1,4929.431707,10000,9000,8000,t
121,TR1602,"PVC TUBO SANI 6"" TL ECOPLEX",0,,0,3,,0,1,13506.692644,28000,25000,23000,t
122,TR1604,GUAYA 3/4 ALQUITRANADO NEGRO,0,,0,3,,0,1,21848.75069,35000,34000,33000,t
123,TR3072,MANGUERA TRASPARENTE 5/16 C-30,0,,0,3,,0,1,800,1600,1400,1200,t
124,TR0628,RANURADO EJE 1 1/2,0,,0,3,,0,1,31937.37859,48100,45300,42800,t
125,TR0629,"RANURADO EJE 2""",0,,0,3,,0,1,37689,63200,59500,56200,t
126,TR2239,"CORDON GRAFITADO 3/8""",0,,0,3,,0,1,5051,12000,10000,9000,t
127,TR0476,"MANGUERA PRESION 300 PSI  5/16""",0,,0,3,,0,1,2437,5100,4600,4200,t
128,TR1815,"MALLA INOXIDABLE 10X10 0,60MM X 1MTS",0,,0,3,,0,1,53782,105000,100000,95000,t
129,TR0477,"MANGUERA PRESION ALAMBRE 1"" 1275 - 1280 PSI STRONG - CARPRESS RASS",0,,0,3,,0,1,15865.33749,55400,46200,37000,t
130,TR3385,POLIESTER #4 X 300 MTS,0,,0,3,,0,1,360.937337,700,700,600,t
131,TR2928,"MALLA INOXIDABLE 18X18 0,40MM X 1MTS",0,,0,3,,0,1,55462,95000,90000,85000,t
132,TR3166,PALADRAGA CABO METALICO BELLOTA,0,,0,1,,0,1,60832,80700,78400,76200,t
133,TR3168,FUMIGADORA BELLOTA 5LTS SPRAYER,0,,0,1,,0,1,53334,75000,70000,67000,t
134,TR3175,FUMIGADORA MOTOR TIPO MITSU TU26 ROYAL CONDOR,0,,0,1,,0,1,854273,1100000,1050000,1000000,t
135,TR3185,PALA DURAGRO REDONDA #4,0,,0,1,,0,1,14039,19500,18500,17500,t
136,TR3186,PALA DURAGRO REDONDA #2,0,,0,1,,0,1,12884,18000,17000,16000,t
137,TR3190,PALA PAPAGAYO REDONDA #2,0,,0,1,,0,1,12692,18000,17000,16000,t
138,TR3191,PALIN HOYADOR PAPAGAYO,0,,0,1,,0,1,13402,19000,18000,17000,t
139,TR3268,CABEZOTE ESTACIONARIA COMPLETO FUREKY 0S-22BIN,0,,0,1,,0,1,228293,320000,300000,290000,t
140,TR3550,FUMIGADORA  ESTACIONARIA ALTERMAN 6.5 HP,0,,0,1,,0,1,1228572,1892000,1819200,1709600,t
141,TR3620,AZADON RECTO HERRAGRO,0,,0,1,,0,1,38765,59700,54600,50900,t
142,TR3621,AZUELA HERRAGRO REF-4260,0,,0,1,,0,1,37134,57200,53600,52300,t
143,TR3636,PALADRAGA COLIMA MANGO METALICO,0,,0,1,,0,1,53550,85900,79300,72800,t
144,TR3663,AZUELA HERRAGRO MINI CURVA 4240-15,0,,0,1,,0,1,38124,65000,60000,55000,t
145,TR0106,"BOMBA ALTA 3""X3"" KTC COMPLETA",0,,0,1,,0,1,459664,752100,733800,707900,t
146,TR0107,"BOMBA ALTA 3""X3"" 2020 COMPLETA MOTOR 10HP",0,,0,1,,0,1,440000,720000,702400,677600,t
147,TR0108,"BOMBA FUMIGADORA JARDINERA 1,5LTS ARAMA",0,,0,1,,0,1,11907,20800,19500,19000,t
148,TR0109,BOMBA MULTIETAPAS EVANS 3/4HP REF: SPM1ME075F-F,0,,0,1,,0,1,429916,721500,703500,686300,t
149,TR0110,BOMBA PERIFERICA EVANS 0.5HP 1X1 REF: BP1ME050,0,,0,1,,0,1,152548,269800,249600,243500,t
150,TR0111,BOMBA SUMERGIBLE DOMESTICA EVANS 1HP QDX REF: SP1ME100H,0,,0,1,,0,1,485376,847100,794200,774800,t
151,TR0112,"BOMBA SUMERGIBLE EVANS TP LAPICERO 4"" 05HP REF: SSX1ME050F2C",0,,0,1,,0,1,582475,1003200,953100,929800,t
152,TR0120,BOQUILLA EQUALIZABLE GRANDE,0,,0,1,,0,1,18214,36700,34100,29800,t
153,TR0121,BOQUILLA EQUALIZABLE PEQUEÑA,0,,0,1,,0,1,10703,23400,21600,20000,t
154,TR0154,BUJE BRONCE 1 1/4 MOTOR 10HP 303 3 X 3,0,,0,1,,0,1,14139.075667,26700,23200,21200,t
155,TR0158,CABEZOTE 120 - 3 PISTONES 1 SALIDA,0,,0,1,,0,1,3025210,4829300,4658800,4551700,t
156,TR0221,COMPRESOR DE AIRE MASSO 2.5HP 25LTS REF:71365,0,,0,1,,0,1,387184.85,596300,575900,563100,t
157,TR0246,DINAMO 10KW MONOFASICO (SURT) REF: ST-10KW,0,,0,1,,0,1,2622475.916667,3900000,3800000,3700000,t
158,TR0273,"ELECTROBOMBA BARNES SUMERGIBLE 1.3HP DESCARGA 1"" ALT MAX 40MTS REF: E0890",0,,0,1,,0,1,424994.283738,687200,670500,624800,t
159,TR0274,ELECTROBOMBA CARA 1HP REF: 1A0079,0,,0,1,,0,1,673756,1175900,1037600,979900,t
160,TR0275,ELECTROBOMBA PERIFERICA BARNES 1 HP QB80 REF:E0326,0,,0,1,,0,1,268000,467700,438500,412700,t
161,TR0276,ELECTROBOMBA PERIFERICA BARNES 1/2 HP QB60 RFE: E0280,0,,0,1,,0,1,152135.142857,265500,258600,239900,t
162,TR0277,ELECTROFRENO MAGNETICO 3HP REF: SDZ1-15 (90),0,,0,1,,0,1,285491.6,679500,533900,491700,t
163,TR0352,GUADAÑA 2 TIEMPOS TBM-BC-2S427-CG2431B (2 PIEZAS) (BOSCO),0,,0,1,,0,1,688500,1048000,1012600,1001400,t
164,TR0361,HIDROLAVADORA 3WZ 4HP 220V REF: 3WZ-1522-3S4,0,,0,1,,0,1,2483352.9,3800000,3699900,3599900,t
165,TR0502,MOTOBOMBA GASOLINA ALTERMAN 2HP 1X1,0,,0,1,,0,1,296092,456000,445500,430600,t
166,TR0503,MOTOBOMBA GASOLINA KTC 7HP ALTA 2X2 HIERRO REF:429-GPP2020C-70,0,,0,1,,0,1,796617,1303500,1256400,1158600,t
167,TR0504,MOTOBOMBA GASOLINA WARRIOR BAJA 2X2 ALUMINIO REF: QGZ50-32 FP20,0,,0,1,,0,1,651000,1065200,1002500,946800,t
168,TR0506,MOTOR DIESEL 10HP ARVEK 3600 RPM REF:M10S186SDG,0,,0,1,,0,1,1150000,1813700,1771000,1710600,t
169,TR0507,MOTOR DIESEL 10HP POWER MASTER REF: MPMD186FA-R,0,,0,1,,0,1,1162964,1834100,1791000,1729900,t
170,TR0508,MOTOR DIESEL 24HP JIANG DONG REF:ZH1115ND,0,,0,1,,0,1,3918530,5699300,5515400,5399300,t
171,TR0509,MOTOR DIESEL 14HP ECOHORSE 36000RPM REF: KD192FP1-2,0,,0,1,,0,1,1831092,2223700,2199500,2130000,t
172,TR0510,MOTOR DIESEL 13HP KTC REF: 485-192FA-OBF,0,,0,1,,0,1,1277087,1966700,1921500,1857500,t
173,TR0511,MOTOR ELECT IE3 WEG HIERRO/ALUMINIO 3HP 3600 RPM TRIFASICO,0,,0,1,,0,1,1548739,2086500,2041100,1976700,t
174,TR0512,MOTOR ELECT IE3 WEG HIERRO 12HP 3600 RPM TRIFASICO,0,,0,1,,0,1,2699123,5664200,5481500,5255500,t
175,TR0513,MOTOR GASOLINA KTC 13HP 4T 3600 EJE CUÑA ROSCA REF: 463-GE130,0,,0,1,,0,1,738810,1137800,1099000,1074600,t
176,TR0514,MOTOR GASOLINA KTC 7HP 4T 3600    REF: 463-GE70,0,,0,1,,0,1,358334.333333,586300,551800,521200,t
177,TR0515,MOTOR GASOLINA TOYAMA 6.5HP ARRANQUE MANUAL - EJE MULTIUSO REF: TE65X,0,,0,1,,0,1,258000,422200,397300,375200,t
178,TR0516,MOTOSIERRA STIHL MS-382,0,,0,1,,0,1,1859355,3245200,3042400,2863400,t
179,TR0517,MOTOSIERRA STIHL MS-651,0,,0,1,,0,1,2773109,3390700,3178800,2991800,t
180,TR0532,PALA COLIMA REDONDA #4,0,,0,1,,0,1,15300,22100,21600,20800,t
181,TR0543,PICA HERRAGRO CON CABO 5LB,0,,0,1,,0,1,57806.058824,71300,67200,63400,t
182,TR0544,PICAPASTO PENAGOS PP300 AMG COM MOTOR GASOLINA 6.5HP,0,,0,1,,0,1,1780000,2053300,2008700,1945200,t
183,TR0554,PLANTA GASOLINA ARVEK 950 KW 2T,0,,0,1,,0,1,472269,679000,639100,610400,t
184,TR0555,PLANTA GASOLINA FORTE 6000KW REF:FG6000,0,,0,1,,0,1,2261000,3217000,3148600,3099100,t
185,TR0643,REP CABEZOTE 120 - JUEGO ANILLOS,0,,0,1,,0,1,60717.111436,120800,104700,100700,t
186,TR0644,REP CABEZOTE 120 - BIELAS,0,,0,1,,0,1,64800,141400,130500,119500,t
187,TR0645,REP CABEZOTE 120 - CODO,0,,0,1,,0,1,21315,46500,42900,39900,t
188,TR0646,REP CABEZOTE 120 - DESFOGUES 1/2,0,,0,1,,0,1,13134,35700,32700,30200,t
189,TR0647,REP CABEZOTE 120 - DESFOGUES 3/8 ROJO,0,,0,1,,0,1,5000,13100,11900,10900,t
190,TR0648,REP CABEZOTE 120 - FILTRO DE AIRE METALICO,0,,0,1,,0,1,45000,90600,84200,80700,t
191,TR0649,REP CABEZOTE 120 - JUEGO DE CASQUETES,0,,0,1,,0,1,35000,61100,57300,53300,t
192,TR0650,REP CABEZOTE 120 - LAINA REDONDA,0,,0,1,,0,1,24950.478469,45500,42500,40400,t
193,TR0651,REP CABEZOTE 120 - ORING TAPA CULATA,0,,0,1,,0,1,15000,26200,24500,23100,t
194,TR0652,REP CABEZOTE 120 - TAPON VALVULA,0,,0,1,,0,1,111408,169600,165700,162000,t
195,TR0653,REP CABEZOTE 120 - PISTON,0,,0,1,,0,1,90550.071429,147300,138600,135400,t
196,TR0654,REP CABEZOTE 120 - RESORTE GRANDE,0,,0,1,,0,1,14819.666667,22800,22000,21600,t
197,TR0655,REP CABEZOTE 120 - RESORTE PEQUEÑO,0,,0,1,,0,1,5000,11900,10900,10100,t
198,TR0656,REP CABEZOTE 120 - TAPON GRANDE,0,,0,1,,0,1,9639,16800,15800,15000,t
199,TR0657,"REP CABEZOTE 120 - TUBO 1 SALIDA 1""",0,,0,1,,0,1,48655.759241,98200,84200,80700,t
200,TR0658,REP CABEZOTE 120 - VALVULA DE ADMISION,0,,0,1,,0,1,93428.142857,199700,161400,151000,t
201,TR0659,REP CABEZOTE 120 - VALVULA DE SUCCION,0,,0,1,,0,1,105042,199700,161400,151000,t
202,TR0660,REP CABEZOTE 120 - VISORES OVALADOS,0,,0,1,,0,1,20531.25,33100,31200,30100,t
203,TR0661,REP CABEZOTE 120 - VISORES REDONDOS,0,,0,1,,0,1,16200,30300,28300,27200,t
204,TR0662,REP CABEZOTE 120 - VOLANTE/VENTILADOR GRANDE 3120,0,,0,1,,0,1,200000,349100,308000,300900,t
205,TR0663,REP DESEMBOMBADOR TOKU TCD-20 #03 PISTON,0,,0,1,,0,1,139000,242600,227400,202200,t
206,TR0664,REP DESEMBOMBADOR TOKU TCD-20 #08 VALVE CHEST DOWEL PIN,0,,0,1,,0,1,9775.75,16600,15500,14700,t
207,TR0665,REP DESEMBOMBADOR TOKU TCD-20 #13 POLYUREHTANE RUBBER BALL 9/16,0,,0,1,,0,1,21000,35200,33900,32300,t
208,TR0666,REP DESEMBOMBADOR TOKU TCD-20 #17 TRIGGER,0,,0,1,,0,1,81205.75,115000,110900,108300,t
209,TR0667,REP DESEMBOMBADOR TOKU TCD-20 #20 GD PLUG (NPTF 1/2),0,,0,1,,0,1,7634.285714,13100,12300,11600,t
210,TR0668,REP DESEMBOMBADOR TOKU TCD-20 #32 STEEL RETAINER BOLT BUSHINIG,0,,0,1,,0,1,26000,42500,40000,38200,t
211,TR0669,REP DESEMBOMBADOR TOKU TCD-20 #33 STEEL RETAINER PLUNGER,0,,0,1,,0,1,12500,21800,20500,19200,t
212,TR0670,REP DINAMO - PORTA ESCOBILLAS X PAR,0,,0,1,,0,1,16493.628852,30600,28700,28100,t
213,TR0672,REP ESTACIONARIA - ACOPLE BORRACHO,0,,0,1,,0,1,5446,10200,9500,9100,t
214,TR0673,REP ESTACIONARIA - CAMARA DE AIRE 22 BRANDFOR,0,,0,1,,0,1,12252,21400,20000,19100,t
215,TR0674,REP ESTACIONARIA - CAMARA DE AIRE 30 BRANDFOR,0,,0,1,,0,1,13614,23800,22300,21000,t
216,TR0675,REP ESTACIONARIA - GRASERA BRANDFOR,0,,0,1,,0,1,1930.448889,4200,3900,3500,t
217,TR0677,REP ESTACIONARIA - KIT EMPAQUES Y RETENEDORES 22 COMPLETO BRANDFOR (29 PIEZAS),0,,0,1,,0,1,7802.5,13500,12500,11500,t
218,TR0678,REP ESTACIONARIA - KIT EMPAQUES Y RETENEDORES 30 COMPLETO BRANDFOR (29 PIEZAS),0,,0,1,,0,1,9842.125,16000,15000,14000,t
219,TR0679,REP ESTACIONARIA - LLAVE DE PRESION COMPLETA 22/30 BRANDFOR,0,,0,1,,0,1,20335,35000,32000,30000,t
220,TR0680,REP ESTACIONARIA - MANGUERA SUCCION SOLA BRANDFOR,0,,0,1,,0,1,21060,35000,32000,30000,t
221,TR0681,REP ESTACIONARIA - MANOMETRO BRANDFOR,0,,0,1,,0,1,8168,15000,14000,13000,t
222,TR0682,REP ESTACIONARIA - MIRILLA O MEDIDOR DE ACEITE 22/30 BRANDFOR,0,,0,1,,0,1,1362,3000,2700,2300,t
223,TR0683,REP ESTACIONARIA - PISTON 22 X 109MM BRANDFOR,0,,0,1,,0,1,6480,12000,11000,10000,t
224,TR0684,REP ESTACIONARIA - PLATINA SOPORTE DE BOMBA,0,,0,1,,0,1,8168,15000,13500,12500,t
225,TR0685,REP ESTACIONARIA - POLEA ALUMINIO 19MM DOBLE CANAL TIPO A BRANDFOR,0,,0,1,,0,1,9530,17000,15000,14000,t
226,TR0686,REP ESTACIONARIA - UNION MANGUERA GRANDE BRANDFOR,0,,0,1,,0,1,6480,12000,11000,10000,t
227,TR0687,REP ESTACIONARIA - UNION MANGUERA PEQUEÑO BRANDFOR,0,,0,1,,0,1,2727.864286,5000,4500,4000,t
228,TR0688,REP ESTACIONARIA - UNION MARIPOSA BRANDFOR,0,,0,1,,0,1,3277.31,6000,5500,4800,t
229,TR0689,REP ESTACIONARIA - VALVULA 22 BRANDFOR,0,,0,1,,0,1,3059,6000,5500,4800,t
230,TR0690,REP ESTACIONARIA - VALVULA 30 BRANDFOR,0,,0,1,,0,1,2606.714286,6000,5500,4800,t
231,TR0691,REP ESTACIONARIA/MOTOR - LLAVE MACHO-MACHO BRANDFOR,0,,0,1,,0,1,7383,13000,12000,11000,t
232,TR0692,REP FUMIGADORA  - PITA ARRANQUE 3MM BRANDFOR,0,,0,1,,0,1,238,600,500,350,t
233,TR0693,REP FUMIGADORA - BOMBIN,0,,0,1,,0,1,3455,6500,6000,5500,t
234,TR0694,REP FUMIGADORA COAGRO - BALIN,0,,0,1,,0,1,9720,16000,15000,14000,t
235,TR0695,REP FUMIGADORA COAGRO - EMPAQUE COMPLETO BOMBA BRANDFOR,0,,0,1,,0,1,4764,9500,8500,7500,t
236,TR0696,REP FUMIGADORA COAGRO - JUEGO DE ANILLOS BRANDFOR,0,,0,1,,0,1,4764,9500,8500,7500,t
237,TR0697,REP FUMIGADORA COAGRO - KIT CARBURADOR TU26 BRANDFOR,0,,0,1,,0,1,8168,14000,13000,12000,t
238,TR0698,REP FUMIGADORA COAGRO - KIT EMPAQUETADURA MOTOR 768 BRANDFOR,0,,0,1,,0,1,2382,14000,13000,12000,t
239,TR0699,REP FUMIGADORA COAGRO - LLAVE MACHO-HEMBRA BRANFOR,0,,0,1,,0,1,3790.666667,14000,13000,12000,t
240,TR0700,REP FUMIGADORA COAGRO - MANGO FUMIGACION BRANDFOR,0,,0,1,,0,1,5446,9000,8500,8000,t
241,TR0701,REP FUMIGADORA COAGRO - ARRANQUE COMPLETO BRANDFOR,0,,0,1,,0,1,4084,7000,6500,6000,t
242,TR0702,REP FUMIGADORA COAGRO - TAPA TANQUE (GRANDE) BRANDFOR,0,,0,1,,0,1,5446,10000,9000,8000,t
243,TR0703,REP FUMIGADORA COAGRO - TAPA TANQUE (PEQ) BRANDFOR,0,,0,1,,0,1,1021,2500,2000,1600,t
244,TR0704,REP FUMIGADORA COAGRO - VALVULA COMPLETA BRANDFOR,0,,0,1,,0,1,7677.590909,15000,13500,12500,t
245,TR0705,REP FUMIGADORA COAGRO - VARILLA FUMIGACION BRANDFOR,0,,0,1,,0,1,6806,14000,12000,10000,t
246,TR0706,REP FUMIGADORA COAGRO/TU26 - SIMBRA YOYO BRANDFOR,0,,0,1,,0,1,3063,6000,5500,4600,t
247,TR0707,REP FUMIGADORA COAGRO/TU26 - TRINQUETE BRANDFOR,0,,0,1,,0,1,816,2500,2000,1500,t
248,TR0708,REP FUMIGADORA MOTOR - AMORTIGUADOR GRANDE 768/TU26 BRANDFOR,0,,0,1,,0,1,1569.375,3000,2700,2300,t
249,TR0709,REP FUMIGADORA MOTOR - AMORTIGUADOR PEQ 768/TU26 BRANDFOR,0,,0,1,,0,1,2265.217647,4000,3600,3300,t
250,TR0710,REP FUMIGADORA MOTOR - BRIDA 768 BRANDFOR,0,,0,1,,0,1,4084,8000,7000,6000,t
251,TR0711,REP FUMIGADORA MOTOR - CAMPANA 768 BRANDFOR,0,,0,1,,0,1,5446,10500,9500,8500,t
252,TR0712,REP FUMIGADORA MOTOR - CARBURADOR 768/TU26 BRANDFOR,0,,0,1,,0,1,136950.5,265000,255000,245000,t
253,TR0713,REP FUMIGADORA MOTOR - CILINDRO 768 BRANDFOR,0,,0,1,,0,1,37437,65000,60000,55000,t
254,TR0714,REP FUMIGADORA MOTOR - EMPAQUE DE LANZA 768 BRANDFOR,0,,0,1,,0,1,34,100,100,100,t
255,TR0715,REP FUMIGADORA MOTOR - EMPAQUE EN V 768 BRANDFOR,0,,0,1,,0,1,367,1000,500,600,t
256,TR0716,REP FUMIGADORA MOTOR - EMPAQUE LLAVE 768 BRANDFOR,0,,0,1,,0,1,34,100,100,100,t
257,TR0717,REP FUMIGADORA MOTOR - GUAYA ACELERACION TB26 REF: C230,0,,0,1,,0,1,1260.5,8300,2800,2400,t
258,TR0719,REP FUMIGADORA MOTOR - ZAPATAS O EMBRAGUE COMPLETO 768 BRANDFOR,0,,0,1,,0,1,10210,17000,16000,15000,t
259,TR0720,REP FUMIGADORA MOTOR-ESTACIONARIA - LANZA CURVA 60CM BRANDFOR,0,,0,1,,0,1,28977,47000,45000,43000,t
260,TR0721,REP FUMIGADORA MOTOR-ESTACIONARIA - LANZA RECTA 35CM,0,,0,1,,0,1,8678,15000,14000,13000,t
261,TR0722,REP FUMIGADORA MOTOR-ESTACIONARIA - LANZA RECTA 60CM BRANDFOR,0,,0,1,,0,1,11340,20000,19000,17000,t
262,TR0723,REP FUMIGADORA ROYAL CONDOR - ABRAZADERA CREMALLERA X2 UND REF:CLA-ALI-ACT-INT RC-804X2,0,,0,1,,0,1,1230,3000,2500,2200,t
263,TR0724,REP FUMIGADORA ROYAL CONDOR - BOQUILLA EN BRONCE 1000CC REF:CLA-ALI-ACT-INT RC-350A151X,0,,0,1,,0,1,5084,9500,8500,7500,t
264,TR0925,REP MOTOR 10  - BOQUILLA INYECTOR 2T 186F MD211 MD296,0,,0,1,,0,1,57830,95000,90000,84000,t
265,TR0725,REP FUMIGADORA ROYAL CONDOR - BOQUILLA EN BRONCE 300CC REF:CLA-ALI-ACT-INT RC-350B101X,0,,0,1,,0,1,5084,9500,8500,7500,t
266,TR0726,REP FUMIGADORA ROYAL CONDOR - BOQUILLA EN BRONCE 600CC REF:CLA-ALI-ACT-INT RC-355EX,0,,0,1,,0,1,11660,19500,18500,17500,t
267,TR0727,REP FUMIGADORA ROYAL CONDOR - BOQUILLA EN BRONCE 700CC REF:CLA-ALI-ACT-INT,0,,0,1,,0,1,3760,7500,6500,5500,t
268,TR0728,REP FUMIGADORA ROYAL CONDOR - BOQUILLA ENSAMBLADA 4 CHORROS 1200CC REF:CLA-ALI-ACT-INT TABQL-4C-120M,0,,0,1,,0,1,12290,20000,19000,18000,t
269,TR0729,REP FUMIGADORA ROYAL CONDOR - BOQUILLA GRADUACION MEDIO VOLUMEN REF:CLA-ALI-ACT-INT TAS-02-6,0,,0,1,,0,1,59762,87000,85000,82000,t
270,TR0730,REP FUMIGADORA ROYAL CONDOR - CAMARA REF:CLA-ALI-ACT-INT RC-501EX,0,,0,1,,0,1,11962,22000,20000,18000,t
271,TR0731,REP FUMIGADORA ROYAL CONDOR - CHASIS PLASTICO REF:CLA-ALI-ACT-INT RC-K20PX,0,,0,1,,0,1,37958,65000,60000,55000,t
272,TR0732,REP FUMIGADORA ROYAL CONDOR - CORREA ACOLCHADA CURVA SEPARADA REF: RC-700EA1/4 CRV,0,,0,1,,0,1,20192,34000,32000,30000,t
273,TR0733,REP FUMIGADORA ROYAL CONDOR - EMPAQUE DE LANZA REF:CLA-ALI-ACT-INT,0,,0,1,,0,1,998,2500,2200,1800,t
274,TR0734,REP FUMIGADORA ROYAL CONDOR - EMPAQUE RECIPIENTE REF:CLA-ALI-ACT-INT RC-203X,0,,0,1,,0,1,930,2500,2000,1800,t
275,TR0735,REP FUMIGADORA ROYAL CONDOR - ESFERA X2 REF:CLA-ALI-ACT-INT RC-103BX,0,,0,1,,0,1,4005,8000,7000,6000,t
276,TR0736,REP FUMIGADORA ROYAL CONDOR - FILTRO LLAVE DE PASO REF:CLA-ALI-ACT-INTRC-933 X,0,,0,1,,0,1,4545,9000,8500,7500,t
277,TR0737,REP FUMIGADORA ROYAL CONDOR - KIT EMPAQUES REF:CLA-ALI-ACT-INT RC-K2K,0,,0,1,,0,1,3414.823529,6000,5600,5300,t
278,TR0738,REP FUMIGADORA ROYAL CONDOR - KIT LLAVE DE PASO REF:CLA-ALI-ACT-INT RC-K6K,0,,0,1,,0,1,5366,10000,9000,8000,t
279,TR0739,REP FUMIGADORA ROYAL CONDOR - LANZA METALICA 50CM REF:CLA-ALI RC-346EX,0,,0,1,,0,1,17917,30000,28000,26000,t
280,TR0740,REP FUMIGADORA ROYAL CONDOR - LLAVE DE PASO REF:CLA-ALI-ACT-INT RC-920ENX,0,,0,1,,0,1,16069,28000,25000,23000,t
281,TR0741,REP FUMIGADORA ROYAL CONDOR - MANGUERA DE CONEXIÓN REF:CLA-ALI-ACT-INT,0,,0,1,,0,1,1032,2500,2000,1700,t
282,TR0742,REP FUMIGADORA ROYAL CONDOR - MANGUERA REF:CLA-ALI-ACT-INT RC-121X,0,,0,1,,0,1,4100,8000,7000,6000,t
283,TR0743,REP FUMIGADORA ROYAL CONDOR - PALANCA MANGO NEGRO REF:CLA-ALI-ACT-INT RC-809ENX,0,,0,1,,0,1,10830,18000,17000,16000,t
284,TR0744,REP FUMIGADORA ROYAL CONDOR - PORTABOQUILLA REF:CLA-ALI-ACT-INT RC-830EX,0,,0,1,,0,1,2832,5000,4600,4200,t
285,TR0745,REP FUMIGADORA ROYAL CONDOR - RACOR DE LA BOMBA REF:CLA-ALI-ACT-INT RC-122EX,0,,0,1,,0,1,4513,8000,7000,6500,t
286,TR0746,REP FUMIGADORA ROYAL CONDOR - RACOR METALICO CHASIS PLASTICO TUBULAR REF:CLA-ALI-ACT-INT RC-125EX,0,,0,1,,0,1,3347,6000,5500,5000,t
287,TR0747,REP FUMIGADORA ROYAL CONDOR - TANQUE 20 LTS REF:CLASICA,0,,0,1,,0,1,26972,50000,45000,40000,t
288,TR0748,REP FUMIGADORA ROYAL CONDOR - TAPA EMBOLO REF:CLA-ALI-ACT-INT,0,,0,1,,0,1,1438,3500,3000,2500,t
289,TR0749,REP FUMIGADORA ROYAL CONDOR - TAPA FUMIGADORA REF:CLA RM-202X02,0,,0,1,,0,1,8456,15000,11100,12500,t
290,TR0750,REP FUMIGADORA ROYAL CONDOR - TAPA FUMIGADORA REF:CLA-ALI-ACT-INT RC-202DEX,0,,0,1,,0,1,8456,15000,13500,12500,t
291,TR0751,"REP FUMIGADORA ROYAL CONDOR - TORNILLO, EMPAQUE Y REFUERZO REF:CLA-ALI-ACT-INT RC-811/406X",0,,0,1,,0,1,1732,3500,3000,2600,t
292,TR0752,REP FUMIGADORA ROYAL CONDOR - TUBO BOMBA METALICO REF:CLA-ALI-ACT-INT RC-105X,0,,0,1,,0,1,21167,35000,33000,31000,t
293,TR0753,REP FUMIGADORA ROYAL CONDOR - TUBO SALIDA CAMARA CON MARIPOSA REF:CLA-ALI-ACT-INT RC-302EX,0,,0,1,,0,1,6148,12000,11000,10000,t
294,TR0754,REP FUMIGADORA ROYAL CONDOR - TUBO SALIDA REF:CLA-ALI-ACT-INT RC-120X,0,,0,1,,0,1,4627,8000,7200,6800,t
295,TR0755,REP FUMIGADORA ROYAL CONDOR - TUERCA MARIPOSA BOMBA REF:CLA-ALI-ACT-INT RC-123X,0,,0,1,,0,1,3654,7000,6500,5500,t
296,TR0756,REP FUMIGADORA ROYAL CONDOR - TUERCA MARIPOSA METALICA REF:CLA-ALI-ACT-INT RC-303X,0,,0,1,,0,1,2981,6000,5200,4800,t
297,TR0757,REP FUMIGADORA ROYAL CONDOR - TUERCA TORNILLO REF:CLA-ALI-ACT-INT RC-805/816X,0,,0,1,,0,1,746,2000,1500,1200,t
298,TR0758,"REP FUMIGADORA ROYAL CONDOR - TUERCA, TORNILLO Y ARANDELA REF:CLA-ALI-ACT-INT RC-RC-806/805/820X",0,,0,1,,0,1,866,2000,1500,1200,t
299,TR0759,REP FUMIGADORA ROYAL CONDOR - VARILLA EMBOLO REF:CLA-ALI-ACT-INT RC-404EX,0,,0,1,,0,1,13038.8,29600,27000,25000,t
300,TR0760,REP FUMIGADORA ROYAL CONDOR - VASTAGO ENSAMBLADO METALICO LLAVE DE PASO REF:CLA-ALI-ACT-INT RC-923MEX,0,,0,1,,0,1,5798,10500,9500,8500,t
301,TR0761,REP FUMIGADORA STIHL - RODAMIENTO O BALINERA 6202 SR-420 BRANDFOR,0,,0,1,,0,1,14974,25000,23000,22000,t
302,TR0762,REP GUADAÑA - ARNES BRANDFOR,0,,0,1,,0,1,18630,30000,28000,27000,t
303,TR0763,REP GUADAÑA SHINDAIWA - RODAMIENTO O BALINERA 6201,0,,0,1,,0,1,2521.01,4500,4000,3500,t
304,TR0765,"REP GUADAÑA ESTANDAR - PITA ARRANQUE 3,5MM",0,,0,1,,0,1,448.3825,900,800,700,t
305,TR0766,REP GUADAÑA HUSQVARNA - BOMBIN CARBURADOR TL43/MAR420/143RII BRANFOR,0,,0,1,,0,1,997.036842,2000,1800,1500,t
306,TR0767,REP GUADAÑA HUSQVARNA - CILINDRO COMPLETO 143RII BRANDFOR,0,,0,1,,0,1,54454,92000,80000,78000,t
307,TR0768,REP GUADAÑA HUSQVARNA - GUAYA DE ACELERACION 143RII BRANDFOR,0,,0,1,,0,1,7488,13000,12000,11000,t
308,TR0769,REP GUADAÑA HUSQ 143RII/236R JUEGO RETEDOR - BRANFOR,0,,0,1,,0,1,3063,5500,5000,4500,t
309,TR0770,REP GUADAÑA HUSQVARNA - KIT PISTON 143RII BRANDFOR,0,,0,1,,0,1,13614,25000,22000,20000,t
310,TR0771,REP GUADAÑA HUSQVARNA - TUERCA CUCHILLA 12MM BRANDFOR,0,,0,1,,0,1,1362,3000,2500,2000,t
311,TR0772,REP GUADAÑA HUSQVARNA - ZAPATAS COMPLETAS 143RII BRANDFOR,0,,0,1,,0,1,14974,26000,24000,22000,t
312,TR0919,REP COLUMNA YT28 KIT  EMPAQUE FT160BC,0,,0,1,,0,1,16395.252164,50000,40000,30000,t
313,TR0920,REP MOTOR  10 - PERILLA ACELERACION 186,0,,0,1,,0,1,3279.102564,7200,6300,5400,t
314,TR0921,REP MOTOR - LLAVE DE SALIDA TANQUE 170F-178F-186F-186FA-192F,0,,0,1,,0,1,9113,15500,14500,13500,t
315,TR0922,REP MOTOR - TAPA TANQUE COMBUSTIBLE 170F-178F-186-F-186FA-192F,0,,0,1,,0,1,6607.25,15000,12000,10000,t
316,TR0923,REP MOTOR 10  - ARRANQUE COMPLETO MD418-456-498,0,,0,1,,0,1,62856,100000,95000,90000,t
317,TR0924,REP MOTOR 10 -  ESPACIADOR INYECTOR KM186,0,,0,1,,0,1,5358.461538,9000,8500,8000,t
318,TR0926,REP MOTOR 10  - BOQUILLA INYECTOR 3T MD418,0,,0,1,,0,1,58375,95000,90000,84000,t
319,TR0927,REP MOTOR 10  - TANQUE COMBUSTIBLE COMPLETO,0,,0,1,,0,1,56120,90000,85000,79000,t
320,TR0928,REP MOTOR 10 #46 CIGÜEÑAL ROSCA-CUÑA 42MM 186F,0,,0,1,,0,1,141869.754286,220000,210000,195000,t
321,TR0929,REP MOTOR 10 - ELEMENTO FILTRO AIRE (MD418-456-498-KM186),0,,0,1,,0,1,10755,20300,18200,16200,t
322,TR0930,REP MOTOR 10 - EMPAQUE TAPA VALVULA T3 REF: 0084,0,,0,1,,0,1,1482.105263,3500,3000,2500,t
323,TR0931,REP MOTOR 10 - TORNILLO TAPA VALVULA,0,,0,1,,0,1,729,2000,1600,1300,t
324,TR0932,REP MOTOR 10 # FILTRO AIRE CON CARCAZA MD418,0,,0,1,,0,1,61491.428571,105000,100000,95000,t
325,TR0933,REP MOTOR 10 #01 KIT EMPAQUETADURA COMPLETA MD418,0,,0,1,,0,1,20770,39400,33700,31500,t
326,TR0934,REP MOTOR 10 #02 RODAMIENTO AGUJAS CANASTILLA 7941-8,0,,0,1,,0,1,2995,5500,5000,4500,t
327,TR0935,REP MOTOR 10 #04 RETENEDOR ACEITE 35X50X8,0,,0,1,,0,1,6310.967742,10000,9500,9000,t
328,TR0936,REP MOTOR 10 #05 PERNO BALANCIN,0,,0,1,,0,1,2790,5000,4500,4000,t
329,TR0937,REP MOTOR 10 #06 AMORTIGUADOR TANQUE,0,,0,1,,0,1,1381.569893,3400,1900,2300,t
330,TR0938,REP MOTOR 10 #09 RETENEDOR ACEITE GOBERNADOR,0,,0,1,,0,1,3006,4500,4000,3800,t
331,TR0939,REP MOTOR 10 #13 ECONOMIZADOR MD418-MD456-MD498,0,,0,1,,0,1,3033.333333,6500,6000,5500,t
332,TR0940,REP MOTOR 10 #17 BIELA MD418,0,,0,1,,0,1,49325.541883,90000,81000,76500,t
333,TR0941,REP MOTOR 10 #21 BOMBA INYECCION REF:0144,0,,0,1,,0,1,74859.309265,125000,120000,110000,t
334,TR0942,REP MOTOR 10 #22 INYECTOR COMPLETO 2T,0,,0,1,,0,1,101440,210000,200000,190000,t
335,TR0943,REP MOTOR 10 #26 PISTON 3T,0,,0,1,,0,1,47883.107607,80000,76000,72000,t
336,TR0944,REP MOTOR 10 #27 TUBO COMBUSTIBLE MD418,0,,0,1,,0,1,13412.045723,31500,27000,22500,t
337,TR0945,REP MOTOR 10 #28 INYECTOR COMPLETO 3T,0,,0,1,,0,1,85605.714286,160000,155000,150000,t
338,TR0946,REP MOTOR 10 #31 BUJE CIGUEÑAL REF: 01014,0,,0,1,,0,1,6557.398374,11700,10800,9900,t
339,TR0947,REP MOTOR 10 #32 KIT ANILLOS PISTON STANDAR MD418,0,,0,1,,0,1,15595.448983,33800,28100,24200,t
340,TR0948,REP MOTOR 10 #33 MOFLES KM186-MD418-MD456,0,,0,1,,0,1,70360,110000,105000,100000,t
341,TR0949,REP MOTOR 10 #35 ORING BLOQUE KM186,0,,0,1,,0,1,3455.609756,6000,5500,5000,t
342,TR0950,REP MOTOR 10 #36 CULATA,0,,0,1,,0,1,83790,140000,130000,125000,t
343,TR0951,REP MOTOR 10 #39 CULATA 3T,0,,0,1,,0,1,119633.25,230000,220000,210000,t
344,TR0952,REP MOTOR 10 #40 FILTRO ACEITE REF: 09200,0,,0,1,,0,1,2081.714286,4500,4000,3500,t
345,TR0953,REP MOTOR 10 #45 EMPAQUE CULATA (BRONCE),0,,0,1,,0,1,2782.769231,5500,5000,4500,t
346,TR0955,REP MOTOR 10 #48 CILINDRO BLOQUE 186,0,,0,1,,0,1,395550,600000,580000,565000,t
347,TR0956,REP MOTOR 10 TAPA CARTER,0,,0,1,,0,1,120000,250000,230000,215000,t
348,TR0957,REP MOTOR 10 #50 LAMINILLA AJUSTE BOMBA,0,,0,1,,0,1,1225,2700,2200,2000,t
349,TR0958,REP MOTOR 10 #51 AJUSTADOR (ROTADOR) DE VALVULA,0,,0,1,,0,1,748,2000,1700,1500,t
350,TR0959,REP MOTOR 10 #53 PASADOR PISTON,0,,0,1,,0,1,6440,14000,13000,12100,t
351,TR0960,REP MOTOR 10 #55 TUERCA PERNO BALACIN,0,,0,1,,0,1,1294,2400,2200,2000,t
352,TR0961,REP MOTOR 10 #56 BUJE ARBOL DE LEVAS,0,,0,1,,0,1,3760,8000,7500,7100,t
353,TR0962,REP MOTOR 10 #60 CUÑA VALVULA X UND,0,,0,1,,0,1,1053.007452,2700,2300,2000,t
354,TR0963,REP MOTOR 10 #63 SOPORTE Y BALANCIN,0,,0,1,,0,1,19388,45600,43400,41400,t
355,TR0964,REP MOTOR 10 #67 RESORTE TAPA VALVULA REF: 03004,0,,0,1,,0,1,1014.117647,2300,2100,2000,t
356,TR0965,REP MOTOR 10 #68 LEVA DESCOMPRESION KM,0,,0,1,,0,1,3284.642857,6100,5500,5000,t
357,TR0966,REP MOTOR 10 #76 EMPAQUE MOFLE,0,,0,1,,0,1,2919.945652,4500,4200,3900,t
358,TR0967,REP MOTOR 10 #77 CHAVETA PISTON,0,,0,1,,0,1,476,1000,900,800,t
359,TR0968,REP MOTOR 10 #79 VARILLA IMPULSADORA VALVULA,0,,0,1,,0,1,4424,7200,6800,6400,t
360,TR0969,"REP MOTOR 10 #81 JUEGO ANILLOS 0,50 BRANDFOR",0,,0,1,,0,1,14288,24900,22800,21700,t
361,TR0971,REP MOTOR 10 SOPORTE INFERIOR TANQUE,0,,0,1,,0,1,8214,15400,13100,12600,t
362,TR0972,REP MOTOR 10 SOPORTE SUPERIOR TANQUE,0,,0,1,,0,1,4050,7100,6500,6100,t
363,TR0973,REP MOTOR 10HP - ASIENTO RETENEDOR VALVULA 186,0,,0,1,,0,1,640,1700,1600,1500,t
364,TR0976,REP MOTOR 10HP #74 ARBOL DE LEVAS 186F,0,,0,1,,0,1,43542,69500,67100,65500,t
365,TR0977,REP MOTOR DIESEL 14HP - TUBO INYECCION 192,0,,0,1,,0,1,14705.35861,25000,22600,22100,t
366,TR0978,REP MOTOR DIESEL 18HP - ANILLOS 198,0,,0,1,,0,1,21858.3125,34500,33700,32500,t
367,TR0979,REP MOTOR 18HP - CIGÜEÑAL,0,,0,1,,0,1,173988,277700,267900,261800,t
368,TR0980,REP MOTOR 18HP - EMPAQUE CULATA,0,,0,1,,0,1,4941,8600,8100,7600,t
369,TR0981,REP MOTOR 18HP - EMPAQUE TAPA VALVULA,0,,0,1,,0,1,2025,3500,3400,3200,t
370,TR0982,REP MOTOR 18HP - EMPAQUETADURA COMPLETA 198F,0,,0,1,,0,1,20020,32800,31600,30800,t
371,TR0983,REP MOTOR 18HP - INYECTOR REF:198F,0,,0,1,,0,1,122671,191200,184600,180400,t
372,TR0984,REP MOTOR 18HP - PISTON + PIN REF:198F,0,,0,1,,0,1,46899,81900,78700,75800,t
373,TR0985,REP MOTOR 18HP - TUBO INYECCION,0,,0,1,,0,1,11502,21500,19300,18400,t
374,TR0986,REP MOTOR 5.5HP - 7HP - ELEMENTO FILTRO AIRE KM170/178,0,,0,1,,0,1,6399,11200,10900,10200,t
375,TR0987,REP MOTOR 7HP - BOMBA INYECCION KM178,0,,0,1,,0,1,87189,139200,134300,131200,t
376,TR0988,REP MOTOR DIESEL 5.5HP/6.5HP - FILTRO AIRE,0,,0,1,,0,1,16200,26500,24900,24100,t
377,TR0989,REP MOTOR DIESEL 14HP -  ECONOMIZADOR 192F,0,,0,1,,0,1,3696,6900,6500,6000,t
378,TR0990,REP MOTOR DIESEL 14HP - ARBOL DE LEVAS 192F,0,,0,1,,0,1,33466.5,60600,57000,55100,t
379,TR0991,"REP MOTOR DIESEL 14HP - ARRANQUE RETRACTIL, CJTO (186F-186FA-192F)",0,,0,1,,0,1,41472,67900,63900,62400,t
380,TR0992,REP MOTOR DIESEL 14HP - ASIENTO RETENCION VALVULA 192F,0,,0,1,,0,1,2793,4900,4600,4500,t
381,TR0993,REP MOTOR DIESEL 14HP - BALANCIN 192F,0,,0,1,,0,1,23652,38700,36400,35200,t
382,TR0994,REP MOTOR DIESEL 14HP - BIELA STD 192F,0,,0,1,,0,1,49361.75,78800,76000,73400,t
383,TR0995,REP MOTOR DIESEL 14HP - BUJE TAPA CARTER 192F,0,,0,1,,0,1,7650,13900,13100,12300,t
384,TR0996,REP MOTOR DIESEL 14HP - CASQUETE BIELA STD 192F,0,,0,1,,0,1,13335,24900,21800,21300,t
385,TR0997,REP MOTOR DIESEL 14HP - CIGUEÑAL ROSCA-CUÑA 192F,0,,0,1,,0,1,195363,319700,300900,290600,t
386,TR0998,REP MOTOR DIESEL 14HP - CONO RETENCION VALVULA 192F,0,,0,1,,0,1,1458,2900,2700,2500,t
387,TR0999,REP MOTOR DIESEL 14HP - CUERDA ARRANQUE (186F-186FA-192F),0,,0,1,,0,1,3645,6800,6400,6000,t
388,TR1000,REP MOTOR DIESEL 14HP - CUÑA PIÑONES CIGUEÑAL 192F,0,,0,1,,0,1,1813,3400,3000,2800,t
389,TR1001,REP MOTOR DIESEL 14HP - CUÑA SINCROBALANCE 5X7MM 192F,0,,0,1,,0,1,1780.727273,3500,3000,2800,t
390,TR1002,REP MOTOR DIESEL 14HP - CUÑA VOLANTE (170F-178F-186F-186FA-192F),0,,0,1,,0,1,1762.285714,4000,3000,2700,t
391,TR1003,REP MOTOR DIESEL 14HP - EJE DESCOMPRESOR (170F-178F-186F-186FA-192F),0,,0,1,,0,1,3119,6000,5500,5000,t
392,TR1004,REP MOTOR DIESEL 14HP - ELEMENTO FILTRO ACEITE (170F-178F-186F-186FA-192F),0,,0,1,,0,1,2268,5500,4500,3500,t
393,TR1005,REP MOTOR DIESEL 14HP - ELEMENTO FILTRO AIRE (186F-186FA-192F),0,,0,1,,0,1,8627,15000,14000,13000,t
394,TR1006,REP MOTOR DIESEL 14HP - ELEMENTO FILTRO COMBUSTIBLE 192F,0,,0,1,,0,1,5792,11000,10000,9000,t
395,TR1008,REP MOTOR DIESEL 14HP - EMPAQUE CULATA 192F,0,,0,1,,0,1,3696,5800,5400,5200,t
396,TR1009,REP MOTOR DIESEL 14HP - EMPAQUE FILTRO AIRE (186F-186FA-192F),0,,0,1,,0,1,1458,6500,6000,5500,t
397,TR1010,REP MOTOR DIESEL 14HP - INYECTOR 192F,0,,0,1,,0,1,128068,200000,195000,190000,t
398,TR1011,REP MOTOR DIESEL 14HP - JUEGO ANILLOS STD 192F,0,,0,1,,0,1,19459.984224,32000,30000,29000,t
399,TR1012,REP MOTOR DIESEL 14HP - KIT PISTION STD 192F,0,,0,1,,0,1,77831.5,130000,125000,117000,t
400,TR1013,REP MOTOR DIESEL 14HP - MANGO ARRANQUE (186F-186FA-192F),0,,0,1,,0,1,4698,9000,8000,7000,t
401,TR1014,REP MOTOR DIESEL 14HP - PASADOR PISTION 192F,0,,0,1,,0,1,6159,12000,11000,10000,t
402,TR1015,REP MOTOR DIESEL 14HP - PERILLA ACELERACION 192F,0,,0,1,,0,1,5508,10500,9500,8500,t
403,TR1016,REP MOTOR DIESEL 14HP - PIN PASADOR PISTON 192F,0,,0,1,,0,1,1724.25,4000,3500,3000,t
404,TR1017,REP MOTOR DIESEL 14HP - PIÑON ARBOL DE LEVAS 192F,0,,0,1,,0,1,56629,85000,80000,75000,t
405,TR1018,REP MOTOR DIESEL 14HP - PIÑON EJE SINCROBALANCE 192F,0,,0,1,,0,1,11826,20000,18000,16000,t
406,TR1019,REP MOTOR DIESEL 14HP - PIÑON ENLACE SINCROBALANCE 192F,0,,0,1,,0,1,10206,18000,17000,16000,t
407,TR1020,REP MOTOR DIESEL 14HP - PIÑON REGULADOR 192F,0,,0,1,,0,1,5103,11000,10500,10000,t
408,TR1021,REP MOTOR DIESEL 14HP - PISTON MD498E,0,,0,1,,0,1,54178.8,110000,105000,96000,t
409,TR1022,REP MOTOR DIESEL 14HP - PLATINA ACELERACION (170F-178F-186F-186FA-192F),0,,0,1,,0,1,5792,11000,10000,9000,t
410,TR1023,REP MOTOR DIESEL 14HP - RESORTE ARRANQUE (186F-186FA-192F),0,,0,1,,0,1,4819.5,9500,9000,8500,t
411,TR1025,REP MOTOR DIESEL 14HP - RESORTE DESCOMPRESADOR (170F-178F-186F-186FA-192F),0,,0,1,,0,1,1442,3000,2800,2500,t
412,TR1026,REP MOTOR DIESEL 14HP - RESORTE RETORNO #2  192F,0,,0,1,,0,1,1175,4000,3500,3000,t
413,TR1027,REP MOTOR DIESEL 14HP - RODAMIENTO AGUJAS  O CANASTILLA 192F,0,,0,1,,0,1,1890,4000,3500,3000,t
414,TR1028,REP MOTOR DIESEL 14HP - RODAMIENTO BOLAS CANASTILLA  192F,0,,0,1,,0,1,16929,30000,27000,25000,t
415,TR1029,REP MOTOR DIESEL 14HP - SINCROBALANCE 192F,0,,0,1,,0,1,23652,45000,42000,39000,t
416,TR1030,REP MOTOR DIESEL 14HP - TAPA CARTER 192F,0,,0,1,,0,1,142492,220000,216000,212000,t
417,TR1031,REP MOTOR DIESEL 14HP - TAPA VALVULA 192F,0,,0,1,,0,1,25753,45000,43000,40000,t
418,TR1032,REP MOTOR DIESEL 14HP - TRINQUETE ARRANQUE (170F-178F-186F-186FA-192F),0,,0,1,,0,1,6926,13000,12000,11000,t
419,TR1033,REP MOTOR DIESEL 14HP - VALVULA ADMISION 192F,0,,0,1,,0,1,9250.64,16000,15000,14000,t
420,TR1034,REP MOTOR DIESEL 14HP - VALVULA ESCAPE 192F,0,,0,1,,0,1,9991.63125,19000,18000,17000,t
421,TR1035,REP MOTOR FORTE - CARBURADOR GENERADOR DJ8000 / FG8000,0,,0,1,,0,1,126812,220000,215000,210000,t
422,TR1036,REP MOTOR FORTE - CARBURADOR GENERADOR FG6000,0,,0,1,,0,1,100800,175000,170000,165000,t
423,TR1037,REP MOTOR FORTE - ESCOBILLAS GENERADOR DJ2500/FG2500/FG6000/FG8000/FG10000,0,,0,1,,0,1,5873,12000,11000,10000,t
424,TR1038,REP MOTOR FORTE - JUEGO DE ANILLOS DELGADOS GM390/FG6000,0,,0,1,,0,1,12612,25000,23000,22000,t
425,TR1039,REP MOTOR FORTE - JUEGO DE ANILLOS DELGADOS MOTOR GM460/FG10000,0,,0,1,,0,1,18428,35000,33000,31000,t
426,TR1040,REP MOTOR FORTE - JUEGO DE ANILLOS GENERADOR FG1250,0,,0,1,,0,1,10935,22000,20000,19000,t
427,TR1041,REP MOTOR FORTE - JUEGO DE ANILLOS GENERADOR FG3500,0,,0,1,,0,1,12231,22000,20000,19000,t
428,TR1042,REP MOTOR FORTE - JUEGO DE ANILLOS GRUESOS GM160/200/FG2500/DJ50/DJ80,0,,0,1,,0,1,11900,20000,19000,18000,t
429,TR1043,REP MOTOR FORTE - JUEGO DE ANILLOS GRUESOS GM420/FG8000,0,,0,1,,0,1,12612,22000,20000,19000,t
430,TR1044,REP MOTOR FORTE - JUEGO DE EMPAQUE MOTOR GM200/FG2500/DJ50/DJ80,0,,0,1,,0,1,13041,25000,23000,20000,t
431,TR1045,REP MOTOR FORTE - PISTON ANILLOS DELGADOS MOTOR GM200/FG2500/DJ50/DJ80,0,,0,1,,0,1,28362.333333,50000,46000,43000,t
432,TR1046,REP MOTOR FORTE - PISTON ANILLOS DELGADOS MOTOR GM420/FG8000/WG6500DC-1,0,,0,1,,0,1,18900,32000,31000,29000,t
433,TR1047,REP MOTOR FORTE - PISTON ANILLOS DELGADOS MOTOR GM460/FG10000,0,,0,1,,0,1,25232,42000,41000,39000,t
434,TR1048,REP MOTOR FORTE - TAPA COMBUSTIBLE FG10000,0,,0,1,,0,1,16200,30000,27000,25000,t
435,TR1049,REP MOTOR FORTE - VOLTIMETRO TABLERO 0-300V GENERADOR FG2500/DJ2500/DJ6000,0,,0,1,,0,1,21344,37000,35000,32000,t
436,TR1050,REP MOTOR JIANG DONG 16HP - EMPAQUE CULATA,0,,0,1,,0,1,3531,20000,15000,10000,t
437,TR1051,REP MOTOR JIANG DONG 16HP - ORING,0,,0,1,,0,1,2361,5000,4500,4000,t
438,TR1052,REP MOTOR JIANG DONG 24HP - ASIENTO VALVULA REF:ZH1115ND,0,,0,1,,0,1,12231,30000,25000,19000,t
439,TR1053,REP MOTOR JIANG DONG 24HP - BALANCIN COMPLETO,0,,0,1,,0,1,70000,140000,130000,120000,t
440,TR1054,REP MOTOR JIANG DONG 24HP - BIELA REF:ZH1115ND,0,,0,1,,0,1,121917.6,225000,215000,200000,t
441,TR1055,REP MOTOR JIANG DONG 24HP - BOMBA COMBUSTIBLE REF:ZH1115ND,0,,0,1,,0,1,111149.75,220000,200000,185000,t
442,TR1056,REP MOTOR JIANG DONG 24HP - BUJE ARBOL DE LEVAS GRANDE REF:ZH1115,0,,0,1,,0,1,4865,13000,10000,8500,t
443,TR1057,REP MOTOR JIANG DONG 24HP - BUJE ARBOL DE LEVAS PEQUEÑO REF:ZH1115 - WA-S1115,0,,0,1,,0,1,13608,35000,28000,23000,t
444,TR1058,REP MOTOR JIANG DONG 24HP - BUJE BIELA REF:ZH1115,0,,0,1,,0,1,24705,55000,50000,42000,t
445,TR1059,REP MOTOR JIANG DONG 24HP - BUJE PIÑON ENCENDIDO REF:ZH1115ND,0,,0,1,,0,1,2939,10000,8000,6000,t
446,TR1060,REP MOTOR JIANG DONG 24HP - TUBO LUB ACEITE BLOQUE CULATA REF:ZH1115ND,0,,0,1,,0,1,12634.5,42000,37000,33000,t
447,TR1061,REP MOTOR JIANG DONG 24HP - CASQUETE BIELA REF:ZH1115ND,0,,0,1,,0,1,34765.818861,70000,65000,55000,t
448,TR1062,REP MOTOR JIANG DONG 24HP - CIGUEÑAL RFE: ZH1115ND,0,,0,1,,0,1,523251.4,850000,830000,800000,t
449,TR1063,REP MOTOR JIANG DONG 24HP - CILINDRO REF:ZH1115,0,,0,1,,0,1,114068.5,250000,230000,210000,t
450,TR1064,REP MOTOR JIANG DONG 24HP - EJE PIÑON ENCENDIDO,0,,0,1,,0,1,34020,75000,65000,60000,t
451,TR1065,REP MOTOR JIANG DONG 24HP - EMPAQUE CULATA,0,,0,1,,0,1,14687.75,35000,32000,28000,t
452,TR1066,REP MOTOR JIANG DONG 24HP - EMPAQUETADURA COMPLETA REF:ZH1115ND,0,,0,1,,0,1,42906.5,100000,90000,80000,t
453,TR1067,REP MOTOR JIANG DONG 24HP - FILTRO ACEITE REF:ZH1115ND,0,,0,1,,0,1,12925.22,30000,27000,22000,t
454,TR1068,REP MOTOR JIANG DONG 24HP - FILTRO COMBUSTIBLE REF:ZH1115ND,0,,0,1,,0,1,10183.304444,23000,20000,18000,t
455,TR1069,REP MOTOR JIANG DONG 24HP - GUIA VALVULA REF:ZH1115ND,0,,0,1,,0,1,4395.3,15000,13000,11000,t
456,TR1070,REP MOTOR JIANG DONG 24HP - INYECTOR COMPLETO REF:ZH1115ND,0,,0,1,,0,1,105531.45,230000,220000,215000,t
457,TR1071,REP MOTOR JIANG DONG 24HP - JUEGO ANILLOS REF:ZH1115ND,0,,0,1,,0,1,20930,75000,65000,55000,t
458,TR1072,REP MOTOR JIANG DONG 24HP - JUEGO BALINERAS REF:ZH1115ND,0,,0,1,,0,1,235175,450000,420000,380000,t
459,TR1073,REP MOTOR JIANG DONG 24HP - PASADOR PISTON REF:ZH1115ND,0,,0,1,,0,1,16848,40000,35000,30000,t
460,TR1074,REP MOTOR JIANG DONG 24HP - PIÑON ARBOL DE LEVAS REF: ZH1115,0,,0,1,,0,1,26227,50000,47000,44000,t
461,TR1075,REP MOTOR JIANG DONG 24HP - PIÑON CIGUEÑAL REF:ZH1115ND,0,,0,1,,0,1,16744,40000,35000,30000,t
462,TR1076,REP MOTOR JIANG DONG 24HP - PIÑON ENCENDIDO REF: ZH1115,0,,0,1,,0,1,34223.666667,70000,65000,60000,t
463,TR1077,REP MOTOR JIANG DONG 24HP - PISTON REF:ZH1115ND,0,,0,1,,0,1,127673,250000,230000,220000,t
464,TR1078,REP MOTOR JIANG DONG 24HP - RETENEDOR CIGUEÑAL REF:ZH1115ND,0,,0,1,,0,1,2323,10000,7000,5500,t
465,TR1079,REP MOTOR JIANG DONG 24HP - TAPA CARTER REF:ZH1115,0,,0,1,,0,1,142472,265000,255000,242000,t
466,TR1080,REP MOTOR JIANG DONG 24HP - TAPA PORTA BALIN REF:ZH1115 - 10120,0,,0,1,,0,1,9719.16,18000,15000,12000,t
467,TR1081,REP MOTOR JIANG DONG 24HP - TAPA VALVULAS REF:ZH1115ND,0,,0,1,,0,1,48139,150000,123000,115000,t
468,TR1082,REP MOTOR JIANG DONG 24HP - TUBO ACEITE REF:ZH1115,0,,0,1,,0,1,10710,35000,30000,25000,t
469,TR1083,REP MOTOR JIANG DONG 24HP - TUBO COMBUSTIBLE REF:ZH1115ND,0,,0,1,,0,1,10696.11,25000,23000,18000,t
470,TR1084,REP MOTOR JIANG DONG 24HP - VALVULA ADMISION REF:ZH1115ND,0,,0,1,,0,1,10465,35000,30000,25000,t
471,TR1085,REP MOTOR JIANG DONG 24HP - VALVULA ESCAPE REF:ZH1115ND,0,,0,1,,0,1,13604.5,40000,37000,33000,t
472,TR1086,REP MOTOR KTC - JUEGO CASQUETES BIELA 485-186FA REF: 485-186FA-04-08,0,,0,1,,0,1,7651,18000,15000,13000,t
473,TR1087,REP MOTOR YM 24-30 - BALIN 5/8 S1100,0,,0,1,,0,1,2492.9696,10000,7000,5000,t
474,TR1088,REP MOTOR YM 24-30 - BALINERA PORTABALIN,0,,0,1,,0,1,11340,28000,25000,20000,t
475,TR1089,REP MOTOR YM 24-30 - BUJE ARBOL DE LEVAS,0,,0,1,,0,1,5670,15000,13000,10000,t
476,TR1090,REP MOTOR YM 24-30 - TUBO COMBUSTIBLE,0,,0,1,,0,1,8100,22000,18000,15000,t
477,TR1091,REP MOTOR YM 24 - ANILLOS PISTON,0,,0,1,,0,1,32400,70000,65000,54000,t
478,TR1092,REP MOTOR YM 24 - BIELA,0,,0,1,,0,1,123529,180000,170000,160000,t
479,TR1093,REP MOTOR YM 24 - CASQUETE,0,,0,1,,0,1,10134.2688,35000,30000,25000,t
480,TR1094,REP MOTOR YM 24 - CIGUEÑAL,0,,0,1,,0,1,243851,550000,480000,425000,t
481,TR1095,REP MOTOR YM 24 - EMPAQUE CULATA,0,,0,1,,0,1,8168,35000,30000,20000,t
482,TR1096,REP MOTOR YM 24 - EMPAQUETADURA MOTOR,0,,0,1,,0,1,15184,70000,55000,45000,t
483,TR1097,REP MOTOR YM 24 - GUIA VALVULAS,0,,0,1,,0,1,6075,11500,10500,9500,t
484,TR1098,REP MOTOR YM 24 - ORING CAMISA,0,,0,1,,0,1,1620,7000,5000,3000,t
485,TR1099,REP MOTOR YM 24 - PISTON,0,,0,1,,0,1,63302,150000,130000,115000,t
486,TR1100,REP MOTOR YM 24-30 - PROTECTOR PORTABALIN,0,,0,1,,0,1,13213.072727,35000,30000,25000,t
487,TR1101,REP MOTOR YM 24 - RETENEDOR VALVULAS,0,,0,1,,0,1,4455,18000,15000,13000,t
488,TR1102,REP MOTOR YM 24 - TUBO ACEITE,0,,0,1,,0,1,6480,20000,15000,10000,t
489,TR1103,REP MOTOR YM 24 - VALVULA ADMISION,0,,0,1,,0,1,18092,31000,29000,27000,t
490,TR1104,REP MOTOR YM 24-30 - BOMBA INYECCION,0,,0,1,,0,1,107563,175000,155000,135000,t
491,TR1105,REP MOTOR YM 24-30 - EJE PIÑON ARRANQUE S1100,0,,0,1,,0,1,18630,31000,29000,27000,t
492,TR1106,REP MOTOR YM 24-30 - FILTRO COMBUSTIBLE,0,,0,1,,0,1,6126,22000,18000,13000,t
493,TR1107,REP MOTOR YM 24-30 - FILTRO TANQUE COMBUSTIBLE,0,,0,1,,0,1,6126,22000,18000,13000,t
494,TR1108,REP MOTOR YM 24-30 - INYECTOR,0,,0,1,,0,1,58538,150000,130000,100000,t
495,TR1109,REP MOTOR YM 24-30 - PIÑON ARBOL DE LEVAS,0,,0,1,,0,1,34278,80000,70000,60000,t
496,TR1110,REP MOTOR YM 24-30 - PIÑON CIGUEÑAL,0,,0,1,,0,1,29950,70000,60000,50000,t
497,TR1111,REP MOTOR YM 24-30 - PIÑON PORTABALIN,0,,0,1,,0,1,58520.168571,150000,130000,100000,t
498,TR1112,REP MOTOR YM 24-30 - PORTABALIN,0,,0,1,,0,1,20318.571429,45000,40000,33000,t
499,TR1113,REP MOTOR YM 24-30 - TORNILLO TUBO COMBUSTIBLE,0,,0,1,,0,1,1296,7000,5000,3000,t
500,TR1114,REP MOTOR YM 30 - ANILLOS PISTON,0,,0,1,,0,1,31702.216,75000,65000,55000,t
501,TR1115,REP MOTOR YM 30 - BALANCIN,0,,0,1,,0,1,38798,90000,80000,70000,t
502,TR1116,REP MOTOR YM 30 - BIELA,0,,0,1,,0,1,104490,220000,200000,180000,t
503,TR1117,REP MOTOR YM 30 - CASQUETE,0,,0,1,,0,1,20405.663636,55000,45000,35000,t
504,TR0228,CORREA B 62,0,,0,1,,0,1,14937.584314,26200,24600,22100,t
505,TR1118,REP MOTOR YM 30 - EMPAQUE CULATA,0,,0,1,,0,1,11889.7375,35000,25000,20000,t
506,TR1119,REP MOTOR YM 30 - EMPAQUETADURA MOTOR,0,,0,1,,0,1,19945.558333,100000,80000,70000,t
507,TR1120,REP MOTOR YM 24-30 - FILTRO BOMBA ACEITE,0,,0,1,,0,1,45121.808333,115000,100000,80000,t
508,TR1121,REP MOTOR YM 30 - ORING CAMISA,0,,0,1,,0,1,1701,9000,7000,5000,t
509,TR1122,REP MOTOR YM 30 - PASADOR PISTON,0,,0,1,,0,1,14974,35000,30000,25000,t
510,TR1123,REP MOTOR YM 30 - PISTON,0,,0,1,,0,1,71470,155000,135000,125000,t
511,TR1124,REP MOTOR YM 30 - ECONOMIZADOR,0,,0,1,,0,1,5042.02,15000,13000,9000,t
512,TR1125,REP MOTOR YM 30 - TAPA CARTER,0,,0,1,,0,1,162000,380000,330000,280000,t
513,TR1126,REP MOTOR YM 30 - TUBERIA ALTA PRESION COMBUSTIBLE,0,,0,1,,0,1,10210,28000,23000,18000,t
514,TR1127,REP MOTOR YM 30 - TUBO ACEITE,0,,0,1,,0,1,6075,22000,18000,13000,t
515,TR1129,REP MOTOR YM 30 - VALVULA ADMISION,0,,0,1,,0,1,20052,42000,38000,33000,t
516,TR1186,REP MOTOSIERRA STIHL - BOMBA ACEITE MS 170/180/250 BRANDFOR,0,,0,1,,0,1,10210,26000,23000,17000,t
517,TR1328,REP ACOPLE ELECTROBOMBA FE - AE 2 REF-25391,0,,0,1,,0,1,268908,15500,14500,13500,t
518,TR1344,"TALADRO PERCUTOR DEWALT 1/2"" REF: DWD024",0,,0,1,,0,1,276600,428800,407400,396700,t
519,TR1420,ELECTROBOMBA BAJA AUTOCEBANTE 3HP REF:1D0036,0,,0,1,,0,1,2094950,3199900,3100000,3000000,t
520,TR1421,ELECTROBOMBA BAJA AUTOCEBANTE 3HP TRIF REF:1D0501,0,,0,1,,0,1,2312687.533333,3500100,3400200,3300100,t
521,TR1422,ELECTROBOMBA ALTA 5HP REF: 1E0528,0,,0,1,,0,1,2121318,3465600,3360800,3255900,t
522,TR1424,GUADAÑA MARUYAMA BC420HE,0,,0,1,,0,1,1364850,1809900,1800100,1790000,t
523,TR1425,GUADAÑA SHINDAIWA B-45,0,,0,1,,0,1,1806723,2149900,2099900,2050000,t
524,TR1426,GUADAÑA STIHL FS-160,0,,0,1,,0,1,1258740,1670100,1670100,1650000,t
525,TR1427,MOTOR DIESEL 10HP FORTE 3600 RPM EJE CUÑA ROSCA REF: FD400DW,0,,0,1,,0,1,1080000,1634900,1585200,1535800,t
526,TR1428,MOTOR ELECT IE3 WEG HIERRO 3HP 1800 RPM TRIFASICO,0,,0,1,,0,1,1702350,2420800,2367100,2313300,t
527,TR1429,PLANTA DIESEL POWER MASTER 4000 KW REF: GPMD4000LE,0,,0,1,,0,1,2406935,3400000,3350000,3300000,t
528,TR1430,PLANTA GASOLINA KTC 3.5KW 115/230 MONF REF:463-GG46,0,,0,1,,0,1,1538190,2200100,2150000,2100000,t
529,TR1456,REP MOTOR DIESEL 7HP  - TAPA ARRANQUE COMPLETO 178F,0,,0,1,,0,1,55000,82000,80000,78000,t
530,TR1457,REP MOTOR GASOLINA 6.5HP  - TAPA ARRANQUE COMPLETO GX120/160/200,0,,0,1,,0,1,25462.184873,39000,38000,37000,t
531,TR1476,MOTOR DIESEL 30HP AMEG HORIZONTAL (YM30),0,,0,1,,0,1,3430252.08,7200100,7000000,6899900,t
532,TR1477,REP MOTOR DIESEL 14HP - KIT EMPAQUES 192F,0,,0,1,,0,1,27623.447991,43000,42000,40000,t
533,TR1478,REP MOTOR DIESEL 14HP - BOMBA INYECCION 192F,0,,0,1,,0,1,123144,195000,185000,175000,t
534,TR1479,PLANTA GASOLINA ARVEK 2.5KW 110/220V 4T REF:GE2500G,0,,0,1,,0,1,918000,1400000,1350000,1299900,t
535,TR1480,MOTOR DIESEL 14HP ARVEK 3600 RPM REF:M14S192SDG,0,,0,1,,0,1,1450000,2200100,2100100,2000100,t
536,TR1481,MOTOR DIESEL 10HP ECOHORSE 36000RPM REF: KD186FAP1-2,0,,0,1,,0,1,1292180.4,1823600,1774400,1725000,t
537,TR1496,FUMIGADORA MANUAL ROYAL CONDOR CLASICA,0,,0,1,,0,1,380854,488200,482700,477100,t
538,TR1497,FUMIGADORA MANUAL ROYAL CONDOR ALIADA,0,,0,1,,0,1,305105,358200,353000,347700,t
539,TR1524,ELECTROBOMBA BAJA AUTOCEBANTE 5HP TRIF REF:1D0502,0,,0,1,,0,1,1220214,3799800,3749900,3699900,t
540,TR1525,DINAMO 10KW TRIFASICO (SURT) REF: STC-10KW,0,,0,1,,0,1,2358500.2,3900000,3800200,3700000,t
541,TR1538,DINAMO 7.5KW MONOFASICO (SURT) REF: ST-7.5KW,0,,0,1,,0,1,2280000.1,3777900,3639700,3391500,t
542,TR1548,ELECTROBOMBA BAJA AUTOCEBANTE 7.5HP TRIF REF: 1D0505,0,,0,1,,0,1,3132839,6259900,6206700,6152900,t
543,TR1549,DINAMO 5KW MONOFASICO (SURT) REF: ST-5KW,0,,0,1,,0,1,1977333.4,3350200,3300200,3250000,t
544,TR1550,CAJA REDUCTOR SINFÍN CORONA 3HP TAM 90 30-1 ; 40-1 ; 50-1,0,,0,1,,0,1,676482.066667,1300000,1200000,1100000,t
545,TR1551,MOTOR DIESEL 10HP KTC REF: 485-186FA-OBF,0,,0,1,,0,1,1052217.757686,1800000,1749900,1600000,t
546,TR1552,MOTOR DIESEL 10HP KAMA REF: KM186FAPK,0,,0,1,,0,1,1551153.5,2100000,2050000,1950000,t
547,TR1554,DESEMBOMBADOR ELECTRICO CHINO FERTON,0,,0,1,,0,1,516764.632444,801700,780300,748300,t
548,TR1564,ELECTROBOMBA BAJA AUTOCEBANTE 2HP MONO REF:1D0087,0,,0,1,,0,1,1633450,2900000,2800100,2700100,t
549,TR1565,MELAZA X PIMPINA 28KG,0,,0,1,,0,1,45714,62900,60600,57100,t
550,TR1577,INVERSOR MASSO MSI-200A DIGITAL,0,,0,1,,0,1,340670.566667,630100,581600,562200,t
551,TR1579,DIENTE CADENA OREGON 52D Y 62D (660-051-650),0,,0,1,,0,1,1665.820961,2700,2600,2500,t
552,TR1603,PLANTA GASOLINA FORTE 9 KW REF: FG10000,0,,0,1,,0,1,2759750,4300100,4100000,4000100,t
553,TR1606,MOTOR DIESEL 10HP TOYAMA EJE MULTIUSO REF: TDE110XP,0,,0,1,,0,1,1147938.154558,1750100,1700000,1650000,t
554,TR1620,GUADAÑA HUSQVARNA 143 R-II,0,,0,1,,0,1,1666056,2250000,2200000,2150000,t
555,TR1621,MOTOBOMBA HUSQVARNA W50P,0,,0,1,,0,1,765126,1200000,1150000,1100000,t
556,TR1622,MOTOSIERRA HUSQVARNA 125 COMPLETA,0,,0,1,,0,1,740336,1150000,1100000,1049900,t
557,TR1623,MOTOSIERRA HUSQVARNA 365 COMPLETA,0,,0,1,,0,1,1612773,2400000,2350100,2299900,t
558,TR1624,PLANTA HUSQVARNA G2500P,0,,0,1,,0,1,1200840,1800000,1750100,1700100,t
559,TR1625,PLANTA HUSQVARNA G3200P,0,,0,1,,0,1,1555210,2300000,2250000,2199900,t
560,TR1627,MOTOSIERRA HUSQVARNA 395 COMPLETA,0,,0,1,,0,1,2640756,3850000,3799900,3750000,t
561,TR1628,MOTOSIERRA HUSQVARNA 120 COMPLETA,0,,0,1,,0,1,635042,1000000,950000,900000,t
562,TR1656,REP CABEZOTE 120 - ELEMENTO FILTRO GRANDE,0,,0,1,,0,1,15497.56,35000,30000,25000,t
563,TR1657,DIENTE CADENA STIHL 404 (051-351-651-660) 52D Y 62D,0,,0,1,,0,1,1718.781379,2800,2700,2600,t
564,TR1677,REP MOTOR 10 #11 VALVULA ESCAPE,0,,0,1,,0,1,6520,20000,18000,15000,t
565,TR1678,REP MOTOR 10 #12 VALVULA ADMISION,0,,0,1,,0,1,6578.214286,20000,18000,15000,t
566,TR1680,PICA BELLOTA / ARAMA 4.5LB MANGO FIBRA DE VIDRIO,0,,0,1,,0,1,49236.98,71200,66600,63200,t
567,TR1681,"REP DESEMBOMBADOR TOKU TCD-20 #04,05,06,07 VALVULA COMPLETA",0,,0,1,,0,1,354000,580000,550000,520000,t
568,TR1682,REP DESEMBOMBADOR TOKU TCD-20 #29 STEEL RETAINER BOLT,0,,0,1,,0,1,103750,190000,180000,170000,t
569,TR1683,REP DESEMBOMBADOR TOKU TCD-20 #10 PLUNGER SPRING,0,,0,1,,0,1,11000,30000,25000,20000,t
570,TR1684,REP DESEMBOMBADOR TOKU TCD-20 #23 BACK HEAD BOLT,0,,0,1,,0,1,44000,100000,90000,80000,t
571,TR1685,REP DESEMBOMBADOR TOKU TCD-20 #39 FRONT HEAD BOLT,0,,0,1,,0,1,85000,160000,150000,140000,t
572,TR1686,REP DESEMBOMBADOR TOKU TCD-20 #16 THROTTLE VALVE SPRING,0,,0,1,,0,1,11500,30000,25000,20000,t
573,TR1687,REP MOTOR JIANG DONG 24HP - PIÑON GOBERNADOR REF:ZH1115 -10108,0,,0,1,,0,1,47739.3,100000,90000,80000,t
574,TR1688,REP MOTOR JIANG DONG 24HP - TUBO BOMBA A INYECTOR REF:ZH1115,0,,0,1,,0,1,10710,35000,30000,25000,t
575,TR1692,REP ESTACIONARIA - JUEGO MANGUERA SUCCION Y RETORNO 30 BRANDFOR,0,,0,1,,0,1,31610,65000,60000,55000,t
576,TR1693,REP ESTACIONARIA - JUEGO MANGUERA SUCCION Y RETORNO 22 BRANDFOR,0,,0,1,,0,1,33164,70000,65000,60000,t
577,TR1699,MOTOR GASOLINA COAGRO 6.5HP 3600RPM,0,,0,1,,0,1,392437,650000,600000,560000,t
578,TR1720,BORAX AL 48% X 50KLS,0,,0,1,,0,1,247899,410000,400000,390000,t
579,TR1721,DINAMO 20KW TRIFASICO (SURT),0,,0,1,,0,1,2872000,4800000,4699900,4599800,t
580,TR1729,DIENTE CADENA HUSQVARNA 3/8 1.3,0,,0,1,,0,1,840.3,1400,1300,1200,t
581,TR1730,DIENTE CADENA STHIL 3.8 ESTANDAR (310-382) 42D,0,,0,1,,0,1,1681,2500,2400,2300,t
582,TR1732,BOMBA SUMERGIBLE ALTAMIRA 5HP AC. INOX REF: KOR3 R50-12,0,,0,1,,0,1,1056709.375,1924600,1828300,1732200,t
583,TR1733,MOTOR SUMERGIBLE AQUAPACK 5HP 460V REF: MSQA4 53460,0,,0,1,,0,1,1075656.5,1998700,1893600,1840900,t
584,TR1742,DESEMBOMBADOR DE AIRE G7,0,,0,1,,0,1,493277.31,900000,850100,800000,t
585,TR1761,REP COLUMNA Y28 - JUEGO FIJACION,0,,0,1,,0,1,19328,71100,63200,55300,t
586,TR1762,DIENTE CADENA STIHL 3.8P 1.3 (170-180-210ELEC) 28D,0,,0,1,,0,1,1554.432374,2500,2400,2300,t
587,TR1767,ELECTROFRENO MAGNETICO 3HP REF: SDZ1-30 28MM (100),0,,0,1,,0,1,393227.005273,750000,700000,650000,t
588,TR1770,MOTOR SUMERGIBLE AQUAPACK 7.5HP 460V REF: MSQA4 7.53460,0,,0,1,,0,1,1322259.75,2496200,2392100,2288100,t
589,TR1771,BOMBA SUMERGIBLE ALTAMIRA 7.5HP REF: KOR4.5 R75-12,0,,0,1,,0,1,1461389,2642900,2544800,2447200,t
590,TR1772,MOTOR ELECT IE3 WEG HIERRO 5HP 1800 RPM TRIFASICO,0,,0,1,,0,1,2270588,3600000,3500100,3399900,t
591,TR1781,BOMBA SUMERGIBLE AQUAPACK 5HP REF: ROBUSTA2.5/50/3460,0,,0,1,,0,1,1671303.4,3591800,3491800,3392100,t
592,TR1808,MOTOR SUMERGIBLE PEARL 5HP REF: 4MOP50C363,0,,0,1,,0,1,1624642.5,2900000,2800100,2699800,t
593,TR1816,PLANTA GASOLINA LAUNTOP REF: LT2500CL,0,,0,1,,0,1,869999.9,1550000,1500000,1450000,t
594,TR1827,REP ESTACIONARIA - CABEZOTE REF: 22LPM 570PSI,0,,0,1,,0,1,289800,520000,500000,480000,t
595,TR1828,REP ESTACIONARIA - CABEZOTE REF: 50LPM 570PSI,0,,0,1,,0,1,388500,670000,650000,630000,t
596,TR1829,PLANTA GASOLINA WARRIOR 1200 REF: 1KW 1.2W-120VAC 12VDC 60HZ,0,,0,1,,0,1,834400,1300000,1250000,1200000,t
597,TR1838,"MOTOR SIEMENS IE3, 5HP 1800 RPM, 220/380/440V TRIFASICO REF: 1LE0143- 1BB26-4AA4-Z D80+D81",0,,0,1,,0,1,1784873,3100000,3000000,2950000,t
598,TR1839,"MOTOR SIEMENS IE3, 3HP 1800 RPM, 220/380/440V TRIFASICO REF: 1LE0143- 1AB26-A4A4-Z D80+D81",0,,0,1,,0,1,1381512,2400000,2350100,2299900,t
599,TR1841,MOTOBOMBA GASOLINA ARVEK ALUMINIO 1.5 X 1.5 REF. MBQ15152G,0,,0,1,,0,1,504497.5,889200,857800,836900,t
600,TR1842,REP FUMIGADORA MOTOR - JUEGO ANILLOS TB26 GN,0,,0,1,,0,1,5893,15000,12000,10000,t
601,TR1846,REP FUMIGADORA MITSUBISCHI - EMPAQUETADURA MOTOR TB26,0,,0,1,,0,1,6807,18000,15000,12000,t
602,TR1847,REP FUMIGADORA MITSUBISCHI - PISTON COMPLETO TB26,0,,0,1,,0,1,18571,40000,35000,30000,t
603,TR1848,REP FUMIGADORA MITSUBISCHI - TAPA ARRANQUE COMPLETA TB26,0,,0,1,,0,1,12185,28000,23000,20000,t
604,TR1855,PLANTA GASOLINA KTC 1.75KW 115/230 MONF REF:463-GG17,0,,0,1,,0,1,699148,1250000,1199900,1150000,t
605,TR1857,MOTOR DIESEL 10HP KTC XTREME REF: 445-186FX / 485-186FA-OBF,0,,0,1,,0,1,1174924,1947800,1892200,1836700,t
606,TR1859,MOTOR DIESEL 18HP ETK 3600RPM,0,,0,1,,0,1,1890000,2770800,2736400,2702400,t
607,TR1863,INVERSOR KTC 1HP 200A 110V220V REF: 410-DUAL20H,0,,0,1,,0,1,494341,900000,850000,820000,t
608,TR1866,PLANTA GASOLINA KTC 11.1KW 115/230 MONF REF:463-GG110E,0,,0,1,,0,1,2345712,3950000,3900100,3850200,t
609,TR1870,BOMBA SUMERGIBLE AQUAPACK 7.5HP REF: ROBUSTA2/75/3460,0,,0,1,,0,1,2583337.67,4289200,4239700,4189800,t
610,TR1880,PLANTA DIESEL BARNES 3KVA 3600RPM REF: E0336,0,,0,1,,0,1,1990000,2894700,2860300,2825900,t
611,TR1886,PLANTA GASOLINA FORTE 2500KW REF:FG2500,0,,0,1,,0,1,1197000,1899900,1849900,1800000,t
612,TR1887,PLANTA GASOLINA FORTE 3.5KW  REF:FG3500,0,,0,1,,0,1,1263500,2100000,1999900,1949900,t
613,TR1908,BOMBA SUMERGIBLE ALTAMIRA 10HP REF: KOR6 R100-9,0,,0,1,,0,1,2348739.48,3399900,3300000,3199900,t
614,TR1912,REP ELECTROBOMBA - EMPAQUE VALVULA CHEQUE 2X2 REF: 17712,0,,0,1,,0,1,19600,40000,25700,33000,t
615,TR1913,REP ELECTROBOMBA - PESA PQ 2X2 REF: 01339,0,,0,1,,0,1,9011.25,20000,18000,15000,t
616,TR1914,REP ELECTROBOMBA - PESA GD 2X2 REF: 01338,0,,0,1,,0,1,10259.9125,25000,20000,18000,t
617,TR1918,BOMBA SUMERGIBLE AQUAPACK 3HP REF: M2.5X30-14-15,0,,0,1,,0,1,651260.5,1000000,950100,900100,t
618,TR1921,REP DESEMBOMBADOR TOKU TCD-20 #28 STEEL RETAINER,0,,0,1,,0,1,95000,290000,270000,250000,t
619,TR1930,PLANTA DIESEL ARVEK 5KW 110/220V REF: GE 6500DE,0,,0,1,,0,1,3077620,4600000,4550000,4500200,t
620,TR1936,MOTOR ELECT IE3 WEG HIERRO 7.5HP 1800 RPM TRIFASICO,0,,0,1,,0,1,2849580,4600000,4499800,4400000,t
621,TR1942,FUMIGADORA ESTACIONARIA 50LPM 570PSI REF: OS-30B1N,0,,0,1,,0,1,388500,750000,700000,650000,t
622,TR1943,ELECTROBOMBA BARNES BAJA 10HP  REF: 1D0506,0,,0,1,,0,1,4529200,7300000,7249600,7200300,t
623,TR1979,MOTOR ELECT IE3 WEG HIERRO 12HP 1800 RPM TRIFASICO,0,,0,1,,0,1,3806723,6600000,6499800,6400300,t
624,TR1997,REP MOTOR 10 #14 TAPA VALVULA COMPLETA,0,,0,1,,0,1,22300.272109,60000,50000,45000,t
625,TR2014,REP FUMIGADORA HUSQVARNA ORIG - EMBRAGUE COMPLETO 321S15 / 321S25,0,,0,1,,0,1,54175.69,120000,100000,90000,t
626,TR2015,REP FUMIGADORA HUSQVARNA ORIG - EMPAQUE CARTER 321S15 / 321S25,0,,0,1,,0,1,4614.54,15000,12000,9000,t
627,TR2016,REP DESEMBOMBADOR ELECT. - CAUCHO PISTON,0,,0,1,,0,1,33613.33,60000,55000,50000,t
628,TR2017,REP FUMIGADORA HUSQVARNA ORIG - LANZA 321S25,0,,0,1,,0,1,98604.99,180000,170000,160000,t
629,TR2018,REP FUMIGADORA HUSQVARNA ORIG - KIT MANGUERAS TANQUE 321S15 / 321S25,0,,0,1,,0,1,8621.16,25000,20000,15000,t
630,TR2747,JUEGOS DE CAUCHOS CON ACELERADOR Y GUAYA HQ 143 RII,0,,0,1,,0,1,40336.13,70000,65000,60000,t
631,TR2019,REP FUMIGADORA HUSQVARNA ORIG - PISTON COMPLETO 321S15 / 321S25,0,,0,1,,0,1,47988,100000,90000,80000,t
632,TR2020,REP FUMIGADORA HUSQVARNA ORIG - GATILLO ACELERACION 321S15 / 321S25,0,,0,1,,0,1,29254.95,60000,55000,50000,t
633,TR2021,REP FUMIGADORA HUSQVARNA ORIG - FILTRO DE AIRE TP ESPONJA  321S15 / 321S25,0,,0,1,,0,1,28872.87,60000,55000,50000,t
634,TR2022,REP FUMIGADORA HUSQVARNA ORIG - RODAMIENTO O BALINERA 321S15 / 321S25,0,,0,1,,0,1,8158.98,25000,20000,15000,t
635,TR2023,REP FUMIGADORA HUSQVARNA ORIG - CUERDA DE ARRANQUE 321S15 / 321S25,0,,0,1,,0,1,13543.6,30000,25000,23000,t
636,TR2024,REP FUMIGADORA HUSQVARNA ORIG - POLEA DE FACIL ARRANQUE 321S15 / 321S25,0,,0,1,,0,1,8036.87,20000,18000,15000,t
637,TR2128,PALA COLIMA REDONDA #2,0,,0,1,,0,1,13711.3,25000,23000,22000,t
638,TR2139,REP MOTOR DIESEL 13HP - PISTON,0,,0,1,,0,1,88506,160000,150000,145000,t
639,TR2141,MOTOR ELECT IE3 WEG ALUMINIO 5HP 3600 RPM TRIFASICO,0,,0,1,,0,1,1689076,3200000,3099900,3000000,t
640,TR2144,MOTOR ELECT IE3 WEG ALUMINIO 7HP 3600 RPM TRIFASICO,0,,0,1,,0,1,2524138,3900000,3800000,3750000,t
641,TR2156,MOTOR SUMERGIBLE ALTAMIRA 15HP REF: MSRT6 - 153460,0,,0,1,,0,1,3846659,6600000,6499600,6399700,t
642,TR2163,ELECTROBOMBA PERIFERICA PEARL 1/2 HP REF: 05A16L,0,,0,1,,0,1,149435,290000,270000,250000,t
643,TR2165,MOTOR SUMERGIBLE PEARL 3HP REF: 4MOP30D363,0,,0,1,,0,1,1068892,2000000,1900000,1800100,t
644,TR2171,BOMBA SUMERGIBLE AQUAPACK 5HP 230V REF: ROBUSTA2.5/50/3230,0,,0,1,,0,1,2310924.37,4100000,4000300,3900200,t
645,TR2174,"TALADRO PROFE MAGNUM 1/2"" 500W REF: DZJ02-13",0,,0,1,,0,1,114240.34,230000,210000,190000,t
646,TR2180,REP MOTOR ELECT 5HP - VENTILADOR ECONOMICO,0,,0,1,,0,1,24369.7,35000,30000,25000,t
647,TR2186,ARNES GUADAÑA HUSQVARNA,0,,0,1,,0,1,67266,130000,120000,115000,t
648,TR2204,BOMBA SUMERGIBLE AQUAPACK 1HP REF: ROBUSTA2/10/1127A,0,,0,1,,0,1,624060,1195000,1109600,1067000,t
649,TR2211,REP MOTOR DIESEL 18HP - BOMBA INYECCION 198F,0,,0,1,,0,1,120999.9,220000,200000,180000,t
650,TR2224,PLANTA DIESEL ENERMAX 75KVA REF: GDC75SS-YN,0,,0,1,,0,1,37000000,57000000,55996500,55000000,t
651,TR2230,MOTOR ELECT IE3 WEG HIERRO 15HP 1800 RPM TRIFASICO,0,,0,1,,0,1,4095798,7100000,7000300,6899900,t
652,TR2231,MOTOR ELECT IE2 WEG HIERRO 15HP 1800 RPM TRIFASICO,0,,0,1,,0,1,1932773,7000000,6899400,6799200,t
653,TR2237,REP MOTOSIERRA STIHL - TUERCA VOLANTE MS 051,0,,0,1,,0,1,2521,7000,6000,5000,t
654,TR2238,REP MOTOR DIESEL 18HP - CASQUETE BIELA 198F,0,,0,1,,0,1,14520.1,35000,30000,25000,t
655,TR2241,PLANTA GASOLINA FORTE 1200 KW REF: FG1250,0,,0,1,,0,1,764750,1250000,1200000,1150000,t
656,TR2290,REP MOTOSIERRA STIHL - KIT EMPAQUETADURA MS651/661  GENERICO,0,,0,1,,0,1,20168,40000,35000,26400,t
657,TR2294,ELECTROBOMBA ALTA 2HP REF: 1E0506,0,,0,1,,0,1,1680672,2500000,2449900,2399900,t
658,TR2308,REP CABEZOTE 120 - PORTA CULATAS,0,,0,1,,0,1,90000,180000,160000,150000,t
659,TR2309,GENERADOR DIESEL ENERMAX 100 KVA 1800RPM REF:GDC100SS-YN,0,,0,1,,0,1,45000000,70000000,66998400,65002200,t
660,TR2319,"TALADRO PERCUTOR INALAMBRICO GLADIADOR 1/2"" 18V REF: 813/18",0,,0,1,,0,1,302888.16,500000,470000,440000,t
661,TR2337,MOTOSIERRA HUSQVARNA 61 COMPLETA,0,,0,1,,0,1,1678197,2500000,2450100,2400000,t
662,TR2340,DIENTE CADENA HUSQVARNA 404-1.6 (741DIENTES),0,,0,1,,0,1,1396.55,2200,2100,2000,t
663,TR2349,REP MOTOSIERRA STIHL - KIT CARBURADOR MS 660 VARHUS,0,,0,1,,0,1,11345,30000,25000,20000,t
664,TR2350,REP MOTOSIERRA STIHL - KIT CARBURADOR MS 661 GOSLAR,0,,0,1,,0,1,10924,30000,25000,20000,t
665,TR2351,REP MOTOSIERRA STIHL- KIT EMPAQUETADURA MS  660,0,,0,1,,0,1,5378,20000,15000,10000,t
666,TR2353,"TALADRO IMPACTO INGCO BATERIA SIN CARGADOR 3/8"" 12V REF: CIDLI12202",0,,0,1,,0,1,160176,300000,280000,260000,t
667,TR2361,REP MOTOR DIESEL 14HP -  ORING BLOQUE 192F,0,,0,1,,0,1,2560.777778,7000,6000,5000,t
668,TR2397,ROTOMARTILLO MAKITA ORIGINAL REF: HR4003C,0,,0,1,,0,1,2470588,3600000,3549900,3500000,t
669,TR2438,REP MOTOR 10HP - CASQUETE BIELA STD 40MM 186,0,,0,1,,0,1,10257.833693,22000,20000,18000,t
670,TR2439,MOTOR DIESEL 24HP AMEG HORIZONTAL (YM24),0,,0,1,,0,1,4285714,5800000,5699900,5599700,t
671,TR2440,MOTOSIERRA HUSQVARNA 445II COMPLETA,0,,0,1,,0,1,1077479,1650000,1600000,1550100,t
672,TR2451,HIDROLAVADORA INALAMBRICA BATERIA LITIO,0,,0,1,,0,1,292436.97,450000,430000,420000,t
673,TR2463,REP MOTOR DIESEL 14HP -  BLOQUE CILINDRO 192F,0,,0,1,,0,1,443044,670000,650000,630000,t
674,TR2464,"FUMIGADORA ESTACIONARIA 6.5HP WARRIOR 30LTS REF: FE30R-6,5WG",0,,0,1,,0,1,1092700,1500000,1450000,1400000,t
675,TR2465,REP MOTOR DIESEL 14HP - CULATA 192F,0,,0,1,,0,1,142492,230000,220000,210000,t
676,TR2476,DINAMO 12KW MONOFASICO (SURT) REF: ST-12KW,0,,0,1,,0,1,3249458.8,0,0,0,t
677,TR2487,DIENTE CADENA HUSQVARNA 325 3/8,0,,0,1,,0,1,1597,2500,2400,2300,t
678,TR2492,"REP MOTOR 10  KIT ANILLOS PISTON 0,25 MD418",0,,0,1,,0,1,17840,45000,40000,38000,t
679,TR2495,BOMBA SUMERGIBLE ALTAMIRA 7.5HP REF: KOR6 R75-5,0,,0,1,,0,1,1680672,3000000,2900100,2750100,t
680,TR2497,REP GUADAÑA SHINDAIWA - CIGÜEÑAL B-45 GOSLAR,0,,0,1,,0,1,38296.666667,90000,80000,70000,t
681,TR2498,MOTOR SUMERGIBLE AQUAPACK 10HP 460V REF: MSQA4 103460,0,,0,1,,0,1,1932773,2797100,2703700,2610500,t
682,TR2500,CONGELADOR HORIZONTAL 708LT LED BLANCO,0,,0,1,,0,1,3841440,4800000,4699800,4600000,t
683,TR2523,REP MOTOR DIESEL 10HP - BUJE TAPA CARTER 186,0,,0,1,,0,1,12605,23000,21000,19500,t
684,TR2529,REP DESEMBOMBADOR ELECT.- RETENEDOR  PISTON,0,,0,1,,0,1,10924.4,23000,20000,17000,t
685,TR2530,REP GUADAÑA- KIT YOYO BELLOTA REF:10933,0,,0,1,,0,1,28125.333333,56000,53000,50000,t
686,TR2544,BOMBA SUMERGIBLE ALTAMIRA 5HP AC. INOX REF: KOR3 R50-15,0,,0,1,,0,1,1353681,2200100,2150000,2084900,t
687,TR2547,REP ELECTROBOMBA - PESA GD 3X3 REF: 01587,0,,0,1,,0,1,12600,24000,22000,20000,t
688,TR2548,REP ELECTROBOMBA - PESA PQ 3X3 REF: 01588,0,,0,1,,0,1,10500,20000,18000,16500,t
689,TR2551,EMPELE ELECTROBOMBA BAJA REF: 19793  7.5 HP,0,,0,1,,0,1,107683,169000,163400,153300,t
690,TR2552,REP ELECTROBOMBA - EMPAQUE VALVULA CHEQUE 3X3 REF: 18010,0,,0,1,,0,1,36400,65000,60000,56000,t
691,TR2553,CADENA PARA PIÑON MALACATE 60-2 CON PASADOR,0,,0,1,,0,1,43866,75000,70000,68000,t
692,TR2557,REP MOTOSIERRA HUSQVARNA ORIG -  FIJACION DE LA TAPA FRENO MS 120/125  REF:582610201,0,,0,1,,0,1,11868,23000,21000,18500,t
693,TR2561,REP GUADAÑA HUSQ 143RII TAPA ARRANQUE COMP -ORG (588541502),0,,0,1,,0,1,71760,125000,120000,110000,t
694,TR2562,REP MS HUSQ TODAS INTERRUPTOR -ORG  (503717901),0,,0,1,,0,1,21748,38000,36000,33500,t
695,TR2563,REP MS HUSQ 395XP/394XP AMORTIGUADOR -ORG (503468801),0,,0,1,,0,1,35140,58000,56000,54500,t
696,TR2564,REP MOTOSIERRA HUSQVARNA ORIG -  EMPAQUE CILINDRO MS 120/125 REF: 574222001,0,,0,1,,0,1,3944,9000,7500,6500,t
697,TR2565,REP MOTOSIERRA HUSQVARNA ORIG - MANGUERA COMBUSTIBLE MS 120/125 REF: 582631501,0,,0,1,,0,1,8650,17000,15000,13500,t
698,TR2566,REP MOTOSIERRA HUSQVARNA ORIG - CUBIERTA ARRANQUE COMPLETA MS120 REF: 582618401,0,,0,1,,0,1,60053,100000,96000,92500,t
699,TR2567,REP MS HUSQ MS120/125 CUERDA ARRANQUE -ORG  (584791801),0,,0,1,,0,1,16135,27000,26000,25000,t
700,TR2568,REP MOTOSIERRA HUSQVARNA ORIG - RESORTE DEL CARTER MS120  REF: 582631001,0,,0,1,,0,1,13810,25000,24000,21500,t
701,TR2569,REP MOTOSIERRA HUSQVARNA ORIG - TORNILLO MS 120/125  REF: 574223901,0,,0,1,,0,1,761.8,1500,1500,1200,t
702,TR2570,REP MOTOSIERRA HUSQVARNA ORIG - KIT EMPAQUES CARBURADOR MS 268XP  REF: 502529201,0,,0,1,,0,1,15801,30000,27000,24500,t
703,TR2571,REP MOTOR 10HP - KIT PISTON STD 186 COMPLETO,0,,0,1,,0,1,59920,105000,98000,92500,t
704,TR2574,REP CABEZOTE 120 - ARANDELA BRONCE,0,,0,1,,0,1,15000,28000,25000,23000,t
705,TR2575,REP MOTOR YM 24 - VALVULA ESCAPE,0,,0,1,,0,1,21008.4,40000,35000,32500,t
706,TR2576,REP MOTOR YM 30 - VALVULA ESCAPE,0,,0,1,,0,1,21848.74,42000,37000,34000,t
707,TR2577,REP MOTOR YM 30 - TAPA CULATA,0,,0,1,,0,1,60504.2,105000,98000,93500,t
708,TR2578,MOTOR DIESEL 10HP ECOHORSE 1800RPM EJE 30MM REF: KD186FAS-2,0,,0,1,,0,1,1631700,2450000,2399900,2350000,t
709,TR2579,"MOTOBOMBA KOHLER ALTA PRESION 1.5"" X 1.5"" 6.5HP REF: MBP40-6.5K",0,,0,1,,0,1,908460,1450000,1400000,1350000,t
710,TR2580,"MOTOR GASOLINA KOHLER 6.5HP 3600RPM EJE 3/4"" CUÑA ROSCA REF: SH265-5131922478",0,,0,1,,0,1,597744,950000,930000,900000,t
711,TR2581,"MOTOR GASOLINA KOHLER 9.5HP 3600RPM EJE 1"" CUÑA ROSCA REF: SH265-5131922488",0,,0,1,,0,1,1249906,1850000,1829900,1799900,t
712,TR2582,REP MOTOSIERRA STIHL  - CIGUEÑAL MS-660 BRANDFOR,0,,0,1,,0,1,84033.61,145000,140000,130000,t
713,TR2583,REP ESTACIONARIA - ARO AJUSTE 22 BRANDFOR,0,,0,1,,0,1,1260.5,4000,3000,2000,t
714,TR2584,REP MOTOR 6.5 - CANASTILLA SENCILLA,0,,0,1,,0,1,20168.07,38000,35000,31500,t
715,TR2585,REP PLANTA 6.5HP - EMPAQUETADURA MOTOR GX160/200 GOSLAR,0,,0,1,,0,1,3782.3,10000,8000,6000,t
716,TR2586,REP PLANTA 6.5 HP - RETENEDOR VALVULAS GX160/200 GOSLAR,0,,0,1,,0,1,2227,6000,5000,3500,t
717,TR2587,REP GUADAÑA SHINDAIWA - REJILLA EXOSTO B-45 C-35 GOSLAR,0,,0,1,,0,1,10924,20000,19000,17000,t
718,TR2588,REP GUADAÑA SHINDAIWA - ABRAZADERA MANILAR B-45 C-35 INYECTADA,0,,0,1,,0,1,24286,42000,39000,37500,t
719,TR2589,REP MS HUSQ MS 272/372 RETE CIGÜEÑAL 15*26*6 -ORG (503260204),0,,0,1,,0,1,10906,22000,19000,17000,t
720,TR2590,REP MS HUSQ SEGURO GATILLO MS 372/268/272 -ORG (501518102),0,,0,1,,0,1,7382,15000,13000,11500,t
721,TR2597,REP PLANTA FORTE - AVR REGULADOR VOLTAGE GENERADOR FG3500,0,,0,1,,0,1,42000,80000,75000,65000,t
722,TR2598,REP MOTOR 6.5 - VALVULA ADMISION,0,,0,1,,0,1,5600,15000,12000,9000,t
723,TR2599,REP MOTOR 6.5 - VALVULA  ESCAPE,0,,0,1,,0,1,11970,23000,20000,18500,t
724,TR2600,REP MOTOR FORTE - CARBURADOR GENERADOR GM160/200,0,,0,1,,0,1,57890,100000,95000,89000,t
725,TR2601,REP MARTILLO YT28 #24 SIDE BOLT,0,,0,1,,0,1,8823.53,17000,15000,14000,t
726,TR2602,REP MARTILLO Y19 #41 AIR PIPE NUT,0,,0,1,,0,1,10388,18000,17000,16000,t
727,TR2604,REP MOTOR ELECT 2HP - 3HP - VENTILADOR ECONOMICO,0,,0,1,,0,1,24138,45000,40000,37000,t
728,TR2609,BOMBA SUMERGIBLE ALTAMIRA 10HP REF: KOR4.5 R100-16,0,,0,1,,0,1,1962989,3460700,3364600,3268300,t
729,TR2621,CAJA REDUCTOR SINFÍN CORONA TAM 130 40-1,0,,0,1,,0,1,1450299.16,2500000,2350100,2234000,t
730,TR2654,PALA COLIMA CUADRADA #2,0,,0,1,,0,1,16912,27000,25000,23000,t
731,TR2667,"FUMIGADORA ESTACIONARIA 6.5HP KOHLER 30LTS REF: FE30-6,5K",0,,0,1,,0,1,1233834,1800000,1700000,1676000,t
732,TR2669,MOTOR DIESEL 10HP BARNES 3600 REF: 19339 - 19296,0,,0,1,,0,1,1090000,1609700,1563800,1517700,t
733,TR2670,MOTOBOMBA ECOHORSE 7 H.P BAJA 3X3 ALUMINIO REF: KDP80B DIESEL,0,,0,1,,0,1,1624000,2300000,2250000,2200000,t
734,TR2671,COMPRESOR DE AIRE MASSO 1.5HP 8LTS REF:79627,0,,0,1,,0,1,332394.826667,600000,570000,524000,t
735,TR2673,MOTOR ELECT IE3 TECHTOP 2HP 1800 RPM MONOFASICO REF: ML90L45,0,,0,1,,0,1,892437,1550000,1480000,1375000,t
736,TR2682,ELECTROBOMBA BAJA AUTOCEBANTE 2HP TRIF REF:1D0500,0,,0,1,,0,1,1946750,2995000,2900100,2840000,t
737,TR2690,REP PLANTA YOYO COMPLETO GAS 190,0,,0,1,,0,1,61345,125000,115000,100000,t
738,TR2695,REP DESEMBOMBADOR ELECT.- CACHAS,0,,0,1,,0,1,33613,60000,55000,50000,t
739,TR2696,REP DESEMBOMBADOR ELECT.- GATILLOS,0,,0,1,,0,1,25210,50000,45000,40000,t
740,TR2697,REP DESEMBOMBADOR ELECT.-PASADORES,0,,0,1,,0,1,28571.386667,50000,45000,40000,t
741,TR2698,REP DESEMBOMBADOR ELECT.- PORTABROCA,0,,0,1,,0,1,67227,135000,125000,110000,t
742,TR2699,DINAMO 12KW  TRIFASICO  (SURT) REF: STC-12KW,0,,0,1,,0,1,2749999.7,4599700,4400100,4099900,t
743,TR2700,REP MOTOR ELECT 10HP - VENTILADOR ECONOMICO,0,,0,1,,0,1,13445,28000,25000,23000,t
744,TR2706,ELECTROBOMBA ALTA 2HP REF: 1E0508,0,,0,1,,0,1,1868908,2657100,2600100,2520000,t
745,TR2711,"PLANTA GASOLINA WARRIOR 3100  2.8KW/3.1KW -1F , 120/240V/12VDC 60HZ REF: R3100P-8",0,,0,1,,0,1,1119300,1800000,1699900,1660100,t
746,TR2720,PANEL DE CONTROL 50A 125/250V GENERADOR FG10000,0,,0,1,,0,1,354200,580000,550000,530000,t
747,TR2726,ELECTROBOMBA ALTA 10HP REF: 1E0546,0,,0,1,,0,1,6218487,8570200,8500400,8450000,t
748,TR2731,MOTOR ELECT IE3 WEG HIERRO 10HP 1800 RPM TRIFASICO REF 15325502,0,,0,1,,0,1,3422699.111111,5115700,5013500,4910900,t
749,TR2741,MOTOR SUMERGIBLE PEARL 7.5HP 440V REF: 4MOP75D363,0,,0,1,,0,1,2176200,3526400,3473500,3421000,t
750,TR2742,DIENTE CADENA HUSQVARNA 3/8 1.5,0,,0,1,,0,1,1008.41,2000,1800,1500,t
751,TR2745,REP GUADAÑA HUSQ - CILINDRO COMPLETO 143 RII,0,,0,1,,0,1,52941,90000,85000,80000,t
752,TR2746,REP GUAD HUSQ - KIT EMPAQUES MOTOR 143 RII,0,,0,1,,0,1,2941.18,7000,6000,5000,t
753,TR0226,CORREA A 40,0,,0,1,,0,1,6231.151515,12000,11200,10000,t
754,TR2750,HIDROLAVADORA MAGNUM 1300 PSI PQ 1200W,0,,0,1,,0,1,218403,345000,335000,325000,t
755,TR2764,"TALADRO PERCUTOR DEWALT 1/2"" REF: DWD520",0,,0,1,,0,1,1019000,1580200,1547600,1514900,t
756,TR2771,PLANTA GASOLINA FORTE 7.5 KW REF: FG8000,0,,0,1,,0,1,2480450,3750200,3700200,3650000,t
757,TR2817,SINFÍN MS 651/661,0,,0,1,,0,1,23950,43000,40000,36000,t
758,TR2829,MOTOR DIESEL 14HP TOYAMA XP TDE140  - EJE MIXTO REF: TDE140XP,0,,0,1,,0,1,1621848.66666,2200100,2100100,2000100,t
759,TR2846,SOPLADORA MAKITA 600W INDUSTRIAL,0,,0,1,,0,1,327731.09,520000,499200,488800,t
760,TR2877,MOTOR ELECT IE3 WEG HIER 1200RPM 4HP TRIFA,0,,0,1,,0,1,2638759,3949800,3899900,3850000,t
761,TR2880,COMPRESOR DE AIRE MOLFOX 2HP X 24 LTS,0,,0,1,,0,1,580672,950000,900000,860000,t
762,TR2888,REP DESEMBOMBADOR TOKU TCD-20 #30 NYLON NUT (NPTF 5/8),0,,0,1,,0,1,25000,48000,45000,38000,t
763,TR2889,REP DESEMBOMBADOR TOKU TCD-20 #19 OIL PLUG,0,,0,1,,0,1,24500,48000,45000,38000,t
764,TR2890,REP DESEMBOMBADOR TOKU TCD-20 #15 THROTTLE VALVE STEN,0,,0,1,,0,1,49571.428571,90000,85000,80000,t
765,TR2891,REP DESEMBOMBADOR TOKU TCD-20 #14 THROTTLE PIN,0,,0,1,,0,1,27428.571429,38000,36000,34000,t
766,TR2892,MOTOSIERRA HUSQVARNA 372XP COMPLETA,0,,0,1,,0,1,2162101,3100000,3050100,3000000,t
767,TR2897,DESEMBOMBADOR DE AIRE TOKU TCA7,0,,0,1,,0,1,1453782,2400000,2300100,2200000,t
768,TR2902,ELECTROBOMBA PERIFERICA MERCURY 1/2 HP FHE01,0,,0,1,,0,1,91480,145000,140000,135000,t
769,TR2913,MOTOR GASOLINA FUREKY 18HP GK460,0,,0,1,,0,1,1180264,1850000,1800000,1750100,t
770,TR2914,REP MOTOR DIESEL 14HP - RESORTE TRINQUETE 170-178-186-192,0,,0,1,,0,1,1442,5000,4000,3000,t
771,TR2917,REP MOTOSIERRA HUSQVARNA-BOMBA DE ACEITE 61/272,0,,0,1,,0,1,33613.45,60000,55000,50000,t
772,TR2918,REP MOTOSIERRA HUSQVARNA-SINFIN 61,0,,0,1,,0,1,2521,10000,8000,6000,t
773,TR2919,REP MOTOSIERRA HUSQVARNA - EXOSTO 61,0,,0,1,,0,1,16806.72,32000,30000,28000,t
774,TR2966,MOTOSIERRA HUSQVARNA 585XP COMPLETA,0,,0,1,,0,1,2909412,4200000,4150000,4099900,t
775,TR2970,MOTOR DIESEL 14HP FUREKY,0,,0,1,,0,1,1394789.92,2200000,2150000,2100000,t
776,TR2972,DIENTE CADENA STHIL 1.6  325 X 920 DIENTES 38D,0,,0,1,,0,1,1512.62,2500,2400,2200,t
777,TR2973,MEZCLADORA CONCRETO BAUKER 1/2 BULTO 210LTS,0,,0,1,,0,1,1465546,2200000,2150000,2099900,t
778,TR2977,DINAMO 15KW TRIFASICO (SURT) REF:STC-15KW,0,,0,1,,0,1,3220000,7000000,6899700,6800000,t
779,TR3010,REP MOTOR KOHLER 6.5 HP - BOBINA,0,,0,1,,0,1,134666,200000,195000,192000,t
780,TR3025,"MOTOR SUMERGIBLE PEARL 5HP 220V REF: 4MOP 50C363 4""",0,,0,1,,0,1,1848739.48,2800000,2700000,2600100,t
781,TR3036,REP MOTOR FORTE - JUEGO DE ANILLOS GRUESO GM460/FG10000,0,,0,1,,0,1,22400,37000,35000,33500,t
782,TR3037,REP MOTOR FORTE - JUEGOS DE EMPAQUE GM420/FG8000,0,,0,1,,0,1,24500,40000,38000,36500,t
783,TR3038,REP PLANTA - TAPA TANQUE COMBUSTIBLE FG 2500-3500-6000-8000-10000,0,,0,1,,0,1,10500,17500,16500,15500,t
784,TR3045,REP FUMIGADORA ROYAL CONDOR KIT EMBOLO RC-K8X,0,,0,1,,0,1,3452,6500,6000,5500,t
785,TR3049,REP MOTOSIERRA STHIL AMORTIGUADOR MS382 PQ DELANTERO,0,,0,1,,0,1,20168,34000,32000,30000,t
786,TR3063,W FILTRO DE AIRE PARA COMPRESOR DE TORNILLO,0,,0,1,,0,1,115126,180000,175000,165000,t
787,TR3079,REP DESEMBOMBADOR ELEC - PISTON,0,,0,1,,0,1,48319,80000,77000,72000,t
788,TR3082,BOMBA SUMERGIBLE ALTAMIRA 15HP KOR6 R150-10,0,,0,1,,0,1,2473109,3650000,3549900,3450100,t
789,TR3083,MOTOR SUMERGIBLE PEARL 15HP 440V REF: 6MWCP150D363,0,,0,1,,0,1,4706723,6200000,6100200,6000000,t
790,TR3090,GUADAÑA BELLOTA DB4200-S 41.5 CC,0,,0,1,,0,1,798320,1180000,1150000,1140000,t
791,TR3092,EMPELE ELECTROBOMBA CAR. REF:23480 1.5 HP SAL. 11/2 X 11/2 MONO DE PASTA,0,,0,1,,0,1,58800,94100,90200,83900,t
792,TR3112,MOTOR DIESEL 10HP FUREKY,0,,0,1,,0,1,1077033,1616000,1567000,1518100,t
793,TR3113,CAJA REDUCTORA SINFIN CORONA TAM 150 30-1,0,,0,1,,0,1,2260177,3300000,3250000,3200000,t
794,TR3117,MOTOBOMBA WARRIOR 6.5 HP 11/2 X 11/2 DE ALTA,0,,0,1,,0,1,755300,1100000,1080000,1050000,t
795,TR3118,ELECTROBOMBA ALTA 3HP REF: 1E0559,0,,0,1,,0,1,1799850,4000000,3950000,3900000,t
796,TR3120,HIDROLAVADORA INALAMBRICA BLACK+DECKER 350PSI,0,,0,1,,0,1,427706,600000,590000,580000,t
797,TR3122,REP COLUMNA Y28 #24 LOCKIN NUIT,0,,0,1,,0,1,5210,14000,12000,10000,t
798,TR3123,MOTOR DIESEL 24HP FORTE 3600RPM EJE CUÑA,0,,0,1,,0,1,5799999.4,8300200,8199800,8100100,t
799,TR3124,MOTOSIERRA STHIL ELECTRICA MSE-210,0,,0,1,,0,1,1445378.15,1930000,1910000,1900000,t
800,TR3126,REGULADOR ELEVADOR MAGON 1500E POT,0,,0,1,,0,1,211765,0,0,0,t
801,TR3157,MOTOR SUMERGIBLE PEARL 7.5HP 220V  REF: 4MOP75C363,0,,0,1,,0,1,2404202,3150000,3050000,2950000,t
802,TR3158,MOTOR GASOLINA FUREKY 13HP,0,,0,1,,0,1,828243,1300000,1250000,1200000,t
803,TR3174,PLANTA GASOLINA WARRIOR 2.500 2.2KW/2.5KW,0,,0,1,,0,1,935900,1400000,1350000,1300000,t
804,TR3187,PLANTA TIPO MALETIN 2500KW TRACKER,0,,0,1,,0,1,1303659,1850100,1800100,1750100,t
805,TR3198,ELECTROBOMBA AUTO. 2HP REF:1D0048,0,,0,1,,0,1,1731092.3,0,0,0,t
806,TR3203,PLANTA DIESEL KTC 7KVA MONOF REF:437-0DG8-1,0,,0,1,,0,1,3957983,0,0,0,t
807,TR3232,REP MARTILLO Y19 #44 HANDLE BOLT (VARIILA),0,,0,1,,0,1,23529.41,40000,38000,35000,t
808,TR3241,"TRONZADORA INGCO 14"" 110/220V  REF-UCOS243558",0,,0,1,,0,1,446500,650000,640000,630000,t
809,TR3243,REP ELECTROBOMBA - BUJE O CAMISA 1 1/4 REF - 23864,0,,0,1,,0,1,71400,150000,146000,144000,t
810,TR3245,DINAMO SURT 3 KW MONOFASICO,0,,0,1,,0,1,1470000,1970000,19500000,1930000,t
811,TR3253,REP MOTOR 14 HP - MOFLE O EXOSTO,0,,0,1,,0,1,101696,150000,145000,140000,t
812,TR3254,MOTOR GASOLINA WARRIOR 6.5HP ROSCA CUÑA 3/4,0,,0,1,,0,1,432600,620000,600000,590000,t
813,TR3255,MOTOR GASOLINA WARRIOR 17HP ROSCA CUÑA,0,,0,1,,0,1,1200500,1650000,1599900,1599900,t
814,TR3256,BOMBA DE ALTA 1.5 HP X 1.5 HP PARA 6.5 HP,0,,0,1,,0,1,289800,450000,430000,420000,t
815,TR3258,BOMBA SUMERGIBLE PEARL 3HP 4PWP 60G30,0,,0,1,,0,1,647058.82,900000,890000,880000,t
816,TR3267,MOTOR GASOLINA FUREKY 15 HP GK 420,0,,0,1,,0,1,913768,1372200,1324900,1277600,t
817,TR3269,BOMBA DE ALTA COMPLETA 2 X 2,0,,0,1,,0,1,364949,540000,520000,510000,t
818,TR3271,REP FUMIGADORA MOTOR - POLE DE ARRANQUE,0,,0,1,,0,1,18663.2,32000,30000,27000,t
819,TR3277,REP MARTILLO YT28 - KIT VALVULA DEL AGUA COMPLETO,0,,0,1,,0,1,35294,100000,95000,85000,t
820,TR3304,CABEZOTE 2 HP V2051 PEQUEÑO,0,,0,1,,0,1,267155,385000,375000,365000,t
821,TR3310,REP MOTOR 10 - TAPA VALVULA COMPLETA 2T,0,,0,1,,0,1,23180,40000,37000,35000,t
822,TR3337,REP DESEMBOMBADOR TOKU TCD-20 #25 BACK HEAD BOLT NUT,0,,0,1,,0,1,7900,0,0,0,t
823,TR3354,MOTOSIERRA STHIL MS-661,0,,0,1,,0,1,3193277,0,0,0,t
824,TR3355,REP MOTOR FORTE 1000 - ELEMENTO FILTRO DE AIRE FD-1000,0,,0,1,,0,1,10500,18000,16500,15500,t
825,TR3356,REP MOTOR FORTE 1000 - FILTRO DE ACEITE FD-1000,0,,0,1,,0,1,22960,38000,35000,33500,t
826,TR3357,PLANTA DIESEL ECOHORSE 8500 KW,0,,0,1,,0,1,3697232,4950100,4899900,4849900,t
827,TR3358,PLANTA DIESEL ECOHORSE 6700 KW,0,,0,1,,0,1,3083696,4350200,4300200,4249900,t
828,TR3379,KIT PISTON GENERICO MS 310,0,,0,1,,0,1,79832,0,0,0,t
829,TR3390,REP PLANTA 8500 AVR WARRIOPR,0,,0,1,,0,1,109244,0,0,0,t
830,TR3391,REP GUADAÑA SHINDAIWA - CAMPANA B-45,0,,0,1,,0,1,11337,20000,18000,17000,t
831,TR3392,REP FUMIGADORA MOTOR KTC - YOYO,0,,0,1,,0,1,9799,20000,17000,15000,t
832,TR3396,REP GUADAÑA HUSQVARNA - COMANDO ACELARACION COMPLETO 143R,0,,0,1,,0,1,90284,140000,135000,130000,t
833,TR3397,MOTOSIERRA HUSQVARNA 450 COMPLETA,0,,0,1,,0,1,1134454,0,0,0,t
834,TR3410,CABEZOTE  30-90 3 PISTONES,0,,0,1,,0,1,980000,1380000,1350100,1300000,t
835,TR3417,REP PLANTA FORTE -FILTRO DE AIRE FG-6000-8000-1000,0,,0,1,,0,1,56000,90000,85000,80000,t
836,TR3418,REP PLANTA FORTE - RUEDA FG - 10.000,0,,0,1,,0,1,35000,60000,55000,51000,t
837,TR3430,"MOTOR SIEMENS IE3, 10HP 1800 RPM, 220/380/440V TRIFASICO REF: 1LE0143- 1BB26-4AA4-Z D80+D81",0,,0,1,,0,1,2965546,3999900,3949800,3899800,t
838,TR3437,REP MS HUSQ ORIG - CARBURADOR 435 REF-5501,0,,0,1,,0,1,147119,225000,220000,218000,t
839,TR3438,REP MS HUSQ ORIG - BALINERA CARTER (6202) 272XP-61 REF-2901,0,,0,1,,0,1,15801,28000,26000,24000,t
840,TR3439,REP MS HUSQ ORIG- JUEGO EMPAQUE  272XP-61 REF-2602,0,,0,1,,0,1,40196.857143,50000,48000,46000,t
841,TR3440,REP MS HUSQ ORI - PIÑON LOCO 3/8X7 MS-268-272-372 REF-8002,0,,0,1,,0,1,16563.8,28000,26000,24000,t
842,TR3445,IMPULSOR ROBUSTA  5HP,0,,0,1,,0,1,132790,220000,210000,200000,t
843,TR3446,"CODO CONECTOR ROBUSTA 5HP 2""",0,,0,1,,0,1,53833.67,100000,90000,80000,t
844,TR3447,"CODO CONECTOR ROBUSTA 7.5HP 11/2""",0,,0,1,,0,1,48450.5,95000,85000,75000,t
845,TR3448,REP MS HUSQ ORIG- FILTRO MICRA AR 50 585XP REF-8803,0,,0,1,,0,1,63295,105000,100000,95000,t
846,TR3449,REP GUADAÑA HUSQ 541RS TUERCA TRASMISION -ORG (579076401),0,,0,1,,0,1,4417.6,9000,8000,7000,t
847,TR3450,REP GUADAÑA HUSQ 541RS/531RS/236R PIÑON CUCHILLA -ORG (579077101),0,,0,1,,0,1,25575,42000,40000,38000,t
848,TR3451,REP GUAD HUSQ ORIG - MANILLAR DERECHO 541R REF-9601,0,,0,1,,0,1,76644,125000,120000,115000,t
849,TR3452,REP GUAD HUSQ ORIG - CIGUEÑAL COMPLETO 541RST REF-5301,0,,0,1,,0,1,135390,220000,210000,200000,t
850,TR3454,REP MS HUSQ ORIG - EMPAQUE CILINDRO 281-288 REF-1302,0,,0,1,,0,1,4076,7000,6500,6000,t
851,TR3455,REP MS HUSQ ORIG - CILINDRO COMPLETO MS.288 REF-3102,0,,0,1,,0,1,465989,650000,630000,615000,t
852,TR3456,REP MS HUSQ ORIG - CARBURADOR MS 281-288 REF-5301,0,,0,1,,0,1,165503.25,260000,255000,250000,t
853,TR3457,REP FUMI MOT HUSQV ORIG - CARBURADOR CPL 321S15 REF-1301,0,,0,1,,0,1,69404,120000,115000,110000,t
854,TR3458,REP MS HUSQ ORIG - CARBURADOR  MS 61 272 268 REF -1601,0,,0,1,,0,1,210429,320000,310000,300000,t
855,TR3459,REP GUA HUSQ ORIG - SOPORTE CUCHILLA 241R REF-8101,0,,0,1,,0,1,18750,32000,30000,27500,t
856,TR3460,REP GUA HUSQ ORIG - MANILLAR IZQUIERDO REF-9701,0,,0,1,,0,1,53470,90000,85000,80000,t
857,TR3461,REP GUA HUSQ ORIG - EJE TRASMISISON 143Rll REF-3201,0,,0,1,,0,1,60045,92000,90000,88000,t
858,TR3462,REP GUA HUSQ ORIG -  CARBURADOR 143Rll 2AGUJAS REF-6701,0,,0,1,,0,1,114932,175000,170000,165000,t
859,TR3463,REP GUA HUS ORIG - TUBO CARDAN REF-9201,0,,0,1,,0,1,97661,150000,145000,140000,t
860,TR3466,REP MOTOR DIESEL 12HP 188F - ANILLOS STD,0,,0,1,,0,1,22269,0,0,0,t
861,TR3467,REP MOTOR DIESEL 12HP - CASQUETE 188F,0,,0,1,,0,1,16807,0,0,0,t
862,TR3468,REP MOTOR DIESEL 12HP 188F - KIT EMPAQUE,0,,0,1,,0,1,25210,0,0,0,t
863,TR3478,MOTOR GASOLINA FUREKY 6.5 HP EJE MIXTO,0,,0,1,,0,1,295408,450000,430000,420000,t
864,TR3494,MOTOR DIESEL BARNES 13HP REF-19416 CUÑA,0,,0,1,,0,1,1405000,2100000,2000000,1949900,t
865,TR3497,MALACATE 2HP MONOFASICO (SIN BASE),0,,0,1,,0,1,2577143,3900000,3799800,3699800,t
866,TR3500,CINTA TRASPARENTE BASIC 48MM X 40M,0,,0,1,,0,1,2900.05,7000,6000,5000,t
867,TR3501,INVERSOR SOLDADOR FURIUS 250AMP FW253,0,,0,1,,0,1,584807,950000,900000,850000,t
868,TR3504,PLANTA GASOLINA ARVEK 3.5KW 110/220V 4T REF:GE3500G,0,,0,1,,0,1,1110000,1900000,1800000,1700000,t
869,TR3521,MOTOSIERRA STHIL MS 60.0 C-B 1/4,0,,0,1,,0,1,1193277,1980000,1856300,1811000,t
870,TR3529,ESTACIONARIA ROYAL CONDOR CON MOTOR ELECTRICO 3HP,0,,0,1,,0,1,2184874,3666700,3487800,3364700,t
871,TR3544,MOTOR DIESEL 15HP ECOHORSE 36000RPM ROCA/CUÑA,0,,0,1,,0,1,1699740,3178500,2966600,2889600,t
872,TR3545,MOTOR DIESEL 12HP ECOHORSE 36000RPM ROSCA/CUÑA,0,,0,1,,0,1,1451030,2713400,2532500,2404300,t
873,TR3549,ELECTROBOMBA FANCY DRENAJE 10HP 440V,0,,0,1,,0,1,6386555,11452100,11146700,10072300,t
874,TR3554,REP MOTOSI STHIL TRINQUETE 180-310-250-382,0,,0,1,,0,1,3361.3,4400,5500,5300,t
875,TR3555,REP MOTOSI STHIL ORIGINAL - YOYO COMPLETO MS250,0,,0,1,,0,1,137815,240500,225500,217300,t
876,TR3560,MOTOSIERRA ELECTRICA TRUPER REF-16295,0,,0,1,,0,1,448739.48,783200,734200,691100,t
877,TR3592,REP FUMI MOTOR TU-26 - MANGUERA LANZA,0,,0,1,,0,1,11764.71,30800,25700,22000,t
878,TR3605,REP FUMIGADORA MOTOR - COMANDO ACELERADOR COMPLETO,0,,0,1,,0,1,6722.69,17600,14700,12600,t
879,TR3609,REP FUMIGA MOTOR - FILTRO AIRE TU-26,0,,0,1,,0,1,840.34,5500,1800,1600,t
880,TR3631,BOMBA SUMERGIBLE AQUAPACK 1HP REF: ROBUSTA2/10/220V,0,,0,1,,0,1,606773,1168000,1088000,1045100,t
881,TR3632,BOMBA SUMERGIBLE AQUAPACK 3HP 220V REF: ROBUSTA2.5/30/3230,0,,0,1,,0,1,1274051,2284600,2165900,2033800,t
882,TR3633,COMPRESOR AIRMAN REF-PDS185S-6C2,0,,0,1,,0,1,78000000,136136000,127627500,120120000,t
883,TR3634,MOTOR FUREKY DIESEL 7HP,0,,0,1,,0,1,1014997,1527200,1492800,1444200,t
884,TR3635,PALA COLIMA CUADRADA #4,0,,0,1,,0,1,20496,32900,30400,27900,t
885,TR3668,REP MOTOR KTC 10HP - TAPA CARTER,0,,0,1,,0,1,89529,117200,117200,117200,t
886,TR3669,REP MOTOR KTC 10HP - INYECTOR,0,,0,1,,0,1,65000,85100,85100,85100,t
887,TR3670,REP MOTOR KTC 10HP - BOMBA INYECCION,0,,0,1,,0,1,54000,70700,70700,70700,t
888,TR3671,REP MOTOR KTC 10HP - KIT EMPAQUETADURA,0,,0,1,,0,1,15000,19600,19600,19600,t
889,TR3672,REP MOTOR KTC 10HP - CASQUETES,0,,0,1,,0,1,8000,10500,10500,10500,t
890,TR3673,REP MOTOR KTC 10HP - KIT VALVULA ADMISION,0,,0,1,,0,1,10000,5200,5200,5200,t
891,TR3674,REP MOTOR KTC 10HP - KIT VALVULA ESCAPE,0,,0,1,,0,1,4000,5200,5200,5200,t
892,TR3675,REP MOTOR KTC 10HP - PISTON COMPLETO,0,,0,1,,0,1,4000,39300,39300,39300,t
893,TR3676,REP MOTOR KTC 10HP - BIELA,0,,0,1,,0,1,30000,52400,52400,52400,t
894,TR3677,REP MOTOR KTC 10HP - KIT ANILLOS,0,,0,1,,0,1,40000,13100,13100,13100,t
895,TR3678,REP MS HUSQVARNA - CARBURADOR 358 REF- MS585,0,,0,1,,0,1,268907.666666,0,0,0,t
896,TR3680,REP MOTOR KTC 10HP - BLOQUE,0,,0,1,,0,1,250000,327300,327300,327300,t
897,TR2428,TALADRO DEWALT + CAJA ACCESORIOS REF: DCD7781S2A-BE,0,,0,1,,0,1,641000,950000,930000,920000,t
898,TR3648,CORREA C 106,0,,0,1,,0,1,87000,151800,142400,134000,t
899,TR1543,CUCHILLA GUADAÑA COLIMA ROJA REF: 80922541,0,,0,1,,0,1,7492.08,10500,10000,9500,t
900,TR2784,CUCHILLA GUADAÑA COLIMA NEGRO,0,,0,1,,0,1,10000,0,0,0,t
901,TR1150,REP MOTOSIERRA HUSQVARNA - BOMBA ACEITE 365/372/390 BRANDFOR,0,,0,1,,0,1,27227,55000,50000,45000,t
902,TR1588,MARTILLO COLIMA CABO HIERRO 29MM,0,,0,1,,0,1,20402,35000,33000,30000,t
903,TR1592,CANDADO YALE 40MM,0,,0,1,,0,1,32027.666667,60000,58000,55000,t
904,TR1593,CANDADO YALE 50MM,0,,0,1,,0,1,46206.857143,85000,80000,75000,t
905,TR1793,FILTRO BALDWIN REF: BF1280,0,,0,1,,0,1,41685.491147,76100,71400,66600,t
906,TR1958,DESEMBOMBADOR AIRE GENERICO TCD20,0,,0,1,,0,1,882353,2500000,2400200,2299900,t
907,TR2649,FILTRO BALDWIN REF: BF1249-O,0,,0,1,,0,1,78728,135000,130000,121000,t
908,TR3524,FILTRO BALDWIN REF: BF9828-D,0,,0,1,,0,1,109244,0,0,0,t
909,TR3574,"JUEGO COPAS TOTAL X 25 PZS 1/2"" REF-TAT1251",0,,0,1,,0,1,183193.28,328500,307400,299800,t
910,TR3575,AMARRE PLASTICO NEGRO 4.8 X 400MM X 100,0,,0,1,,0,1,114.285,300,300,300,t
911,TR3577,CARETA SOLDAR SUMO SW-550,0,,0,1,,0,1,99990,174500,167800,157700,t
912,TR3578,"PULIDPORA DEWALT 9"" DWE-490",0,,0,1,,0,1,679000,1021600,998700,987600,t
913,TR3590,ESLINGA ARMADURA 1.80CM REF: A0359,0,,0,1,,0,1,145000,260000,243300,226000,t
914,TR0001,ABRAZADERA CREMALLERA REF:10-00  85MM,0,,0,1,,0,1,449,1200,1100,900,t
915,TR0002,ABRAZADERA CREMALLERA REF:10-04 8-16MM,0,,0,1,,0,1,447.937008,1300,1200,1100,t
916,TR0003,ABRAZADERA CREMALLERA REF:10-06  12-20MM,0,,0,1,,0,1,462.306569,1100,1000,1000,t
917,TR0004,ABRAZADERA CREMALLERA REF:30-06  11-20MM,0,,0,1,,0,1,1590.3,3200,3100,2800,t
918,TR0005,ABRAZADERA CREMALLERA REF:30-08  13-23MM,0,,0,1,,0,1,1501.153846,3000,2800,2600,t
919,TR0006,ABRAZADERA CREMALLERA REF:30-10 (3/4) 14-27MM,0,,0,1,,0,1,1570.363636,3600,3300,3100,t
920,TR0007,ABRAZADERA CREMALLERA REF:30-12  17-32MM,0,,0,1,,0,1,1560.407407,3600,3400,3100,t
921,TR0008,"ABRAZADERA EXOSTO REF: 1 1/2"" TITAN",0,,0,1,,0,1,5868.972852,12800,11000,9600,t
922,TR0009,"ABRAZADERA EXOSTO REF: 2 1/2"" TITAN",0,,0,1,,0,1,7632.772855,13500,12600,11900,t
923,TR0010,"ABRAZADERA EXOSTO REF: 3 1/2"" TITAN",0,,0,1,,0,1,17323.253149,30200,28300,26700,t
924,TR0011,ABRAZADERA INDUSTRIAL REF:501,0,,0,1,,0,1,6019.101275,12000,11100,10700,t
925,TR0012,ABRAZADERA INDUSTRIAL REF:503,0,,0,1,,0,1,6129.407145,10800,10000,9400,t
926,TR0013,ABRAZADERA INDUSTRIAL REF:505,0,,0,1,,0,1,6028,10700,9900,9300,t
927,TR0014,ABRAZADERA INDUSTRIAL REF:506,0,,0,1,,0,1,6112,10800,10000,9400,t
928,TR0015,ABRAZADERA INDUSTRIAL REF:507,0,,0,1,,0,1,6285.260211,11100,10400,9700,t
929,TR0016,ABRAZADERA INDUSTRIAL REF:508,0,,0,1,,0,1,6038.61537,12400,11500,10800,t
930,TR0017,ABRAZADERA INDUSTRIAL REF:509,0,,0,1,,0,1,6309.431546,11300,10400,9800,t
931,TR0018,ABRAZADERA INDUSTRIAL REF:510,0,,0,1,,0,1,6113.534483,12600,11700,11000,t
932,TR0019,ABRAZADERA INDUSTRIAL REF:512,0,,0,1,,0,1,5628.878966,10000,9400,9000,t
933,TR0020,ABRAZADERA INDUSTRIAL REF:514,0,,0,1,,0,1,6453.091837,13000,12100,11300,t
934,TR0050,"ACOPLE AIRE ESPIGO 1""",0,,0,1,,0,1,6377.957112,15000,11700,11000,t
935,TR0051,"ACOPLE AIRE ESPIGO 3/4""",0,,0,1,,0,1,6042.217092,11400,10600,9800,t
936,TR0052,"ACOPLE AIRE HEMBRA 1""",0,,0,1,,0,1,4397.886481,14400,11500,9600,t
937,TR0053,"ACOPLE AIRE HEMBRA 3/4""",0,,0,1,,0,1,5171.561956,10100,9400,8100,t
938,TR0054,"ACOPLE ALUMINIO MACHO 1 1/2""",0,,0,1,,0,1,7491,15000,12700,11600,t
939,TR0055,"ACOPLE ALUMINIO MACHO 1""",0,,0,1,,0,1,4818,9600,8200,7500,t
940,TR0056,"ACOPLE ALUMINIO MACHO 1/2""",0,,0,1,,0,1,3630,6700,6100,5900,t
941,TR0057,"ACOPLE ALUMINIO MACHO 2""",0,,0,1,,0,1,9570,19100,16200,13200,t
942,TR0058,"ACOPLE ALUMINIO MACHO 3""",0,,0,1,,0,1,16405.5,29300,24800,22100,t
943,TR0059,"ACOPLE ALUMINIO MACHO 3/4""",0,,0,1,,0,1,4356,8700,7400,6500,t
944,TR0060,"ACOPLE ALUMINIO MACHO 4""",0,,0,1,,0,1,23496,47000,39800,35400,t
945,TR0061,"ACOPLE ALUMINIO RAPIDO TP C 1 1/2"" ESPIGO",0,,0,1,,0,1,18352.027027,37800,34900,31500,t
946,TR0062,"ACOPLE ALUMINIO RAPIDO TP C 1"" ESPIGO",0,,0,1,,0,1,16807,25700,25700,23200,t
947,TR0063,"ACOPLE ALUMINIO RAPIDO TP C 2"" ESPIGO",0,,0,1,,0,1,35462.2,50300,50300,45400,t
948,TR0064,"ACOPLE ALUMINIO RAPIDO TP C 3"" ESPIGO",0,,0,1,,0,1,43697,65100,63300,60700,t
949,TR0065,"ACOPLE ALUMINIO RAPIDO TP F 1 1/2"" MACHO",0,,0,1,,0,1,13925.428571,28400,26200,23000,t
950,TR0066,"ACOPLE ALUMINIO RAPIDO TP F 1"" MACHO",0,,0,1,,0,1,6344.666667,17800,16500,15600,t
951,TR0227,CORREA B 55,0,,0,1,,0,1,13324,23300,21800,20000,t
952,TR0067,"ACOPLE ALUMINIO RAPIDO TP F 2"" MACHO",0,,0,1,,0,1,14520,26600,24600,22200,t
953,TR0068,"ACOPLE ALUMINIO RAPIDO TP F 3"" MACHO",0,,0,1,,0,1,26221.59596,44100,41000,39800,t
954,TR0069,"ACOPLE ALUMINIO REDUCCION 2"" X 1 1/2""",0,,0,1,,0,1,13447.201765,24700,22800,21100,t
955,TR0070,"ACOPLE ALUMINIO REDUCCION 2"" X 1""",0,,0,1,,0,1,5589,10500,9800,9100,t
956,TR0071,"ACOPLE ALUMINIO REDUCCION 3"" X 2""",0,,0,1,,0,1,14788.915592,25000,23200,22000,t
957,TR0072,AEROSOL MASSO NEGRO,0,,0,1,,0,1,5630.55228,10500,9800,9200,t
958,TR0076,"ALICATE UNIVERSAL AMARILLO 8""",0,,0,1,,0,1,7739.434092,14800,13400,12700,t
959,TR0077,"ALICATE DIABLO 105"" HERRAGRO",0,,0,1,,0,1,31440,58800,57200,52800,t
960,TR0078,"ALICATE SACA PINES 7"" GRANDE UYUSTOOLS",0,,0,1,,0,1,42930,78000,74900,72000,t
961,TR0079,"ALICATE SATA CORTE DIAGONAL 6"" REF: 70202",0,,0,1,,0,1,25466.65,46300,44400,42700,t
962,TR0080,"ALICATE SATA CORTE DIAGONAL 7"" REF: 70203",0,,0,1,,0,1,27260.169286,50000,48000,46200,t
963,TR0081,"ALICATE SATA CURVO ANILLO RETENCION EXTERIOR 7"" REF: 72022-72042",0,,0,1,,0,1,30787,57600,53700,50400,t
964,TR0082,"ALICATE SATA PRESION CON CADENA 19"" REF: 71701",0,,0,1,,0,1,55647,101200,97100,91100,t
965,TR0083,"HOMBRESOLO SATA 10"" RECTO REF: 71203",0,,0,1,,0,1,25866.18,46800,44900,42100,t
966,TR0084,"ALICATE SATA RECTO ANILLO RETENCION EXTERIOR 7"" REF: 72012-72032",0,,0,1,,0,1,30161,54800,52600,49400,t
967,TR0085,"ALICATE SATA UNIVERSAL 8""  REF: ST70303AST",0,,0,1,,0,1,32032.128368,57700,55400,51900,t
968,TR0086,AMARRE PLASTICO NEGRO 3.6 X 200MM X 100,0,,0,1,,0,1,27.072805,100,100,100,t
969,TR0087,AMARRE PLASTICO NEGRO 3.6 X 250MM X 100,0,,0,1,,0,1,36.160584,100,100,100,t
970,TR0088,AMARRE PLASTICO NEGRO 3.6 X 300MM X 100,0,,0,1,,0,1,39.33,100,100,100,t
971,TR0089,AMARRE PLASTICO NEGRO 3.9 X 400MM X 100,0,,0,1,,0,1,85.305263,200,200,200,t
972,TR0090,AMARRE PLASTICO NEGRO 7.0 X 500MM  X 100,0,,0,1,,0,1,252.1,400,400,400,t
973,TR0091,"ARANDELA 1/2""",0,,0,1,,0,1,109.09444,300,300,200,t
974,TR0092,"ARANDELA 3/8""",0,,0,1,,0,1,81.641845,200,100,100,t
975,TR0093,"ARANDELA 5/8""",0,,0,1,,0,1,212.188368,500,500,400,t
976,TR0094,ARANDELA 7/16,0,,0,1,,0,1,95.88,300,200,200,t
977,TR0095,ARAÑA PARA CASCO,0,,0,1,,0,1,5260.527778,10300,9500,8300,t
978,TR0097,"ASPERSOR PLASTICO HERRAGO-LEON 1/2"" REF: 603360",0,,0,1,,0,1,7140,13400,12800,12000,t
979,TR0100,BALINERA 6207 2RS,0,,0,1,,0,1,11609.6475,30000,25000,20000,t
980,TR0101,"BERBIQUI STANLEY 10"" REF: 02-110",0,,0,1,,0,1,80626.75,140700,131900,128700,t
981,TR0102,BENJAMIN CADENA MERCURY,0,,0,1,,0,1,2005.692308,4400,4000,3800,t
982,TR0103,BISTURI WERK,0,,0,1,,0,1,6747,12600,11800,11000,t
983,TR0113,BOMBILLO LED MERCURY 20W,0,,0,1,,0,1,3966.279434,8000,7400,6900,t
984,TR0114,BOMBILLO LED MERCURY 30W,0,,0,1,,0,1,5703.620141,11300,10500,9800,t
985,TR0115,BOMBILLO LED MERCURY 40W,0,,0,1,,0,1,8705.139406,17500,16200,15200,t
986,TR0116,BOMBILLO LED MERCURY 50W,0,,0,1,,0,1,12016.81,20700,19200,17900,t
987,TR0117,BOMBILLO LED MERCURY 7W,0,,0,1,,0,1,2304,4600,4300,4000,t
988,TR0118,BOMBILLO LED TITANIUM 9W,0,,0,1,,0,1,2309,4600,4300,4000,t
989,TR0119,"BOQUILLA ALUMINIO PUNTA BRONCE 2""",0,,0,1,,0,1,32802,58200,53900,50100,t
990,TR0122,BOTAS CAUCHO PUNTA ACERO 3025 #38-39-40-41-42-43,0,,0,1,,0,1,57143,95300,91700,86100,t
991,TR0123,BOTAS CUERO CAFE LISA KONDOR #39,0,,0,1,,0,1,55982,97700,93900,89400,t
992,TR0124,BOXER PL 285 X 375 CC,0,,0,1,,0,1,8835.836877,16500,15400,14500,t
993,TR0125,BOXER PL 285 X 750 CC,0,,0,1,,0,1,15851.640937,31000,27700,26900,t
994,TR0127,BREKE ATORNILLABLE 2X15A LUMINEX,0,,0,1,,0,1,88582,144900,136400,128800,t
995,TR0128,BREKE ATORNILLABLE 3X20A LUMINEX,0,,0,1,,0,1,154878,253400,238500,225300,t
996,TR0129,BREKE ATORNILLABLE 3X40A LUMINEX,0,,0,1,,0,1,170662,279200,262800,245500,t
997,TR0130,BREKE ENCHUFABLE 1X20A LUMINEX,0,,0,1,,0,1,13004,22700,21300,20800,t
998,TR0131,BREKE ENCHUFABLE 1X30A LUMINEX,0,,0,1,,0,1,12764.344828,22700,17000,20800,t
999,TR0132,BREKE ENCHUFABLE 1X40A LUMINEX,0,,0,1,,0,1,12372.181818,22700,17000,20800,t
1000,TR0133,BREKE ENCHUFABLE 3X20A LUMINEX,0,,0,1,,0,1,83436.272727,144600,135600,127600,t
1001,TR0134,BREKE ENCHUFABLE 3X50A LUMINEX,0,,0,1,,0,1,103271.838044,180200,169000,159000,t
1002,TR0135,BREKE RIEL 3X20A CHINT,0,,0,1,,0,1,27818.24,48600,45500,42900,t
1003,TR0136,BREKE RIEL 3X25A CHINT,0,,0,1,,0,1,28208.960418,49800,46600,42900,t
1004,TR0137,BREKE RIEL 3X40A CHINT,0,,0,1,,0,1,27818.24,49800,46600,42900,t
1005,TR0139,ENGRASADORA MANUAL LEON DE 1 LB PRESOL,0,,0,1,,0,1,37800,66000,61900,58200,t
1006,TR0140,BROCA ESPADA MADERA 1 X 6,0,,0,1,,0,1,6716.935606,11900,11200,10700,t
1007,TR0141,BROCA ESPADA MADERA 1/2 X 6,0,,0,1,,0,1,5608,9800,9200,8700,t
1008,TR0142,BROCA ESPADA MADERA 3/4 X 6,0,,0,1,,0,1,4401.4,6500,6200,5900,t
1009,TR0143,BROCA ESPADA MADERA 3/8 X 6,0,,0,1,,0,1,5533.384615,9900,9200,8600,t
1010,TR0144,BROCA ESPADA MADERA 5/8 X 6,0,,0,1,,0,1,3460.69,6300,5900,5200,t
1011,TR0145,BROCA ESPADA MADERA 7/8 X 6,0,,0,1,,0,1,3726,7000,6500,5800,t
1012,TR0146,"BROCA HIERRO 1/4""",0,,0,1,,0,1,4997.52639,10300,9600,9000,t
1013,TR0147,"BROCA HIERRO 1/8""",0,,0,1,,0,1,2241.727286,4400,4000,3900,t
1014,TR0148,"BROCA HIERRO 3/16""",0,,0,1,,0,1,3623.06526,7000,6200,5900,t
1015,TR0149,"BROCA MURO MAKITA 5/16"" X 12""",0,,0,1,,0,1,6361,11600,10400,9900,t
1016,TR0150,"BROCA SDS MAX 1 1/4 X 21"" 6 PUNTAS MAKITA",0,,0,1,,0,1,268907.56,381300,357500,336500,t
1017,TR0151,"BROCA SDS MAX 1 1/4 X 36"" 5 PUNTAS MAKITA",0,,0,1,,0,1,478445.8,835000,782900,736800,t
1018,TR0152,BROCA SDS PLUS 1/2 X 6 MAKITA,0,,0,1,,0,1,6885,12000,11300,10600,t
1019,TR0153,BROCA SDS PLUS 3/8 X 6 MAKITA,0,,0,1,,0,1,5711,10000,9300,8800,t
1020,TR0155,"BUJE BRONCE 1"" X 3/4 X 38",0,,0,1,,0,1,10171.428571,20500,17800,16200,t
1021,TR0156,BUJIA PATA CORTA CHAMPION,0,,0,1,,0,1,6272.232323,11700,10900,9700,t
1022,TR0157,BUJIA PATA LARGA ALTERMAN,0,,0,1,,0,1,3598.774275,7200,6300,5700,t
1023,TR0159,CABLE CAMARAS UTP 6 XION X 305 MTS,0,,0,1,,0,1,112226.705882,187200,180400,174000,t
1024,TR0169,CABO PALA ECON,0,,0,1,,0,1,6974.75,9400,8800,8300,t
1025,TR0170,CABULLA TESICOL X 130 MTS (HILO ATAFACIL),0,,0,1,,0,1,2438.294208,5400,5000,4700,t
1026,TR0171,CABULLA TESICOL X 750 MTS (HILO ATAFACIL),0,,0,1,,0,1,13003.92958,24900,23300,21800,t
1027,TR0172,CAJA ELECTRICA CUADRADA,0,,0,1,,0,1,583,1100,1000,1000,t
1028,TR0173,CAJA ELECTRICA 24 CTO TRIFASICA,0,,0,1,,0,1,234151.833333,453300,425000,400000,t
1029,TR0174,CAJA ELECTRICA RECTANGULAR,0,,0,1,,0,1,368.1,800,700,700,t
1030,TR0175,CAJA PASO 20X25X10 PROELECTS,0,,0,1,,0,1,37815,58900,55000,51500,t
1031,TR0176,CALIBRADOR DE LLANTA WUFU 0-100PSI DC-3,0,,0,1,,0,1,5103,9500,8900,8400,t
1032,TR0177,CANDADO FANAL 25MM,0,,0,1,,0,1,2916,5500,5100,4800,t
1033,TR0178,CANDADO FANAL 38MM,0,,0,1,,0,1,6147.75,12700,11800,11000,t
1034,TR0179,CANDADO FANAL 50MM,0,,0,1,,0,1,10799,21700,20200,18800,t
1035,TR0180,CANDADO FANAL 63MM,0,,0,1,,0,1,15872.5,32000,29700,27700,t
1036,TR0181,CARETA 3M MEDIA CARA REF: 6200,0,,0,1,,0,1,42000,77000,71100,66000,t
1037,TR0182,CARETA 3M MEDIA CARA REF: 7502 Y 7203,0,,0,1,,0,1,54000,99000,91400,84900,t
1038,TR0183,CARETA SEGURIDAD CON MALLA ( KANGAROO ),0,,0,1,,0,1,15118,30400,28300,26400,t
1039,TR0184,CARETA SOLDAR UNITED VISOR LEVANTABLE,0,,0,1,,0,1,18680,37600,34900,32600,t
1040,TR0185,CARRETILLA 3000 ANTIPINCHAZO METALICA,0,,0,1,,0,1,181011.115385,306600,295200,289600,t
1041,TR0186,CARRETILLA 5000 ANTIPINCHAZO PLASTICA,0,,0,1,,0,1,191009.942308,307500,297100,290500,t
1042,TR0187,CARTUCHO 3M REF: 2097,0,,0,1,,0,1,22680,41200,39600,38600,t
1043,TR0188,CARTUCHO 3M REF: 7093,0,,0,1,,0,1,28350,52000,48000,44600,t
1044,TR0189,CARTUCHO 3M REF: 7093C,0,,0,1,,0,1,37566.037736,69700,64300,57200,t
1045,TR0190,CARTUCHO 3M REF: 6003,0,,0,1,,0,1,42000,77000,71100,66000,t
1046,TR0191,CARTUCHO REF: 6006,0,,0,1,,0,1,62185,100800,93100,82900,t
1047,TR0192,CASCO 4 PUNTOS SIN PORTA LAMPARA,0,,0,1,,0,1,22275,44900,41700,38900,t
1048,TR0193,CASCO PORTA LAMPARA - EPI (6 PUNTOS) AMARRILLO,0,,0,1,,0,1,14005.734468,30500,28200,25100,t
1049,TR0194,CEPILLO ACERO DE PASTA,0,,0,1,,0,1,3281,7200,6600,5900,t
1050,TR0195,CHAVETA ESTANDAR,0,,0,1,,0,1,4050,8200,7600,7100,t
1051,TR0196,JUEGO PINZAS CHAVETERAS UYUSTOOL X 4 PZS REF: ALS401,0,,0,1,,0,1,38649.413333,66000,62400,58500,t
1052,TR0197,"CHUMACERA 211-32 2""",0,,0,1,,0,1,36098.612446,69300,64400,58500,t
1053,TR0198,"CHUMACERA 213-40 2 1/2""",0,,0,1,,0,1,71932.75,120800,112200,102000,t
1054,TR0199,"CHUMACERA PLANA 211-32 2""",0,,0,1,,0,1,30973.177462,50900,47500,45100,t
1055,TR0200,CINCEL CHINO ELECTRICO DE PUNTA Y PALA,0,,0,1,,0,1,32270.079453,67800,62600,54300,t
1056,TR0201,CINCEL PUNTA G7 X 40CM,0,,0,1,,0,1,30187,56500,52200,45200,t
1057,TR0202,CINCEL PUNTA TOKU TCD 20,0,,0,1,,0,1,112179.410934,183300,172500,162900,t
1058,TR0203,CINTA AISLANTE 3M SUPER 33,0,,0,1,,0,1,9243,17300,16800,15700,t
1059,TR0204,CINTA AISLANTE 3M MERCURY  X 15 MTS,0,,0,1,,0,1,2703,5100,4700,4500,t
1060,TR0205,CINTA AISLANTE 3M TEMFLEX NEGRO X 18 MTS,0,,0,1,,0,1,5216.910079,9600,8900,8500,t
1061,TR0206,CINTA AUTOFUNDIENTE 3M 23 18MM X 91 MY,0,,0,1,,0,1,44200.941176,80400,75100,71300,t
1062,TR0207,"CINTA ENMASCARAR CELLUX VERDE 1""X55MTS",0,,0,1,,0,1,8758.7,16900,15900,14900,t
1063,TR0208,"CINTA ENMASCARAR 3M VERDE 3/4"" X55 MTS",0,,0,1,,0,1,8439.888889,16200,15300,14500,t
1064,TR0209,"CINTA ENMASCARAR 3M VERDE 1"" X55 MTS",0,,0,1,,0,1,12880.162162,24800,23400,22500,t
1065,TR0210,CINTA SUJESION ANILLOS ESTANDAR,0,,0,1,,0,1,4050,8200,7400,7100,t
1066,TR0211,CINTA TEFLON ATLANTIS X 15 MTS,0,,0,1,,0,1,1602.396724,4200,3300,2900,t
1067,TR0212,CINTA TEFLON ATLANTIS X 8 MTS,0,,0,1,,0,1,1108,2400,2200,2000,t
1068,TR0213,CINTA TRANSPARENTE P&C X 100 MTS,0,,0,1,,0,1,3402,6400,5900,5300,t
1069,TR0214,"CIZALLA FOY 18""",0,,0,1,,0,1,34192,62200,55900,53300,t
1070,TR0215,"CIZALLA FOY 24""",0,,0,1,,0,1,42809.33,83000,77400,72600,t
1071,TR0216,CLAVIJA KONTIKI 15 AMP,0,,0,1,,0,1,1985,4000,3700,3500,t
1072,TR0217,"CLAVO VARETA CUADRADA 5"" PUMA",0,,0,1,,0,1,8739.48,13500,13000,12600,t
1073,TR0218,COLUMNA MARTILLO YT28,0,,0,1,,0,1,508403,978700,924300,853200,t
1074,TR0219,COMPRESOR ACOPLE MACHO 3/8 X 3/8 NPT,0,,0,1,,0,1,3781.5,6300,5900,5500,t
1075,TR0220,"COMPRESOR CAPSULA R12 1""",0,,0,1,,0,1,3550.427778,8400,7700,6600,t
1076,TR0222,COMPRESOR EVANS 1 ETAPA 2HP 40LTS REF: EC07ME200-040,0,,0,1,,0,1,530696,926200,868400,807800,t
1077,TR0223,CONTACTOR CHINT 50-11 AMP 110-220-440V,0,,0,1,,0,1,76950,139900,134300,130800,t
1078,TR0224,CORONAS BARRENA 4 PUNTAS 40 MM,0,,0,1,,0,1,40500,73600,70700,70700,t
1079,TR0225,CORONAS BARRENA 7 PUNTAS 40 MM,0,,0,1,,0,1,46227.37352,105600,97500,91900,t
1080,TR0229,CORREA B 74,0,,0,1,,0,1,17927,29300,27600,26100,t
1081,TR0230,CORREA B 85,0,,0,1,,0,1,20658.274949,35900,33700,30300,t
1082,TR0231,CORREA B 90,0,,0,1,,0,1,21816.105762,35700,33600,31700,t
1083,TR0232,CORREA B 92,0,,0,1,,0,1,22287,36500,34300,32100,t
1084,TR0233,CRC 5-56 LUBRICANTE MULTIUSOS 460ML,0,,0,1,,0,1,15886.6,29700,27700,27000,t
1085,TR0234,CUCHILLA GUADAÑA BELLOTA ROJA OJO GRAN,0,,0,1,,0,1,6327.785165,8900,8400,8000,t
1086,TR0235,CUCHILLA GUADAÑA BELLOTA ROJA OJO PEQ,0,,0,1,,0,1,6340.363636,9200,8600,8200,t
1087,TR0236,CUCHILLON BELLOTA HG REF: 452225N,0,,0,1,,0,1,7719.826913,12800,12100,11500,t
1088,TR0237,POLIESTER  #6 X 180 MTS,0,,0,1,,0,1,620,1500,1400,1200,t
1089,TR0239,"CUERDA TRENZACOL NEGRO 5/32"" X 250 MTS",0,,0,1,,0,1,316,800,800,700,t
1090,TR0240,"CURVA CONDUIT 1""",0,,0,1,,0,1,588,1200,1100,1000,t
1091,TR0241,"CURVA CONDUIT 1/2""",0,,0,1,,0,1,247,500,500,500,t
1092,TR0242,"CURVA CONDUIT 1/2"" LARGO",0,,0,1,,0,1,662.205882,1100,1000,900,t
1093,TR0243,"CURVA CONDUIT 3/4""",0,,0,1,,0,1,924.4,1100,1000,900,t
1094,TR0244,"DESTORNILLADOR CORNETA ESTRIA 1/4 X 4"" REF:77441744",0,,0,1,,0,1,6075,11400,9900,9000,t
1095,TR0245,"DESTORNILLADOR CORNETA PALA 1/4 X 6"" REF:77431745",0,,0,1,,0,1,7128,12400,11700,11100,t
1096,TR0247,"DISCO ABRAS 4 1/2"" METAL Y ACERO",0,,0,1,,0,1,1539,3700,3400,3000,t
1097,TR0248,"DISCO CADENA  ALTERMAN 9"" 3/8",0,,0,1,,0,1,58792,109900,105400,97400,t
1098,TR0249,DISCO CADENA 404,0,,0,1,,0,1,52650,98500,94400,87200,t
1099,TR0250,"DISCO CORTE 4 1/2"" KWB",0,,0,1,,0,1,2835,4900,4800,4500,t
1100,TR0252,"DISCO DEWALT 14"" CORTE METAL DW44640",0,,0,1,,0,1,14887.356298,25700,25000,23200,t
1101,TR0253,"DISCO DEWALT 4 1/2"" CORTE - METAL FINO DW8062",0,,0,1,,0,1,3005.950598,5600,5200,4700,t
1102,TR0254,"DISCO DEWALT 4 1/2"" DESBASTE DW44830 - DW54830",0,,0,1,,0,1,3647.575747,7100,6500,6100,t
1103,TR0255,"DISCO DEWALT 7"" DESBASTE DW54850",0,,0,1,,0,1,6532.895777,11800,11200,10400,t
1104,TR0256,"DISCO DIAMANTADO CONTINUO 4 1/2"" BARRACUDA",0,,0,1,,0,1,15000,28100,26200,24200,t
1105,TR0257,"DISCO DIAMANTADO CONTINUO 4 1/2"" CORNETA",0,,0,1,,0,1,12586.5,22000,21400,20100,t
1106,TR0258,"DISCO DIAMANTADO CONTINUO 7"" BARRACUDA",0,,0,1,,0,1,27911,50000,47400,44000,t
1107,TR0259,"DISCO DIAMANTADO CONTINUO 7"" CORNETA",0,,0,1,,0,1,15350,28700,27900,26100,t
1108,TR0260,"DISCO DIAMANTADO SEGMENTADO 4 1/2"" BARRACUDA",0,,0,1,,0,1,13770,24000,23400,22000,t
1109,TR0261,"DISCO DIAMANTADO SEGMENTADO 4 1/2"" CORNETA",0,,0,1,,0,1,5673.488722,10000,9600,9000,t
1110,TR0262,"DISCO DIAMANTADO SEGMENTADO 7"" ABRACOL",0,,0,1,,0,1,19715,34400,33500,32300,t
1111,TR0263,"DISCO DIAMANTADO SEGMENTADO 7"" BARRACUDA",0,,0,1,,0,1,27955.5,48800,47500,44100,t
1112,TR0264,"DISCO DIAMANTADO SEGMENTADO 7"" CORNETA",0,,0,1,,0,1,15318,28600,26700,25100,t
1113,TR0265,"DISCO FLAP 4 1/2"" GR 60 CORNETA",0,,0,1,,0,1,3040,6600,5500,5000,t
1114,TR0266,"DISCO FLAP 4 1/2"" GR 80 CORNETA",0,,0,1,,0,1,1848.74,3700,3200,3000,t
1115,TR0267,"DISCO FLAP 7"" GR 80 CORNETA",0,,0,1,,0,1,7180.26,12700,11000,10200,t
1116,TR0268,"DISCO PARA GUADAÑA EMERIL ABRACOL 4 1/2""",0,,0,1,,0,1,7024,15300,13100,12100,t
1117,TR0269,"DISCO SIERRA INCOLMA 4 1/2"" X 40 DIENT",0,,0,1,,0,1,11242.785714,29400,21000,18200,t
1118,TR0278,EMBUDO GRANDE,0,,0,1,,0,1,3525.3625,12000,10000,8000,t
1119,TR0279,"EMPAQUE ACOPLE RAPIDO 1 1/2""",0,,0,1,,0,1,2310,5100,4600,4000,t
1120,TR0280,"EMPAQUE ACOPLE RAPIDO 2""",0,,0,1,,0,1,2950.2,5900,5400,5000,t
1121,TR0281,EMPAQUE VOLUTA REF:18388,0,,0,1,,0,1,10580,21300,19800,18000,t
1122,TR0282,EMPAQUES ORING CAUCHO DEL 1 HASTA 10,0,,0,1,,0,1,120,400,300,300,t
1123,TR0283,EMPAQUES ORING CAUCHO DEL 11 HASTA 20,0,,0,1,,0,1,157,500,500,400,t
1124,TR0284,EMPAQUES ORING CAUCHO DEL 21 HASTA 30,0,,0,1,,0,1,161,500,500,400,t
1125,TR0285,EMPELE BOMBA 3X3 10HP ALTA 12MM,0,,0,1,,0,1,100000,170500,163600,155300,t
1126,TR0286,ENGRASADORA TRUPER REFORZADA - LIGERA 14 OZ REF:14859,0,,0,1,,0,1,35826.230769,65100,62500,60100,t
1127,TR0287,ESCOBILLAS PARA DESEMBOMBADOR X PAR,0,,0,1,,0,1,11765,20500,23300,21000,t
1128,TR0288,ESCOBILLAS PARA DINAMO X PAR,0,,0,1,,0,1,13274.653846,24000,23000,21800,t
1129,TR0289,ESCOBILLAS PARA PULIDORA GRANDE,0,,0,1,,0,1,9576.4125,17900,16700,16100,t
1130,TR0290,ESCOBILLAS PARA PULIDORA PEQUEÑA,0,,0,1,,0,1,8000,15400,14500,13600,t
1131,TR0291,"ESCUADRA STANLEY 10"" REF: 46039",0,,0,1,,0,1,15447.715909,31300,29100,26900,t
1132,TR0292,ESLINGA INFASE DETENCION 90CM CON 2G3/4 REF: IN8020-090,0,,0,1,,0,1,99000,180000,172800,166100,t
1133,TR0293,"ESMERIL DE BANCO GLADIADOR 6"" X 1/3HP",0,,0,1,,0,1,183060,319500,311200,303300,t
1134,TR0294,EXTENCION DUPLEX MERCURY 2X14  4.5MTS,0,,0,1,,0,1,5587,10200,9800,9000,t
1135,TR0295,"EXTENCION DUPLEX MERCURY 2X14  7,6MTS",0,,0,1,,0,1,8537,15100,14500,13600,t
1136,TR0296,"EXTENCION DUPLEX MERCURY 2X14  9,1MTS",0,,0,1,,0,1,8556,18700,16000,14000,t
1137,TR0297,FAJA ZUBIOLA TALLA L REF:11903029,0,,0,1,,0,1,24098,45100,42100,40400,t
1138,TR0298,FAJA ZUBIOLA TALLA M REF:11903028,0,,0,1,,0,1,24699.466667,46200,43100,41500,t
1139,TR0299,FILTRO BALDWIN REF: BT427,0,,0,1,,0,1,28400,57200,53100,50200,t
1140,TR0300,FILTRO BALDWIN REF: BT216,0,,0,1,,0,1,42700,82200,77600,70800,t
1141,TR0301,FILTRO UNIVERSAL GASOLINA REF: GF61,0,,0,1,,0,1,1529.972854,4000,3400,3000,t
1142,TR0303,FLEXOMETRO COLIMA X 3 MTS,0,,0,1,,0,1,4907,10700,9900,9000,t
1143,TR0304,FLEXOMETRO SUPERIOR X 5 MTS,0,,0,1,,0,1,5569.2,15800,15100,14100,t
1144,TR0305,"FLEXOMETRO COVO X 7,5 MTS",0,,0,1,,0,1,12920,26000,23200,22000,t
1145,TR0306,FLEXOMETRO LUFKIN X 3 MTS,0,,0,1,,0,1,6396.431123,12800,11400,10700,t
1146,TR0307,FLEXOMETRO LUFKIN X 5 MTS,0,,0,1,,0,1,9231.22807,18600,16600,15800,t
1147,TR0308,FLEXOMETRO LUFKIN X 8 MTS,0,,0,1,,0,1,18162.6,33400,31200,29600,t
1148,TR0309,FLEXOMETRO COVO X 5 MTS,0,,0,1,,0,1,7567.55,10400,10000,9400,t
1149,TR0310,FLEXOMETRO UYUSTOOLS X 5 MTS,0,,0,1,,0,1,10387,19400,18100,17000,t
1150,TR0311,"FLOTADOR TANQUE 1/2"" METALICO",0,,0,1,,0,1,16901.45,29200,28100,27000,t
1151,TR0312,FLOTADOR UNIVERSAL INRECO REF: 20031,0,,0,1,,0,1,72414.052632,118000,115100,106000,t
1152,TR0313,"FORMON 1"" UYUSTOOLS",0,,0,1,,0,1,9151.26,17100,16600,15500,t
1153,TR0314,"FORMON 3/4"" UYUSTOOLS",0,,0,1,,0,1,11988,22400,21200,20100,t
1154,TR0315,"FORMON STANLEY 1"" 16-115",0,,0,1,,0,1,26925,49000,47000,45200,t
1155,TR0316,"FORMON STANLEY 1-1/2"" 16-118",0,,0,1,,0,1,22648,41200,39500,38000,t
1156,TR0317,FRENO LINEA DE VIDA 12 M A 16M / ARRESTADOR,0,,0,1,,0,1,185714,312400,304300,296600,t
1157,TR0331,GAFA TRANSPARENTE CINTA EN CAUCHO,0,,0,1,,0,1,5439.272727,10200,9500,9000,t
1158,TR0332,GAFA ZUBIOLA OSCURO 3 COLORES REF: 11889025,0,,0,1,,0,1,5655.230769,11400,10000,9500,t
1159,TR0333,GAFA ZUBIOLA TRANSPARENTE 3 COLORES REF: 11889020,0,,0,1,,0,1,5699.7,11500,10100,9600,t
1160,TR0334,GANCHO MOSQUETON STEELPRO CARABINERO ACERO DOBLE,0,,0,1,,0,1,34700,69900,64900,60600,t
1161,TR0335,GANCHO SEGURIDAD ORIGINAL  5000LBS REF: Y23KN - YN3630T,0,,0,1,,0,1,50039.375755,130000,110000,90000,t
1162,TR0336,GAS MAPP PRO BENZOMATIC (AMERICANO) ICELONG,0,,0,1,,0,1,25920,52200,48500,45200,t
1163,TR0337,GATO HIDRAULICO 3 TON,0,,0,1,,0,1,54350,101600,97500,90100,t
1164,TR0338,GATO HIDRAULICO 5 TON,0,,0,1,,0,1,52450,95400,91600,88000,t
1165,TR0339,GATO HIDRAULICO 8 TON,0,,0,1,,0,1,78950,137800,134200,130800,t
1166,TR0340,GAVETERO MODULAR #4 ROJO,0,,0,1,,0,1,18651,37600,36400,34900,t
1167,TR0342,"GRAPA PUMA 1 1/4 X 9"" 800 GR (PATA LARGA)",0,,0,1,,0,1,5456.727273,9000,8500,8000,t
1168,TR0343,"GRAPA PUMA 1 X 9"" 800 GR (PATA CORTA)",0,,0,1,,0,1,5637.06,9100,8500,8100,t
1169,TR0347,"GRATA CIRCULAR TRENZADA BISONTE 45""",0,,0,1,,0,1,13851,25200,24200,23200,t
1170,TR0348,"GRATA COPA LISA 3"" MULTI-ROSCA",0,,0,1,,0,1,5894.052857,11900,11300,11000,t
1171,TR0349,"GRATA COPA LISA 4"" MULTI-ROSCA",0,,0,1,,0,1,10653,20200,18800,18100,t
1172,TR0350,"GRATA COPA TRENZADA 29/16"" MULTI-ROSCA",0,,0,1,,0,1,13038,23700,22700,21900,t
1173,TR0351,"GRATA COPA TRENZADA 4"" MULTI-ROSCA",0,,0,1,,0,1,23039.333333,40700,39600,38600,t
1174,TR0353,GUANTE CARNAZA REFORZADO LARGO GRIS,0,,0,1,,0,1,60504,110000,105600,100300,t
1175,TR0354,GUANTE CAUCHO CORTO CAL:50 PROTEXION - LATEPOR Y LATEXPORT,0,,0,1,,0,1,13326,22400,21300,20100,t
1176,TR0355,GUANTE CAUCHO LARGO CAL:65 PROTEXION - LATEPOR MOSQUETERO,0,,0,1,,0,1,30571,55600,54100,52000,t
1177,TR0356,GUANTE NITRILO NYLON TEXTURADO STEELPRO-ZUBIOLA,0,,0,1,,0,1,5034.852392,8400,7900,7400,t
1178,TR0357,GUARDAMOTOR - ARRANCADOR CHINT 23-32 AMP,0,,0,1,,0,1,117538.138571,195500,166600,162900,t
1179,TR0359,HACHA CON CABO OJO OVALADO 35LBS,0,,0,1,,0,1,35640,58300,56900,54900,t
1180,TR0360,HIDROLAVADORA 1400W BLACK DECKER REF: PW1450DT-B3,0,,0,1,,0,1,250000,385000,371900,363700,t
1181,TR0362,HOJA SEGUETA NICHOLSON 18D Y 24D,0,,0,1,,0,1,2494.872907,4600,4500,4300,t
1182,TR0363,"HOMBRESOLO CORNETA 10"" REF: 7692121",0,,0,1,,0,1,24179,44000,42200,40100,t
1183,TR0364,"HOMBRESOLO STANLEY 10"" CURVO REF: 84369",0,,0,1,,0,1,28107,51100,49100,47200,t
1184,TR0365,"HOMBRESOLO STANLEY 10"" RECTO REF: 84371",0,,0,1,,0,1,25475,47600,45100,43300,t
1185,TR0366,"HOMBRESOLO VISEGRIP 10"" RECTO REF: M0102L3",0,,0,1,,0,1,29509.389286,55200,52200,50200,t
1186,TR0367,IMPERMEABILIZANTE SIKA 1 X 20 KG,0,,0,1,,0,1,307563,491400,478600,449400,t
1187,TR0368,IMPERMEABLE AMARILLO 2 PZ T: XL,0,,0,1,,0,1,42108.308866,69300,66000,63000,t
1188,TR0369,IMPERMEABLE PONCHO CAPUCHO NEGRO,0,,0,1,,0,1,24454.274,40000,38000,36000,t
1189,TR0370,INFLADOR NEUMATICO  WUFU TG-4,0,,0,1,,0,1,9194,16700,16000,15000,t
1190,TR0371,INTERRUPTOR PARA ELECTROBOMBA UDUKE,0,,0,1,,0,1,16605,30200,29000,28200,t
1191,TR0372,INTERRUPTOR SENCILLO FORTE COD: 13929,0,,0,1,,0,1,4278.6,8300,7800,7600,t
1192,TR0373,JUEGO ACOPLE WUFU COMPRESOR 5PCS REF: MA006,0,,0,1,,0,1,11624,21700,20300,19300,t
1193,TR0374,"JUEGO COPAS SATA X 46 PZS 1/2"" REF:09006",0,,0,1,,0,1,401334.66,594000,580500,571500,t
1194,TR0375,JUEGO DE BROCA INCOLMA HIERRO X 17 PIEZAS 1/16-1/2,0,,0,1,,0,1,128235,209800,199800,192900,t
1195,TR0376,JUEGO LLAVES BRISTOL SATA TORX X 8 PIEZAS REF:09123,0,,0,1,,0,1,29333.15,54100,51200,48000,t
1196,TR0377,JUEGO LLAVES BRISTOL STANLEY X 10 PIEZAS REF: 69253,0,,0,1,,0,1,25091.44,45000,42700,41600,t
1197,TR0378,JUEGO LLAVES BRISTOL TOTAL X 9 PIEZAS,0,,0,1,,0,1,12184.87,23100,21500,20200,t
1198,TR0379,JUEGO DE LLAVES HEX LARGA 12 PIEZAS REF: 09108,0,,0,1,,0,1,68193.36,115900,107500,102600,t
1199,TR0380,JUEGO DE LLAVES HEX LARGA 9 PIEZAS REF: 09107,0,,0,1,,0,1,59795.46,101700,97900,92100,t
1200,TR0381,JUEGO DE LLAVES HEX PLEGABLE 8 PIEZAS  REF: 09121,0,,0,1,,0,1,26367,46000,43100,40100,t
1201,TR0382,JUEGO DE LLAVES HEX PLEGABLE 9 PIEZAS REF: 09122,0,,0,1,,0,1,26367,49300,47300,45400,t
1202,TR0383,JUEGO DE LLAVES MIXTA SATA X 14 PZS REF:09026,0,,0,1,,0,1,179787,320000,300000,280000,t
1203,TR0384,JUEGO DE LLAVES MIXTA SATA X 23 PIEZAS REF:09027,0,,0,1,,0,1,419890.8,694500,660200,644300,t
1204,TR0385,JUEGO DESTORNILLADOR COVO X 6 PIEZAS,0,,0,1,,0,1,19926,38400,36200,35200,t
1205,TR0386,JUEGO DESTORNILLADOR COVO X 8 PIEZAS,0,,0,1,,0,1,24503,49300,47200,45200,t
1206,TR0387,JUEGO DESTORNILLADOR RANGER X 6 PIEZAS,0,,0,1,,0,1,13932,35000,30000,25000,t
1207,TR0388,JUEGO DESTORNILLADOR UYUSTOOLS X 6 PIEZAS,0,,0,1,,0,1,36450,70000,65000,60000,t
1208,TR0389,JUEGO PISTOLA 3 BOQUILLAS DG-10AA WUFU,0,,0,1,,0,1,17739,40000,35000,30000,t
1209,TR0390,JUEGO PISTOLA SOPLADORA AIRE COMPRIMIDO 17 PIEZAS MA014 WUFU,0,,0,1,,0,1,45743.666667,85000,80000,75000,t
1210,TR0391,JUEGO SACABOCADOS PARA BANDA 3/16 A 1/2 5PZ,0,,0,1,,0,1,10204.425399,22000,20100,18200,t
1211,TR0392,LAMINA NOLAY No 23 PARA COCOS 40 X 120,0,,0,1,,0,1,15126.04,35000,30000,25000,t
1212,TR0402,LIJA DE AGUA ABRACOL #150,0,,0,1,,0,1,891,2000,1800,1600,t
1213,TR0403,LIJA DE AGUA ABRACOL #240,0,,0,1,,0,1,729,2000,1800,1600,t
1214,TR0404,LIJA DE AGUA ABRACOL #400,0,,0,1,,0,1,1008,2000,1800,1600,t
1215,TR0405,LIJA DE AGUA BARRACUDA #120,0,,0,1,,0,1,906.893939,2000,1800,1600,t
1216,TR0406,LIJA DE AGUA BARRACUDA #150,0,,0,1,,0,1,976.075269,2200,1900,1600,t
1217,TR0407,LIJA DE AGUA BARRACUDA #180,0,,0,1,,0,1,926.955307,2200,1900,1500,t
1218,TR0408,LIJA DE AGUA BARRACUDA #60,0,,0,1,,0,1,909,2000,1800,1600,t
1219,TR0409,LIJA DE AGUA BARRACUDA #80,0,,0,1,,0,1,1073.02439,2500,2000,1900,t
1220,TR0410,LIMA MOTOS. OREGON ORIGINAL 3/16,0,,0,1,,0,1,5786.039519,11700,10600,10100,t
1221,TR0411,"LIMA TRIANGULAR BELLOTA   6""",0,,0,1,,0,1,3101,8900,8300,7000,t
1222,TR0412,"LIMA TRIANGULAR BELLOTA  8"" GRANDE",0,,0,1,,0,1,5380.255319,10000,9500,9000,t
1223,TR0413,"LIMA TRIANGULAR DELGADA HERRAGRO 4 1/2""",0,,0,1,,0,1,3779.4,8000,7500,7000,t
1224,TR0414,LINTERNA NARANJA KJ3.5LM,0,,0,1,,0,1,75330,140000,130000,125000,t
1225,TR0415,LINTERNA NARANJA KL7LM,0,,0,1,,0,1,100841.847409,160000,155000,150000,t
1226,TR0416,LINTERNA RECARGABLE MERCURY 7 LEDS,0,,0,1,,0,1,11552.333333,30000,25000,20000,t
1227,TR0417,LLANTA ANTIPINCHAZO PARA CARRETILLA,0,,0,1,,0,1,64705.04,105000,100000,95000,t
1228,TR0418,LLAVE BRISTOL (L) 3 MM BRANDFOR,0,,0,1,,0,1,1423.285714,4000,3500,3000,t
1229,TR0419,LLAVE BRISTOL (L) 4 MM BRANDFOR,0,,0,1,,0,1,1398.2,4000,3500,3000,t
1230,TR0420,LLAVE BRISTOL (L) 5 MM BRANDFOR,0,,0,1,,0,1,1536,4300,3700,3100,t
1231,TR0421,LLAVE BRISTOL (L) 5 MM H&R,0,,0,1,,0,1,1823,5100,4100,3500,t
1232,TR0422,LLAVE BRISTOL (L) LARGA 3/16 IRWIN,0,,0,1,,0,1,3215.260638,8000,7500,7000,t
1233,TR0423,LLAVE BUJIA 13 X 19MM (PALA) BRANDFOR,0,,0,1,,0,1,10170,18000,17500,17000,t
1234,TR0424,LLAVE BUJIA 13 X 19MM (TORX) BRANDFOR,0,,0,1,,0,1,3404,8000,7000,6000,t
1235,TR0425,LLAVE BUJIA 17 X 19MM (PALA) BRANDFOR,0,,0,1,,0,1,9450,17000,16500,16000,t
1236,TR0426,"COLLARIN 4 X 1/2 "" DERIVACION",0,,0,1,,0,1,13025.21,35000,30000,25000,t
1237,TR0427,BROCA HIER INCOLMA REDUCCION 1/2 X 5/8,0,,0,1,,0,1,57372,97900,92800,87600,t
1238,TR0428,LLAVE COPA BUJIA UNIVERSAL PALA STIHL ORIG,0,,0,1,,0,1,9397,18000,17000,16000,t
1239,TR0429,LLAVE COPA EN TEE #12,0,,0,1,,0,1,4172,9000,8000,7000,t
1240,TR0430,LLAVE COPA EN TEE #10 UYUSTOOLS,0,,0,1,,0,1,7300,14000,13000,12000,t
1241,TR0431,LLAVE COPA EN TEE #8 UYUSTOOLS,0,,0,1,,0,1,7377.283636,15000,14000,13000,t
1242,TR0432,"LLAVE DE PASO C&A 1""",0,,0,1,,0,1,35632,62000,60000,59000,t
1243,TR0433,"LLAVE DE PASO C&A 1/2""",0,,0,1,,0,1,12150,25000,22000,20000,t
1244,TR0434,"LLAVE DE PASO HIDROSFER 1 1/2""",0,,0,1,,0,1,74750,140500,130500,125500,t
1245,TR0435,"LLAVE DE PASO HIDROSFER 1""",0,,0,1,,0,1,33100,65000,60000,55000,t
1246,TR0436,"LLAVE DE PASO HIDROSFER 1/2""",0,,0,1,,0,1,12450,27000,25000,22000,t
1247,TR0437,"LLAVE DE PASO HIDROSFER 2""",0,,0,1,,0,1,114550,215000,200000,190000,t
1248,TR0438,"LLAVE DE PASO HIDROSFER 3/4""",0,,0,1,,0,1,18386.914286,35000,32000,30000,t
1249,TR0439,"LLAVE DE PASO PVC LISA 1 1/2"" CM",0,,0,1,,0,1,8835.388889,19000,17000,15000,t
1250,TR0440,"LLAVE DE PASO PVC LISA 1"" CM",0,,0,1,,0,1,3999.53959,8000,7500,7000,t
1251,TR0441,"LLAVE DE PASO PVC LISA 2"" CM",0,,0,1,,0,1,12785.623909,27000,25000,22000,t
1252,TR0442,"LLAVE DE PASO PVC ROSCA 1 1/2"" CM",0,,0,1,,0,1,7811.945413,19000,17000,15000,t
1253,TR0443,"LLAVE DE PASO PVC ROSCA 1"" CM",0,,0,1,,0,1,3795.667996,7600,7000,6500,t
1254,TR0444,"LLAVE DE PASO PVC ROSCA 2"" CM",0,,0,1,,0,1,14789.916666,27000,25000,22000,t
1255,TR0445,"LLAVE DE PASO PVC ROSCA 3/4"" CM",0,,0,1,,0,1,2650,6000,5500,5000,t
1256,TR0446,"LLAVE DE TUBO FORTE 18""",0,,0,1,,0,1,39516,75000,70000,65000,t
1257,TR0447,"LLAVE DE TUBO FORTE 24""",0,,0,1,,0,1,61670,115000,110000,100000,t
1258,TR0448,"LLAVE EXPANSIVA 10"" UYUSTOOLS",0,,0,1,,0,1,16929.493333,35000,32000,30000,t
1259,TR0449,"LLAVE EXPANSIVA 12"" UDUKE",0,,0,1,,0,1,19076,38000,35000,32000,t
1260,TR0450,"LLAVE EXPANSIVA 15"" UYUSTOOLS",0,,0,1,,0,1,54873.95,98000,95000,90000,t
1261,TR0451,"LLAVE EXPANSIVA 6"" UYUSTOOLS",0,,0,1,,0,1,10611,23000,20000,18000,t
1262,TR0452,"LLAVE EXPANSIVA 8"" UYUSTOOLS",0,,0,1,,0,1,13019.724286,28000,25000,23000,t
1263,TR0453,"LLAVE EXPANSIVA SATA 12"" REF: 47205SC",0,,0,1,,0,1,56945.85,110000,100000,98000,t
1264,TR0454,"LLAVE EXPANSIVA SATA 15"" REF: 47206SC",0,,0,1,,0,1,105783.25,175500,170800,166200,t
1265,TR0455,"LLAVE EXPANSIVA SATA 18"" REF: 47207SC",0,,0,1,,0,1,145381.175,252700,243000,233300,t
1266,TR0456,"LLAVE EXPANSIVA STANLEY 15""",0,,0,1,,0,1,83210,150000,145000,140000,t
1267,TR0457,"LLAVE MANDRIL 1/2"" BLISTER UDUKE",0,,0,1,,0,1,1620,5000,4000,3000,t
1268,TR0458,"LLAVE MANDRIL 3/8"" 10MM  UYUSTOOLS",0,,0,1,,0,1,1852,4500,4000,3500,t
1269,TR0459,LLAVE MIXTA STANLEY 24MM,0,,0,1,,0,1,26484.939583,63700,50000,48000,t
1270,TR0460,LLAVE MIXTA STANLEY 8MM,0,,0,1,,0,1,4487.292308,8300,7800,7400,t
1271,TR0461,"LLAVE PARA FILTRO ACEITE STANLEY 3 7/8"" REF: 78229",0,,0,1,,0,1,21930,45000,40000,38000,t
1272,TR0462,LLAVE TERMINAL 1/2 CORNETA COBRE,0,,0,1,,0,1,13464,28000,25000,23000,t
1273,TR0463,LLAVE TORX T27 EN L BRANDFOR,0,,0,1,,0,1,2382,6000,5000,4000,t
1274,TR0464,MACHUELO ACERO 3/8 X 16,0,,0,1,,0,1,7740,16900,14700,13200,t
1275,TR0465,MALACATE SEÑORITA LEON X 2 TONELADAS,0,,0,1,,0,1,71585.666667,130000,125000,120000,t
1276,TR0467,"MANDRIL UYUSTOOL 1/2"" REF: MDB13U",0,,0,1,,0,1,9724.305,25000,20000,18000,t
1277,TR0468,"MANDRIL UYUSTOOL 3/8""",0,,0,1,,0,1,11988,25000,22000,20000,t
1278,TR0470,MANGUERA ENGRASADORA 35CM X UND TOOLCRAFT,0,,0,1,,0,1,14378,28000,25000,23000,t
1279,TR0471,MANGUERA ESTACIONARIA ROYAL CONDOR NEGRA 85 MM,0,,0,1,,0,1,206550,370000,350000,330000,t
1280,TR0472,"MANGUERA RIEGO FRANCA 1"" CAL 60",0,,0,1,,0,1,175604.269841,302800,250000,240000,t
1281,TR0478,"MANGUERA RIEGO CAL 30  1/2"" X 100MTS",0,,0,1,,0,1,40000,64900,59500,54100,t
1282,TR0479,"MANGUERA RIEGO CAL 40  1 1/2"" 100MTS",0,,0,1,,0,1,204881.135506,285600,275400,265200,t
1283,TR0481,"MANGUERA RIEGO CAL 40  1/2"" X 100MTS",0,,0,1,,0,1,46970.791557,73900,68600,63400,t
1284,TR0482,"MANGUERA RIEGO CAL 40  2"" 100MTS",0,,0,1,,0,1,295000,399500,389200,379000,t
1285,TR0483,"MANGUERA RIEGO CAL 40  3/4"" 100MTS",0,,0,1,,0,1,66145.857988,99100,93900,88700,t
1286,TR0484,"MANGUERA RIEGO CAL 60  1""  100MTS ECO",0,,0,1,,0,1,156159.116301,220000,210000,200000,t
1287,TR0485,"MANGUERA RIEGO CAL 60  3/4"" 100MTS",0,,0,1,,0,1,93428.571429,135800,130600,125300,t
1288,TR0486,"MANGUERA RIEGO CAL 80  1""  X 100MTS",0,,0,1,,0,1,275625,420000,410000,400000,t
1289,TR0487,MANGUERA SUCCION 1 1/2 X 6 MTS,0,,0,1,,0,1,96070.72434,171500,164900,158300,t
1290,TR0488,MANGUERA SUCCION 2 X 6 MTS,0,,0,1,,0,1,133011.757573,238600,230100,221600,t
1291,TR0489,MANGUERA SUCCION 4 X 6 MTS,0,,0,1,,0,1,280000,476700,468300,460000,t
1292,TR0490,MARCO SEGUETA FORTE,0,,0,1,,0,1,13251,28000,25000,23000,t
1293,TR0491,"MARCO SEGUETA STANLEY 12"" REF: 20-206",0,,0,1,,0,1,16690,29300,28300,27300,t
1294,TR0492,MARTILLO HERRAGRO #27 MANGO TUBULAR,0,,0,1,,0,1,19158,37000,35000,33000,t
1295,TR0493,MARTILLO HERRAGRO #29 MANGO TUBULAR,0,,0,1,,0,1,19280,37700,35500,33200,t
1296,TR0494,MARTILLO SECURITY #27 MANGO TUBULAR,0,,0,1,,0,1,14418,27000,25000,24000,t
1297,TR0495,MARTILLO YO18 (SOLO),0,,0,1,,0,1,798319,1450000,1400100,1350000,t
1298,TR0496,MARTILLO YT28 (SOLO),0,,0,1,,0,1,1668067,1899900,1850000,1800100,t
1299,TR0497,MASILLA EPOXICA RALY 100G REF: 1102017,0,,0,1,,0,1,5574,11200,10300,9300,t
1300,TR0498,MASILLA EPOXICA RALY 50G REF: 1102016,0,,0,1,,0,1,2600,6000,5000,4500,t
1301,TR0500,MEZCLADOR LAVAPLATOS PLAST GRIFOS,0,,0,1,,0,1,50420,90000,85000,80000,t
1302,TR0501,"PULIDORA GLADIADOR 4 1/2"" 800W",0,,0,1,,0,1,83434.45,135000,130000,125000,t
1303,TR0505,MOTOFRENO DIXUS 3HP 1800 RPM TRIFASICO B14,0,,0,1,,0,1,1537654,2192400,2063400,1993100,t
1304,TR0518,MULTIMETRO DIGITAL CASERO 10400,0,,0,1,,0,1,20821,37900,36300,34100,t
1305,TR0519,MULTITOMA 6 SALIDAS 085M TITANIUM,0,,0,1,,0,1,8374,14600,13700,13500,t
1306,TR0520,MULTITOMA 6 SALIDAS 3M TITANIUM,0,,0,1,,0,1,10336,16900,16300,15900,t
1307,TR0522,"NIPLE GALVANIZADO HG 1 1/2"" X 4""",0,,0,1,,0,1,3408.5,6000,5500,4900,t
1308,TR0523,"NIPLE GALVANIZADO HG 1"" X 3""",0,,0,1,,0,1,1767.084615,3100,2900,2600,t
1309,TR0524,"NIPLE GALVANIZADO HG 3"" X 6""",0,,0,1,,0,1,11945.9,24500,23000,21100,t
1310,TR0525,"NIPLE GALVANIZADO HG 3/4"" X 4""",0,,0,1,,0,1,2041.65,3100,2900,2700,t
1311,TR0526,"NIVEL CORNETA ALUMINIO 18"" PROFESIONAL",0,,0,1,,0,1,17885,30000,28600,26600,t
1312,TR0527,"NIVEL CORNETA ALUMINIO 20"" PROFESIONAL",0,,0,1,,0,1,19643.14,33000,31400,29200,t
1313,TR0528,"NIVEL GAVILAN 14"" PROFESIONAL",0,,0,1,,0,1,31272,52500,49900,46500,t
1314,TR0529,"NIVEL TORPEDO ALUMINIO 9""",0,,0,1,,0,1,5265,9800,9200,8600,t
1315,TR0533,"PALUSTRE LEON PLASTICO 9""",0,,0,1,,0,1,12151,19900,19400,18700,t
1316,TR0534,PAPEL HUMEDO 1/16 50X50,0,,0,1,,0,1,15616.25,32700,30700,27500,t
1317,TR0535,PAPEL HUMEDO 1/32 50X50,0,,0,1,,0,1,4202,6400,6000,5400,t
1318,TR0536,PEGAMENTO SHELLAC FRASCO 56 GR,0,,0,1,,0,1,12040.333333,19400,18700,18300,t
1319,TR0537,PEGANTE PVC CESOL 1/4 GR,0,,0,1,,0,1,46393,71400,66000,65300,t
1320,TR0538,"PERROS 1/2"" TIPO PESADO",0,,0,1,,0,1,5085.33064,11200,10900,10800,t
1321,TR0539,"PERROS 1/4"" TIPO PESADO",0,,0,1,,0,1,2151,3800,3600,3100,t
1322,TR0540,"PERROS 3/8"" TIPO PESADO",0,,0,1,,0,1,3964.172984,6800,6600,5700,t
1323,TR0541,"PERROS 5/16"" TIPO PESADO",0,,0,1,,0,1,2732,4800,4600,4000,t
1324,TR0542,"PERROS 5/8"" TIPO PESADO",0,,0,1,,0,1,8143.097115,15100,14500,12700,t
1325,TR0545,PIE DE AMIGO 8X10,0,,0,1,,0,1,2764,4500,4400,4100,t
1326,TR0546,PIEDRA AFILAR 240X35X10 T90 198 ECO,0,,0,1,,0,1,5589,9100,8800,8300,t
1327,TR0547,PIEDRA ESMERIL CARBORUN # 80,0,,0,1,,0,1,41439,67800,63800,60300,t
1328,TR0548,"PIEDRA ESMERIL TRUPER 6"" #36",0,,0,1,,0,1,19440,31800,29900,28300,t
1329,TR0549,PINZA MASA LEON 300AMP,0,,0,1,,0,1,9550,17900,16700,15100,t
1330,TR0550,PINZA MASA LEON 500AMP,0,,0,1,,0,1,13461.04,25200,23600,20800,t
1331,TR0551,PISTOLA FUMIGADORA MANUAL (LAVAGANADO) BRANDFOR,0,,0,1,,0,1,17743,29000,28000,26700,t
1332,TR0552,"PISTOLA IMPACTO NEUMATICA SATA 1/2""",0,,0,1,,0,1,299629,472500,461400,426300,t
1333,TR0553,PISTOLA PARA PINTAR BAJA PRESION CORNETA,0,,0,1,,0,1,56473.75,92400,87000,80400,t
1334,TR0558,PLATINA 1 X 1/4,0,,0,1,,0,1,45508.875,66200,64800,63400,t
1335,TR0559,"POLEA HIERRO 24"" X 2 CANAL B EJE 38MM",0,,0,1,,0,1,523529,825700,778200,744000,t
1336,TR0560,"POLEA HIERRO 3"" X 2 CANAL B EJE 25MM",0,,0,1,,0,1,46000,75200,70900,68500,t
1337,TR0561,"POLEA HIERRO 4"" X 2 CANAL B EJE 25MM",0,,0,1,,0,1,61000,99800,93900,90700,t
1338,TR0562,"POLEA HIERRO 6"" X 2 CANAL B EJE 38MM",0,,0,1,,0,1,80573.261818,130900,123200,119000,t
1339,TR0563,"POLEA HIERRO 7"" X 2 CANAL B EJE 38MM",0,,0,1,,0,1,90000,147300,138600,135400,t
1340,TR0564,"POLEA HIERRO 8"" X 2 CANAL B EJE 38MM",0,,0,1,,0,1,100000,163600,154000,148800,t
1341,TR0566,POMADA ESMERILADA PARA VALVULAS 75G REF: 1307032,0,,0,1,,0,1,10777,17600,16600,16000,t
1342,TR0567,POMADA ESTAÑO LA UNICA 55GR,0,,0,1,,0,1,8505,13900,13100,12700,t
1343,TR0568,PORTA ELECTRODO JACSON 300AMP LEON,0,,0,1,,0,1,28300,46300,43600,42100,t
1344,TR0569,PORTA ELECTRODO JACSON 500AMP LEON,0,,0,1,,0,1,35849.237037,60500,56900,55000,t
1345,TR0570,POXITANKE METALICO X 85 G,0,,0,1,,0,1,8951,14600,13800,13500,t
1346,TR0571,POXITANKE NEGRO X 85 G,0,,0,1,,0,1,9445,15500,14500,14200,t
1347,TR0572,PRENSA BANCO #4 IMFL,0,,0,1,,0,1,106400,165800,160100,158300,t
1348,TR0573,PRENSA BANCO #6 IMFL,0,,0,1,,0,1,351875.333333,398800,390000,385700,t
1349,TR0574,"PRISIONERO 3/8 X 1 Y 1 1/4 "" CON CABEZA",0,,0,1,,0,1,768.391392,800,700,600,t
1350,TR0575,PROBADOR DE CORRIENTE 100-500V 140MM REF: 2004062,0,,0,1,,0,1,2351.7,4100,3900,3800,t
1351,TR0576,PUENTE RECTIFICADOR ALTERNADOR,0,,0,1,,0,1,40840,66800,65200,62900,t
1352,TR0577,PUENTE RECTIFICADORES PARA ELECTROFRENO DIXUS,0,,0,1,,0,1,52979.274118,106500,103300,98900,t
1353,TR0578,"PULIDORA DEWALT 4 1/2"" REF: DW28111",0,,0,1,,0,1,309611.5,506600,482500,465800,t
1354,TR0579,"PULIDORA DEWALT 4 1/2"" REF: DWE4010",0,,0,1,,0,1,215315.561905,375700,357800,345500,t
1355,TR0580,"PULIDORA DEWALT 7"" REF: DWE491",0,,0,1,,0,1,824265,1240200,1212300,1185700,t
1356,TR0581,"PULIDORA INDUSTRIAL MAGNUM 4 1/2"" REF: 57830120",0,,0,1,,0,1,213883,350000,329400,318200,t
1357,TR0582,"PUNTA BRONCE PARA BOQUILLA 1 1/2"" - 2""",0,,0,1,,0,1,16726.68,39000,38000,36200,t
1358,TR0583,PUNTA COPA 5/16 65MM 10PCS DIAMANTADA,0,,0,1,,0,1,1904,3300,3100,3000,t
1359,TR0584,PUNTA ESTRELLA PH2X2 UYUSTOOLS,0,,0,1,,0,1,911,1700,1600,1500,t
1360,TR0585,"PUNTILLA PUMA 1 1/2"" X CAJA",0,,0,1,,0,1,3129.249874,5400,5200,5000,t
1361,TR0586,"PUNTILLA PUMA 2 1/2"" X CAJA",0,,0,1,,0,1,2493.378808,4400,4300,4100,t
1362,TR0587,"PUNTILLA PUMA 2"" X CAJA",0,,0,1,,0,1,2514.061453,4200,4100,4000,t
1363,TR0588,"PUNTILLA PUMA 3 1/2"" X CAJA",0,,0,1,,0,1,2592.698866,4000,3900,3800,t
1364,TR0589,"PUNTILLA PUMA 3"" X CAJA",0,,0,1,,0,1,2537.387062,3800,3700,3600,t
1365,TR0590,"PUNTILLA PUMA 4"" X CAJA",0,,0,1,,0,1,5028.522462,8100,7900,7600,t
1366,TR0591,"PUNTILLA PUMA 5"" X CAJA",0,,0,1,,0,1,5038.594293,8100,7900,7600,t
1367,TR0592,"PVC ADAPTADOR HEMBRA PSI 1""",0,,0,1,,0,1,771.965517,1500,1400,1300,t
1368,TR0593,"PVC ADAPTADOR HEMBRA PSI 1/2""",0,,0,1,,0,1,231.4,500,400,400,t
1369,TR0594,"PVC ADAPTADOR HEMBRA PSI 2""",0,,0,1,,0,1,1865,3500,3300,3300,t
1370,TR0595,"PVC ADAPTADOR MACHO PSI 1 1/4""",0,,0,1,,0,1,1810,3400,3200,3200,t
1371,TR0596,"PVC ADAPTADOR MACHO PSI 1""",0,,0,1,,0,1,591,1300,1200,1000,t
1372,TR0597,"PVC ADAPTADOR MACHO PSI 2""",0,,0,1,,0,1,1769.933715,3300,3200,3100,t
1373,TR0598,PVC BUJE PSI 1 1/4 X 1,0,,0,1,,0,1,991,2200,1900,1700,t
1374,TR0599,PVC BUJE PSI 1 X 1/2,0,,0,1,,0,1,356.84,900,700,700,t
1375,TR0600,PVC BUJE PSI 3/4 X 1/2,0,,0,1,,0,1,175,500,400,300,t
1376,TR0601,"PVC CODO PSI 1""",0,,0,1,,0,1,896.689619,1700,1600,1500,t
1377,TR0602,"PVC CODO PSI 1/2""",0,,0,1,,0,1,156,500,400,300,t
1378,TR0603,"PVC CODO PSI 2""",0,,0,1,,0,1,3040,6100,5700,5300,t
1379,TR0604,"PVC CODO SANI 4"" CXC",0,,0,1,,0,1,3529.451885,5800,5600,5400,t
1380,TR0605,"PVC SEMICODO SANI 4"" CXC",0,,0,1,,0,1,3125.981633,5500,5100,4800,t
1381,TR0606,"PVC TAPON PSI LISO 1/2""",0,,0,1,,0,1,184,800,600,500,t
1382,TR0607,"PVC TEE PSI 1/2""",0,,0,1,,0,1,419.685714,1000,900,800,t
1383,TR0608,"PVC TEE PSI 2""",0,,0,1,,0,1,5170,9700,9000,8800,t
1384,TR0609,"PVC TEE SANI 3""",0,,0,1,,0,1,2578.959459,5200,4800,4500,t
1385,TR0613,"PVC TUBO BLANCO 3"" UNIONMECANICA RD 21 200 PSI",0,,0,1,,0,1,109243.6,138600,126800,118100,t
1386,TR0614,"PVC TUBO BLANCO 4"" UNIONMECANICA RD 21 200 PSI",0,,0,1,,0,1,176471,269100,246200,229400,t
1387,TR0620,"PVC UNION PSI 1""",0,,0,1,,0,1,531.272727,1200,1000,900,t
1388,TR0621,"PVC UNION PSI 1/2""",0,,0,1,,0,1,127,800,600,500,t
1389,TR0622,"PVC UNION PSI 2""",0,,0,1,,0,1,1487,2800,2600,2500,t
1390,TR0623,"PVC UNION PSI 3/4""",0,,0,1,,0,1,408,1100,900,800,t
1391,TR0624,"PVC UNION SANI 3""",0,,0,1,,0,1,1059,2300,2100,2000,t
1392,TR0625,"PVC UNION UNIVERSAL 1""",0,,0,1,,0,1,2548.33125,5800,5400,5000,t
1393,TR0626,"RACOR PIPA  3/8"" GAS PROPANO",0,,0,1,,0,1,1477,2800,2600,2500,t
1394,TR0627,RACOR PLASTICO ROJO JARDIN,0,,0,1,,0,1,487.39,1200,1100,1000,t
1395,TR0630,"REATA 2"" 45 TON",0,,0,1,,0,1,34000,55600,52400,50600,t
1396,TR0631,"REDUCCION BUCHI GALVANIZADO 1 1/4"" X 1""",0,,0,1,,0,1,2534.7,5600,5200,5000,t
1397,TR0632,"REDUCCION BUCHI GALVANIZADO 3"" X 1""",0,,0,1,,0,1,9147.7,20100,18800,18100,t
1398,TR0633,"REDUCCION COPA GALVANIZADO 1 1/2"" X 1 1/4""",0,,0,1,,0,1,3355.8,7400,6900,6600,t
1399,TR0634,"REDUCCION COPA GALVANIZADO 1 1/4"" X 1""",0,,0,1,,0,1,3092.3,5800,5400,5200,t
1400,TR0635,REFLECTOR LED MERCURY 100W,0,,0,1,,0,1,30143.87574,49100,47900,45700,t
1401,TR0636,REFLECTOR LED MERCURY 150W,0,,0,1,,0,1,46808.4,76600,74700,70400,t
1402,TR0637,REFLECTOR LED MERCURY 200W,0,,0,1,,0,1,54137.134827,86700,84600,79800,t
1403,TR0638,REFLECTOR LED MERCURY 50W,0,,0,1,,0,1,16579.869048,27000,26400,25200,t
1404,TR0639,REGULADOR CON MANGUERA 1.50 - SM888 LIVIAN,0,,0,1,,0,1,9674.75,15800,15400,14700,t
1405,TR0640,RELOJ COMPRESOR GLICERINA 1/4 200PSI,0,,0,1,,0,1,35021,60300,57300,55200,t
1406,TR0641,REMACHADORA FORTE 3 BOCAS 6899,0,,0,1,,0,1,15960,23800,22200,20800,t
1407,TR0642,"REMACHADORA WERK 10"" 3/32"" - 3/16""",0,,0,1,,0,1,18314,32000,30000,28200,t
1408,TR0671,PUENTE RECTIFICADOR PEQ 50AMP DINAMO,0,,0,1,,0,1,6953.819734,87900,71300,59200,t
1409,TR0676,AEROSOL MASSO BLANCO,0,,0,1,,0,1,5629.529412,10500,9800,9200,t
1410,TR0718,LIMA MOTOS. OREGON GENERICA 7/32,0,,0,1,,0,1,0,0,0,0,t
1411,TR0764,LIMA MOTOS. OREGON ORIGINAL 7/32,0,,0,1,,0,1,4412.525813,9500,9000,8500,t
1412,TR0773,REP GUADAÑA MARUYAMA - FILTRO GASOLINA 420 BRANDFOR,0,,0,1,,0,1,2722,5500,5000,4500,t
1413,TR0774,REP GUADAÑA MITSUBISHI - KIT CARBURADOR TL43 BRANDFOR,0,,0,1,,0,1,6126,11000,10000,9000,t
1414,TR0775,REP GUADAÑA SHINDAIWA - AGUJA CORTINA B-45,0,,0,1,,0,1,3240,6000,5500,5000,t
1415,TR0776,REP GUADAÑA SHINDAIWA - AGUJA PURGA CARBURADOR B-45/C-35,0,,0,1,,0,1,2425.70028,4500,4000,3500,t
1416,TR0777,REP GUADAÑA SHINDAIWA - AGUJA GASOLINA CARBURADOR B-45,0,,0,1,,0,1,2623.722857,5000,4500,4000,t
1417,TR0778,REP GUADAÑA SHINDAIWA - AGUJA PUNZON B-45,0,,0,1,,0,1,2430,4500,4000,3600,t
1418,TR0779,REP GUADAÑA SHINDAIWA - AGUJAS PASO DE AIRE B-45/C35 BRANDFOR,0,,0,1,,0,1,2080.621176,4000,3600,3200,t
1419,TR0780,REP GUADAÑA SHINDAIWA - AMORTIGUADOR DEL TANQUE B-45 / C-35 BRANFOR,0,,0,1,,0,1,657.743,2000,1500,1000,t
1420,TR0781,REP GUADAÑA SHINDAIWA - ARRANQUE COMPLETO B-45 BRANDFOR,0,,0,1,,0,1,33120.325,57000,52000,49000,t
1421,TR0782,REP GUADAÑA SHINDAIWA - BIELA B-45,0,,0,1,,0,1,31326.048,55000,50000,47000,t
1422,TR0783,REP GUADAÑA SHINDAIWA - BOBINA B-45 BRANDFOR MODELO VIEJO,0,,0,1,,0,1,48600,80000,75000,70000,t
1423,TR0784,REP GUADAÑA SHINDAIWA - BOBINA C35/B-45 BRANDFOR MODELO NUEVO,0,,0,1,,0,1,52650,85000,80000,75000,t
1424,TR0785,REP GUADAÑA SHINDAIWA - CABLE DE BOBINA MODELO NUEVO BRANDFOR,0,,0,1,,0,1,1702,3500,3000,2500,t
1425,TR0786,REP GUADAÑA SHINDAIWA - CABLE DE BOBINA MODELO VIEJO BRANDFOR,0,,0,1,,0,1,1702,3500,3000,2500,t
1426,TR0787,REP GUADAÑA SHINDAIWA - CARBURADOR B-45 BRANDFOR,0,,0,1,,0,1,74005.666667,130000,120000,110000,t
1427,TR0788,REP GUADAÑA SHINDAIWA - CILINDRO COMPLETO B-45  BRANDFOR,0,,0,1,,0,1,69255,120000,110000,100000,t
1428,TR0789,REP GUADAÑA SHINDAIWA - CORREAS DEL TANQUE B-45/C-35 BRANDFOR,0,,0,1,,0,1,2088.738722,4000,3500,3000,t
1429,TR0790,REP GUADAÑA SHINDAIWA - EJE DE TRANSMISION B-45 BRANFOR,0,,0,1,,0,1,20250,40000,35000,30000,t
1430,TR0791,REP GUADAÑA SHINDAIWA - EMBRAGUE COMPLETO B-45 BRANDFOR/GOSLAR,0,,0,1,,0,1,33779.680952,90000,85000,80000,t
1431,TR0792,REP GUADAÑA SHINDAIWA - EMPAQUE EXOSTO B-45,0,,0,1,,0,1,3240,5100,4800,4600,t
1432,TR0793,REP GUADAÑA SHINDAIWA - EMPAQUE MOTOR B-45,0,,0,1,,0,1,1317,7000,6000,5000,t
1433,TR0794,REP GUADAÑA SHINDAIWA - FILTRO AIRE B-45 C-35 GN,0,,0,1,,0,1,17907.714124,40000,36000,34000,t
1434,TR0795,REP GUADAÑA SHINDAIWA - FILTRO GASOLINA ESPUMA B-45 BRANDFOR,0,,0,1,,0,1,272,1000,700,500,t
1435,TR0796,REP GUADAÑA SHINDAIWA - FILTRO GASOLINA FELPA B-45 BRANDFOR,0,,0,1,,0,1,810,2500,2000,1500,t
1436,TR0797,REP GUADAÑA SHINDAIWA - GUAYA ACELERACION B-45 CON CODO BRANFOR,0,,0,1,,0,1,7146.12685,15000,13000,11000,t
1437,TR0798,REP GUADAÑA SHINDAIWA - JUEGO DE ANILLOS C-35 BRANDFOR,0,,0,1,,0,1,4424,8500,7500,6500,t
1438,TR0799,REP GUADAÑA SHINDAIWA - JGO PIÑON DE TRANSM B-45 BRANDFOR,0,,0,1,,0,1,24300,39000,37000,36000,t
1439,TR0800,REP GUADAÑA SHINDAIWA - KIT CARBURADOR B-45 BRANDFOR,0,,0,1,,0,1,9565.273109,16000,15000,14000,t
1440,TR0801,REP GUADAÑA SHINDAIWA - KIT PISTON B-45 BRANDFOR/GOSLAR,0,,0,1,,0,1,12664.076,20500,19500,18500,t
1441,TR0802,REP GUADAÑA SHINDAIWA - KIT PISTON C-35 BRANDFOR,0,,0,1,,0,1,13614,25000,22000,20000,t
1442,TR0803,REP GUADAÑA SHINDAIWA - MANGUERA COMBUSTIBLE COMPLETA B-45/C-35,0,,0,1,,0,1,5639.181711,10500,9500,8500,t
1443,TR0804,REP GUADAÑA SHINDAIWA - MANGUERA PERA B-45/C-35 BRANDFOR,0,,0,1,,0,1,5456.764069,10000,9000,8000,t
1444,TR0805,REP GUADAÑA SHINDAIWA - MANGUERA SUCCION SOLA B-45 BRANDFOR,0,,0,1,,0,1,2382,5500,4500,3500,t
1445,TR0806,REP GUADAÑA SHINDAIWA - PATA O SOPORTE DE MOTOR B-45 BRANFOR,0,,0,1,,0,1,4860,8500,8000,7200,t
1446,TR0807,REP GUADAÑA SHINDAIWA - PESAS DEL TANQUE B-45/C-35 BRANDFOR,0,,0,1,,0,1,2382,4500,4000,3500,t
1447,TR0808,REP GUADAÑA SHINDAIWA - PIN CORTINA B-45,0,,0,1,,0,1,810,2000,1700,1300,t
1448,TR0809,REP GUADAÑA SHINDAIWA - POLEA DE ARRANQUE B-45 BRANDFOR,0,,0,1,,0,1,4455,8000,7000,6600,t
1449,TR0810,REP GUADAÑA SHINDAIWA - PROTECTOR DE TORNILLO B-45/C-35 BRANDFOR,0,,0,1,,0,1,680,1500,1200,1100,t
1450,TR0811,REP GUADAÑA SHINDAIWA - PROTECTOR PIERNA B-45 BRANFOR,0,,0,1,,0,1,4050,7000,6500,6000,t
1451,TR0812,AEROSOL MASSO VIOLETA OSCURO,0,,0,1,,0,1,0,0,0,9200,t
1452,TR0813,REP GUADAÑA SHINDAIWA - RESORTE EMBRAGUE -ZAPATA B-45/C-35,0,,0,1,,0,1,971.367089,3500,3000,2500,t
1453,TR0814,REP GUADAÑA SHINDAIWA - RETENEDOR CIGÜEÑAL  B-45 VARHUS,0,,0,1,,0,1,1513,3500,3000,2500,t
1454,TR0815,REP GUADAÑA SHINDAIWA - RODAMIENTO O BALINERA 6000 BRANDFOR,0,,0,1,,0,1,3966.3,7000,6500,6000,t
1455,TR0816,REP GUADAÑA SHINDAIWA - RODAMIENTO O BALINERA 6001 BRANDFOR,0,,0,1,,0,1,2382,4500,4000,3600,t
1456,TR0817,REP GUADAÑA SHINDAIWA - RODAMIENTO O BALINERA 6202 BRANDFOR,0,,0,1,,0,1,2870.65,5000,4500,4300,t
1457,TR0818,REP GUADAÑA SHINDAIWA - SOPORTE DE ARNES B-45 BRANFOR,0,,0,1,,0,1,12150,22000,15900,18000,t
1458,TR0819,REP GUADAÑA SHINDAIWA - SURTIDOR B-45,0,,0,1,,0,1,4050,8000,7000,6000,t
1459,TR0820,REP GUADAÑA SHINDAIWA - TANQUE COMBUSTIBLE COMPLETO B-45,0,,0,1,,0,1,41310,70000,65000,60000,t
1460,TR0821,REP GUADAÑA SHINDAIWA - TORNILLO DE CUCHILLA B-45/C-35,0,,0,1,,0,1,1252.253115,3000,2700,2300,t
1461,TR0822,REP GUADAÑA SHINDAIWA - TORNILLO GRASERO B-45/C-35,0,,0,1,,0,1,462.18,2000,1500,1000,t
1462,TR0823,REP GUADAÑA SHINDAIWA - TRANSMISION COMP B-45 BRANFOR,0,,0,1,,0,1,89501.5,140000,130000,125000,t
1463,TR0824,TERMOMAGNETICO CHINT 2X32A RIEL,0,,0,1,,0,1,23529,45000,40000,35000,t
1464,TR0825,REP GUADAÑA SHINDAIWA ORIG - CACHO COMPLETO B-45/C-35,0,,0,1,,0,1,68970.802521,130000,115000,105000,t
1465,TR0826,REP GUADAÑA SHINDAIWA ORIG - GUAYA ACELERACION C-35 CON CODO,0,,0,1,,0,1,5033,10000,8500,7500,t
1466,TR0827,REP GUADAÑA STIHL - KIT CARBURADOR ST FS 160/280 BRANDFOR,0,,0,1,,0,1,8168,15000,13500,12500,t
1467,TR0828,REP GUADAÑA STIHL - KIT EMPAQUE MOTOR FS 160/280 BRANDFOR,0,,0,1,,0,1,2722,6000,5000,4500,t
1468,TR0829,REP GUADAÑA STIHL - KIT PISTON FS280 BRANDFOR,0,,0,1,,0,1,13614,21300,20000,19100,t
1469,TR0830,REP GUADAÑA STIHL - PROTECTOR DE TUERCA 12MM BRANDFOR,0,,0,1,,0,1,4050,28000,25000,20000,t
1470,TR0831,CORREA A 39,0,,0,1,,0,1,6723,10500,10000,9500,t
1471,TR0832,REP GUADAÑA STIHL - TUERCA CUCHILLA FS280/450 BRANDFOR,0,,0,1,,0,1,1362,4000,3000,2500,t
1472,TR0833,REP MARTILLO Y19 - PERA HIERRO,0,,0,1,,0,1,131501,231000,210000,199500,t
1473,TR0834,REP MARTILLO Y19 - PERA TRANSPARENTE,0,,0,1,,0,1,30673,70000,60000,50000,t
1474,TR0835,REP MARTILLO Y19 #01 WATER INLET BEND,0,,0,1,,0,1,6642,16000,14000,12000,t
1475,TR0836,REP MARTILLO Y19 #02 WATER PIPE NUT,0,,0,1,,0,1,6642,16000,14000,12000,t
1476,TR0837,REP MARTILLO Y19 #03 ORING,0,,0,1,,0,1,831.416471,2000,1700,1300,t
1477,TR0838,REP MARTILLO Y19 #05 CONTROL VALVE,0,,0,1,,0,1,24257.5,60000,50000,40000,t
1478,TR0839,REP MARTILLO Y19 #06 WATER TUBE SLEEVE,0,,0,1,,0,1,840.34,4000,3000,2000,t
1479,TR0840,"REP MARTILLO Y19 #09,10,11,12 VALVULA COMPLETA",0,,0,1,,0,1,143638.538333,280000,250000,220000,t
1480,TR0841,REP MARTILLO Y19 #13 RIFLE BAR,0,,0,1,,0,1,42857,100000,90000,80000,t
1481,TR0842,REP MARTILLO Y19 #15 RIFLE NUT,0,,0,1,,0,1,47952,100000,90000,80000,t
1482,TR0843,REP MARTILLO Y19 #16 PISTON,0,,0,1,,0,1,90558,200000,180000,150000,t
1483,TR0844,REP MARTILLO Y19 #17 GUIDENG SLEEVE,0,,0,1,,0,1,53379,85000,80000,75000,t
1484,TR0845,REP MARTILLO Y19 #19 ROTATION SLEEVE (INTRODUCE LA BARRENA),0,,0,1,,0,1,85860,180000,150000,130000,t
1485,TR0846,REP MARTILLO Y19 #20 SHANK SLEEVE (INTRODUCE LA BARRENA),0,,0,1,,0,1,29437.506667,70000,60000,50000,t
1486,TR0847,REP MARTILLO Y19 #22 (ALETAS) RACHET PAWL,0,,0,1,,0,1,2520.824533,12000,10000,8000,t
1487,TR0848,REP MARTILLO Y19 #26 WORKING TOOL RETAINER,0,,0,1,,0,1,45437.625,100000,90000,80000,t
1488,TR0849,REP MARTILLO Y19 #27 STEEL RETAINER SPRING,0,,0,1,,0,1,2840.561111,15000,10000,8000,t
1489,TR0850,REP MARTILLO Y19 #28 DRILL RETAINER BOLT,0,,0,1,,0,1,10924.37,35000,30000,25000,t
1490,TR0851,REP MARTILLO Y19 #29 HEX LOCKING NUT,0,,0,1,,0,1,2100.84,12000,10000,8000,t
1491,TR0852,REP MARTILLO Y19 #30 HEX THICK NUT,0,,0,1,,0,1,2604.744444,12000,10000,8000,t
1492,TR0853,REP MARTILLO Y19 #33 CONTROL HANDLE,0,,0,1,,0,1,7990.6,16000,14000,12000,t
1493,TR0854,REP MARTILLO Y19 #34-35-36 PIN PASADOR,0,,0,1,,0,1,2913.888889,25000,20000,15000,t
1494,TR0855,CORREA A 37,0,,0,1,,0,1,6506,10500,10000,9500,t
1495,TR0856,REP MARTILLO Y19 #37 BIG SEALING SLEEVE,0,,0,1,,0,1,972,5000,3000,2000,t
1496,TR0857,REP MARTILLO Y19 #42 AIR PIPE SWILVEL,0,,0,1,,0,1,19521,40000,35000,30000,t
1497,TR0858,REP MARTILLO Y19 #43 RUBBER HANDLE (CAUCHOS MANIJAS),0,,0,1,,0,1,12636,22000,20000,18000,t
1498,TR0859,REP MARTILLO Y19 #46 WATER TUBE,0,,0,1,,0,1,2034.686316,20000,15000,10000,t
1499,TR0860,REP MARTILLO Y19 #47 PIPE SLEEVE,0,,0,1,,0,1,3268,6000,5500,5000,t
1500,TR0861,REP MARTILLO Y19 #50 HOOP,0,,0,1,,0,1,1620,4000,3500,2800,t
1501,TR0862,REP MARTILLO Y19 #53 WATER TUBE SLEEVE,0,,0,1,,0,1,1296,4000,3500,2800,t
1502,TR0863,REP MARTILLO YO20 #02 LARGE SEAL SLEEVE (BACK),0,,0,1,,0,1,972,3500,3000,2500,t
1503,TR0864,REP MARTILLO YO20 #03 LOCKING NUT (FRONT),0,,0,1,,0,1,3362,6500,6000,5500,t
1504,TR0865,REP MARTILLO YO20 #04 STEEL RETAINER SPRING (FRONT),0,,0,1,,0,1,3240,6500,6000,5500,t
1505,TR0866,REP MARTILLO YO20 #05 ELASTIC SLEEVE (FRONT),0,,0,1,,0,1,5022,9000,8500,7500,t
1506,TR0867,REP MARTILLO YO20 #06 RATCHER (CYLINDER),0,,0,1,,0,1,27702,50000,48000,45000,t
1507,TR0868,REP MARTILLO YO20 #06 STEEL RETAINER BOLT (FRONT),0,,0,1,,0,1,10125,25000,20000,15000,t
1508,TR0869,REP MARTILLO YO20 #07 STEEL RETAINER (FRONT),0,,0,1,,0,1,41310,70000,65000,60000,t
1509,TR0870,"REP MARTILLO YO20 #07,08,09 JUEGO DE VALVULAS (CYLINDER)",0,,0,1,,0,1,102060,220000,180000,150000,t
1510,TR0871,REP MARTILLO YO20 #08 SHANK SLEEVE (FRONT),0,,0,1,,0,1,31104,55000,50000,45000,t
1511,TR0872,REP MARTILLO YO20 #10 RIFLE NUT CYLINDER,0,,0,1,,0,1,54270,90000,85000,80000,t
1512,TR0873,REP MARTILLO YO20 #11 CROWNED SPRING - RESORTE (CYLINDER),0,,0,1,,0,1,2430,10000,8000,5000,t
1513,TR0874,REP MARTILLO YO20 #12 PISTON (CYLINDER),0,,0,1,,0,1,71766,130000,120000,110000,t
1514,TR0875,REP MARTILLO YO20 #12 POSITION SLEEVE (BACK),0,,0,1,,0,1,15147,35000,30000,25000,t
1515,TR0876,REP MARTILLO YO20 #13 RIFLE BAR (CYLINGER),0,,0,1,,0,1,32238,60000,55000,49000,t
1516,TR0877,REP MARTILLO YO20 #13 RIGHT HANDLE (BACK),0,,0,1,,0,1,7533,14000,12000,11500,t
1517,TR0878,REP MARTILLO YO20 #16 WATER TUBE SLEEVE (BACK),0,,0,1,,0,1,3240,7000,6000,5000,t
1518,TR0879,REP MARTILLO YO20 #20 WATER PIPE SWIVEL (BACK),0,,0,1,,0,1,6156,10500,10000,9500,t
1519,TR0880,REP MARTILLO YO20 #26 AIR PIPE SWIVEL (BACK),0,,0,1,,0,1,13284,30000,25000,20000,t
1520,TR0881,REP MARTILLO YO20 #28 CONTROL VALVE (BACK),0,,0,1,,0,1,31995,60000,55000,50000,t
1521,TR0882,REP MARTILLO YO20 #29 LEFT HANDLE (BACK),0,,0,1,,0,1,16929,35000,30000,28000,t
1522,TR0883,REP MARTILLO YT28 #01 RATCHET,0,,0,1,,0,1,47059,75000,70000,65000,t
1523,TR0884,"REP MARTILLO YT28 #02,03,10 VALVULA COMPLETA AIRE",0,,0,1,,0,1,226891,350000,300000,250000,t
1524,TR0885,REP MARTILLO YT28 #04 RIFLE NUT,0,,0,1,,0,1,52941.4,110000,100000,95000,t
1525,TR0886,REP MARTILLO YT28 #05 PISTON,0,,0,1,,0,1,129276,220000,200000,190000,t
1526,TR0887,REP MARTILLO YT28 #08 MUFLE,0,,0,1,,0,1,16504.2,35000,30000,25000,t
1527,TR0888,REP MARTILLO YT28 #09 LINER SLEEVE,0,,0,1,,0,1,104895,180000,165000,155000,t
1528,TR0889,REP MARTILLO YT28 #13 RIFLE BAR,0,,0,1,,0,1,41421.621429,100000,90000,80000,t
1529,TR0890,REP MARTILLO (RESORTE YT-28 / Y-19),0,,0,1,,0,1,2016.75,10000,8000,5000,t
1530,TR0891,REP MARTILLO YT28 #16 ROTATION SLEEVE,0,,0,1,,0,1,91479.894,200000,180000,160000,t
1531,TR0892,REP MARTILLO YT28 #17 SHANK SLEEVE,0,,0,1,,0,1,33613,70000,65000,60000,t
1532,TR0893,REP MARTILLO YT28 #18 SPRING PAD,0,,0,1,,0,1,2353,4000,3500,3000,t
1533,TR0894,REP MARTILLO YT28 #19 YOLK SPRING,0,,0,1,,0,1,4703.51823,6500,6000,5500,t
1534,TR0895,REP MARTILLO YT28 #20 YOLK BOLT,0,,0,1,,0,1,15568,35000,30000,25000,t
1535,TR0896,REP MARTILLO YT28 #21 YOLK,0,,0,1,,0,1,31346.049444,100000,90000,70000,t
1536,TR0897,REP MARTILLO YT28 #22 SPLINE NUT,0,,0,1,,0,1,105882,135000,130000,125000,t
1537,TR0898,REP MARTILLO YT28 #23 HEX LOCKING NUT,0,,0,1,,0,1,2544.226667,15000,10000,5000,t
1538,TR0899,REP MARTILLO YT28 #25 CONTROL VALVE,0,,0,1,,0,1,46980,80000,75000,61500,t
1539,TR0900,REP MARTILLO YT28 #26 WATER TUBE,0,,0,1,,0,1,2521,5500,5000,4500,t
1540,TR0901,REP MARTILLO YT28 #27 AIR TUBE,0,,0,1,,0,1,2599.5,5500,5000,4500,t
1541,TR0902,REP MARTILLO YT28 #28 BIG SEAL SET,0,,0,1,,0,1,1069,3000,2500,2000,t
1542,TR0903,REP MARTILLO YT28 #31 PRESSURE REGULATION VALVE,0,,0,1,,0,1,34612.906667,60000,57000,52000,t
1543,TR0904,REP MARTILLO YT28 #35 SMALL SEAL SET,0,,0,1,,0,1,1053,3000,2500,2000,t
1544,TR0905,REP MARTILLO YT28 #37 STEEL RING,0,,0,1,,0,1,899.05241,3000,2000,1500,t
1545,TR0906,REP MARTILLO YT28 #39 TRIGGER,0,,0,1,,0,1,3646.129442,20000,15000,10000,t
1546,TR0907,REP MARTILLO YT28 #41 SPRING,0,,0,1,,0,1,810,3000,2500,1500,t
1547,TR0908,REP MARTILLO YT28 #43 STEEL RING,0,,0,1,,0,1,2042,5000,4500,3500,t
1548,TR0909,"REP MARTILLO YT28 #44,66,67 FIXING PIN (KIT PASADOR)",0,,0,1,,0,1,2521,25000,20000,16000,t
1549,TR0910,REP MARTILLO YT28 #46 STEEL RETAINING RING,0,,0,1,,0,1,819.581053,2500,2000,1500,t
1550,TR0911,REP MARTILLO YT28 #49 RIGHT HANDLE,0,,0,1,,0,1,12555,21900,20000,18500,t
1551,TR0912,REP MARTILLO YT28 #53 WATER TUBE SET,0,,0,1,,0,1,810,3500,2500,1500,t
1552,TR0913,REP MARTILLO YT28 #55 AIR TUBE PAD,0,,0,1,,0,1,810,3500,1100,1500,t
1553,TR0914,REP MARTILLO YT28 #56 SPRING,0,,0,1,,0,1,810,3500,2500,1500,t
1554,TR0915,REP MARTILLO YT28 #57 SETTING PIN,0,,0,1,,0,1,1309.593407,3000,2500,2000,t
1555,TR0916,REP MARTILLO YT28 #61 ORING,0,,0,1,,0,1,1362,3000,2500,2000,t
1556,TR0917,REP MARTILLO YT28 #63 ORING,0,,0,1,,0,1,933.089333,3000,2500,2000,t
1557,TR0918,REP MARTILLO YT28 #64 HOOP - ABRAZADERA,0,,0,1,,0,1,1863.891111,5000,3500,2500,t
1558,TR0954,"RODACHIN 2"" NARANJA",0,,0,1,,0,1,2960,5500,5000,4500,t
1559,TR0970,"BROCA MURO INCOLMA 3/8"" X 5""",0,,0,1,,0,1,4916.75,8300,7700,7300,t
1560,TR0974,"BISAGRA COMUN INDUMA 2 1/2 "" CAL: 20 X UND",0,,0,1,,0,1,880.5,1500,1400,1300,t
1561,TR0975,"POLEA HIERRO 9"" X 2 CANAL B EJE 2"" CON MANZANA",0,,0,1,,0,1,420000,687200,646800,610900,t
1562,TR1007,"BISAGRA COMUN INDUMA 3 1/2 "" CAL: 18 X UND",0,,0,1,,0,1,1485,3500,2000,2500,t
1563,TR1024,"POLEA HIERRO 5"" X 2 CANAL B EJE 38MM",0,,0,1,,0,1,70000,127000,125000,120000,t
1564,TR1128,"CODO GALVANIZADO 2""",0,,0,1,,0,1,7045.65,18000,15000,12000,t
1565,TR1130,REP MOTOSIERRA - PIÑON LOCO 3/8 - 7 (CENTRO GRANDE) BRANDFOR,0,,0,1,,0,1,4424,15000,13000,8000,t
1566,TR1131,REP MOTOSIERRA - PIÑON LOCO 3/8 - 7 (CENTRO PEQUEÑO) BRANDFOR,0,,0,1,,0,1,4424,15000,13000,8000,t
1567,TR1132,REP MOTOSIERRA - PIÑON LOCO 325-7 BRANDFOR,0,,0,1,,0,1,4084,15000,13000,8000,t
1568,TR1133,REP MOTOSIERRA - PIÑON LOCO 404 BRANDFOR,0,,0,1,,0,1,7493.618544,18000,15000,12000,t
1569,TR1134,REP MOTOSIERRA ESTANDAR - MANGO ARRANQUE BRANDFOR,0,,0,1,,0,1,2430,6500,5500,4500,t
1570,TR1135,REP MOTOSIERRA ESTANDAR - PITA ARRANQUE 4MM,0,,0,1,,0,1,374,1200,1000,700,t
1571,TR1136,REP MOTOSIERRA HUSQV ORIG - BALINERA CIGUEÑAL 390,0,,0,1,,0,1,25866,55000,50000,45000,t
1572,TR1137,REP MOTOSIERRA HUSQV ORIG - BOBINA O ELECTRONICO 372-390-365,0,,0,1,,0,1,74874,125000,120000,115000,t
1573,TR1138,REP MOTOSIERRA HUSQV ORIG - CANASTILLA CAMPANA 390-365,0,,0,1,,0,1,16336,35000,30000,25000,t
1574,TR1139,REP MOTOSIERRA HUSQV ORIG - CANASTILLA PISTON 281-288-394-395-390,0,,0,1,,0,1,19058,38000,35000,30000,t
1575,TR1140,REP MOTOSIERRA HUSQV ORIG - CIGUEÑAL 390,0,,0,1,,0,1,224622,430000,400000,370000,t
1576,TR1141,REP MOTOSIERRA HUSQV ORIG - PISTON COMPLETO 390,0,,0,1,,0,1,102101,175000,165000,155000,t
1577,TR1142,REP MOTOSIERRA HUSQV ORIG - TAPA ARRANQUE COMPLETA 390,0,,0,1,,0,1,81680,135000,130000,125000,t
1578,TR1143,REP MOTOSIERRA HUSQVARNA - AMORTIGUADOR 288 BRANDFOR,0,,0,1,,0,1,5446,12000,10000,8500,t
1579,TR1144,REP MOTOSIERRA HUSQVARNA - AMORTIGUADOR GRANDE 61 BRANDFOR,0,,0,1,,0,1,3744,10000,8000,7000,t
1580,TR1145,REP MOTOSIERRA HUSQVARNA - AMORTIGUADOR PEQ 61 BRANDFOR,0,,0,1,,0,1,3404,10000,8000,7000,t
1581,TR1146,REP MOTOSIERRA HUSQVARNA - ANILLO PISTON 288 BRANDFOR,0,,0,1,,0,1,3404,10000,8000,7000,t
1582,TR1147,REP MOTOSIERRA HUSQVARNA - ANILLO PISTON 61 BRANDFOR,0,,0,1,,0,1,3389.78,10000,8000,7000,t
1583,TR1148,REP MOTOSIERRA HUSQVARNA - BOBINA 365/372/390 BRANDFOR,0,,0,1,,0,1,40840,75000,68000,61000,t
1584,TR1149,REP MOTOSIERRA HUSQVARNA - BOBINA 61/395 BRANDFOR,0,,0,1,,0,1,40840,75000,68000,61000,t
1585,TR1501,CORREA B 75,0,,0,1,,0,1,18169,31800,30800,29800,t
1586,TR1151,REP MOTOSIERRA HUSQVARNA - CAMPANA COMPLETA PIÑON LOCO 288/395 BRANDFOR,0,,0,1,,0,1,21782,45000,38000,33000,t
1587,TR1152,REP MOTOSIERRA HUSQVARNA - CAMPANA COMPLETA PIÑON LOCO 365/372 BRANDFOR,0,,0,1,,0,1,20420,37000,33000,30000,t
1588,TR1153,REP MOTOSIERRA HUSQVARNA - EMPAQUE BRIDA  288,0,,0,1,,0,1,1620,5000,4000,3000,t
1589,TR1154,REP MOTOSIERRA HUSQVARNA - EMPAQUE CARBURADOR 288,0,,0,1,,0,1,1620,5000,4000,3000,t
1590,TR1155,REP MOTOSIERRA HUSQVARNA - ESPARRAGO ESPADA 61/288/390/395 BRANDFOR,0,,0,1,,0,1,2042,6000,5000,4000,t
1591,TR1156,REP MOTOSIERRA HUSQVARNA - FILTRO AIRE 365/372 (RE),0,,0,1,,0,1,11231,25000,22000,18000,t
1592,TR1157,REP MOTOSIERRA HUSQVARNA - FILTRO AIRE 390 XP BRANDFOR,0,,0,1,,0,1,15656,30000,28000,24000,t
1593,TR1158,REP MOTOSIERRA HUSQVARNA - FILTRO AIRE 61/288 BRADFOR,0,,0,1,,0,1,10890,25000,22000,17000,t
1594,TR1159,REP MOTOSIERRA HUSQVARNA - FILTRO GASOLINA BRANDFOR,0,,0,1,,0,1,2722,10000,8000,6000,t
1595,TR1160,REP MOTOSIERRA HUSQVARNA - GUAYA ACELERACION 365/372/390/395 BRANDFOR,0,,0,1,,0,1,4764,11000,8500,7500,t
1596,TR1161,REP MOTOSIERRA HUSQVARNA - JUEGO ANILLOS 390 XP (X2) BRANDFOR,0,,0,1,,0,1,8168,18000,15000,13000,t
1597,TR1162,REP MOTOSIERRA HUSQVARNA - JUEGO RETENEDORES MOTOR 288/395 BRANDFOR X PAR,0,,0,1,,0,1,10176,20000,18000,15000,t
1598,TR1163,REP MOTOSIERRA HUSQVARNA - JUEGO RETENEDORES MOTOR 365/372 BRANDFOR X PAR,0,,0,1,,0,1,5446,12000,10000,8000,t
1599,TR1164,REP MOTOSIERRA HUSQVARNA - KIT CARBURADOR 365/372 BRANDFOR,0,,0,1,,0,1,8168,16000,14000,12000,t
1600,TR1165,REP MOTOSIERRA HUSQVARNA - KIT EMPAQUES MOTOR 288 BRANDFOR,0,,0,1,,0,1,4084,9500,8500,7000,t
1601,TR1166,REP MOTOSIERRA HUSQVARNA - KIT EMPAQUES MOTOR 365/372 BRANDFOR,0,,0,1,,0,1,2722,6500,5500,4500,t
1602,TR1167,REP MOTOSIERRA HUSQVARNA - KIT EMPAQUES MOTOR 61 BRANDFOR,0,,0,1,,0,1,3162.446667,7500,6500,5500,t
1603,TR1168,REP MOTOSIERRA HUSQVARNA - KIT PISTON 288 BRANDFOR,0,,0,1,,0,1,19897,35000,33000,30000,t
1604,TR1169,REP MOTOSIERRA HUSQVARNA - KIT PISTON 365 BRANDFOR,0,,0,1,,0,1,17016,32000,30000,27000,t
1605,TR1170,REP MOTOSIERRA HUSQVARNA - KIT PISTON 390XP 55MM BRANDFOR,0,,0,1,,0,1,19058,35000,32000,30000,t
1606,TR1171,REP MOTOSIERRA HUSQVARNA - LAMINA GUIA 61/288 BRANDFOR,0,,0,1,,0,1,2722,5500,5000,4500,t
1607,TR1172,REP MOTOSIERRA HUSQVARNA - MANGUERA ACEITE COMPLETA 61/288/395 BRANDFOR,0,,0,1,,0,1,6806,14000,12000,10000,t
1608,TR1173,REP MOTOSIERRA HUSQVARNA - POLEA ARRANQUE 288 BRANDFOR,0,,0,1,,0,1,88488,140000,136000,132000,t
1609,TR1174,REP MOTOSIERRA HUSQVARNA - POLEA ARRANQUE 365/372/390 BRANDFOR,0,,0,1,,0,1,5446,13000,11000,9000,t
1610,TR1175,REP MOTOSIERRA HUSQVARNA - POLEA ARRANQUE 61/272 BRANDFOR,0,,0,1,,0,1,8168,16000,15000,13000,t
1611,TR1176,REP MOTOSIERRA HUSQVARNA - RESORTE TRINQUETE  288,0,,0,1,,0,1,5670,16000,14000,11000,t
1612,TR1177,REP MOTOSIERRA HUSQVARNA - RESORTE ZAPATA 288/390/395 BRANDFOR,0,,0,1,,0,1,1702,4500,4000,3000,t
1613,TR1178,REP MOTOSIERRA HUSQVARNA - SINFÍN 365/372 BRANDFOR,0,,0,1,,0,1,4764,11000,9500,8500,t
1614,TR1179,REP MOTOSIERRA HUSQVARNA - SINFÍN 61 BRANDFOR,0,,0,1,,0,1,2382,6500,5500,4500,t
1615,TR1180,REP MOTOSIERRA HUSQVARNA - TENZOR COMPLETO 61 BRANDFOR,0,,0,1,,0,1,3404,7500,6500,5500,t
1616,TR1181,REP MOTOSIERRA HUSQVARNA - TUERCA ESPADA 61/365/288/395 BRANDFOR,0,,0,1,,0,1,816,2500,2000,1500,t
1617,TR1182,REP MOTOSIERRA HUSQVARNA - VARILLA ACELERACION 61 BRANDFOR,0,,0,1,,0,1,2835,7000,6000,5000,t
1618,TR1183,REP MOTOSIERRA STIHL - ARRANQUE COMPLETO MS 380/381/382 BRANDFOR,0,,0,1,,0,1,39138.5,70000,65000,60000,t
1619,TR1184,REP MOTOSIERRA STIHL - ARRANQUE COMPLETO MS 382 BRANDFOR,0,,0,1,,0,1,0,0,0,0,t
1620,TR1185,REP MOTOSIERRA STIHL - BOBINA MS 660 BRANDFOR,0,,0,1,,0,1,44720,80000,75000,67000,t
1621,TR1187,REP MOTOSIERRA STIHL - BOMBA ACEITE MS 382 BRANDFOR,0,,0,1,,0,1,85717.5,225000,215000,195000,t
1622,TR1188,REP MOTOSIERRA STIHL - BOMBA ACEITE MS 660 BRANDFOR,0,,0,1,,0,1,46660,85000,77000,70000,t
1623,TR1189,REP MOTOSIERRA STIHL - CAMPANA COMPLETA PIÑON LOCO MS 170/180 BRANDFOR,0,,0,1,,0,1,20250,38000,35000,32000,t
1624,TR1190,REP MOTOSIERRA STIHL - CAMPANA PIÑON LOCO MS 382 BRANDFOR,0,,0,1,,0,1,20250,38000,35000,32000,t
1625,TR1191,REP MOTOSIERRA STIHL - CAPUCHON BRANDFOR,0,,0,1,,0,1,2536.470769,8000,7000,6000,t
1626,TR1192,REP MOTOSIERRA STIHL - CARBURADOR MS 170/180 BRANFOR,0,,0,1,,0,1,44550,80000,75000,70000,t
1627,TR1193,REP MOTOSIERRA STIHL - CARBURADOR MS 250 BRANDFOR,0,,0,1,,0,1,44550,80000,75000,70000,t
1628,TR1194,REP MOTOSIERRA STIHL - CARBURADOR MS 380/381/382 BRANDFOR,0,,0,1,,0,1,67080,125000,110000,100000,t
1629,TR1195,REP MOTOSIERRA STIHL - CARBURADOR MS 650-660 BRANDFOR,0,,0,1,,0,1,84357,145000,135000,125000,t
1630,TR1196,REP MOTOSIERRA STIHL - CARBURADOR MS 661 BRANDFOR,0,,0,1,,0,1,105300,180000,170000,160000,t
1631,TR1197,REP MOTOSIERRA STIHL - CARBURADOR MS-661 TOOLING,0,,0,1,,0,1,96390,165000,155000,145000,t
1632,TR1198,REP MOTOSIERRA STIHL - CHAVETA CAMPANA PIÑON LOCO MS 250/310/180/051/380/381/210,0,,0,1,,0,1,2430,7000,6000,5000,t
1633,TR1199,REP MOTOSIERRA STIHL - CIGUEÑAL MS 180 BRANDFOR,0,,0,1,,0,1,40500,80000,70000,60000,t
1634,TR1200,REP MOTOSIERRA STIHL - CIGUEÑAL MS 380/381 BRANDFOR,0,,0,1,,0,1,89100,155000,145000,135000,t
1635,TR1201,REP MOTOSIERRA STIHL - CILINDRO COMPLETO MS 382 BRANDFOR,0,,0,1,,0,1,137700,235000,225000,205000,t
1636,TR1202,REP MOTOSIERRA STIHL - CILINDRO COMPLETO MS 660 BRANDFOR,0,,0,1,,0,1,121500,210000,195000,185000,t
1637,TR1203,REP MOTOSIERRA STIHL - CILINDRO COMPLETO MS 661 BRANDFOR,0,,0,1,,0,1,202500,335000,320000,300000,t
1638,TR1204,REP MOTOSIERRA STIHL - ESPARRAGO ESPADA MS 380/381/660 BRANDFOR,0,,0,1,,0,1,1544.117647,5000,4000,3000,t
1639,TR1205,GUASA 3/8,0,,0,1,,0,1,252.18,1000,700,500,t
1640,TR1206,REP MOTOSIERRA STIHL - EXOSTO MS 660 BRANDFOR,0,,0,1,,0,1,30630,60000,53000,45000,t
1641,TR1207,REP MOTOSIERRA STIHL - FILTRO ACEITE MS 660 BRANDFOR,0,,0,1,,0,1,2877.472,9000,7000,5000,t
1642,TR1208,REP MOTOSIERRA STIHL - FILTRO AIRE MS 250 BRANDFOR,0,,0,1,,0,1,4472,11000,9000,7000,t
1643,TR1209,REP MOTOSIERRA STIHL - FILTRO AIRE MS 380/381/382 BRANDFOR,0,,0,1,,0,1,10890,22000,20000,17000,t
1644,TR1210,REP MOTOSIERRA STIHL - FILTRO COMBUSTIBLE MS 051/070/660 BRANDFOR,0,,0,1,,0,1,3110.078261,10000,8000,6000,t
1645,TR1211,REP MOTOSIERRA STIHL - JUEGO ANILLOS MS 660 BRANDFOR,0,,0,1,,0,1,8100,17000,15000,13000,t
1646,TR1212,"REP MOTOSIERRA STIHL - JUEGO DE TRINQUETE, RESORTE Y ARANDELA MS 170/180/250 BRANDFOR",0,,0,1,,0,1,1226,3500,3000,2500,t
1647,TR1213,"REP MOTOSIERRA STIHL - JUEGO DE TRINQUETE, RESORTE Y ARANDELA MS 380/381/382 BRANDFOR X PAR",0,,0,1,,0,1,3843.384615,11000,9000,7000,t
1648,TR1214,REP MOTOSIERRA STIHL - JUEGO DE TRINQUETE MS 650/660,0,,0,1,,0,1,2327.385,9000,7000,5000,t
1649,TR1215,REP MOTOSIERRA STIHL - JUEGO PIÑONES BOMBA ACEITE MS 380/381 BRANDFOR,0,,0,1,,0,1,8168,17000,16000,14000,t
1650,TR1216,REP MOTOSIERRA STIHL - JGO RETENEDORES MOTOR MS 170/180/250 BRANDFOR X PAR,0,,0,1,,0,1,2382,8500,6500,4500,t
1651,TR1217,TORNILLO HEX 5/8 X 3,0,,0,1,,0,1,2184.8,5500,4500,3500,t
1652,TR1218,REP MOTOSIERRA STIHL - JGO RETENEDORES MOTOR MS 382 BRANDFOR,0,,0,1,,0,1,5446,13000,11000,9000,t
1653,TR1219,REP MOTOSIERRA STIHL - KIT CARBURADOR 08/070 BRANDFOR,0,,0,1,,0,1,10890,22000,14300,18000,t
1654,TR1220,REP MOTOSIERRA STIHL - KIT CARBURADOR MS 660/395 BRANDFOR,0,,0,1,,0,1,8141,18000,16000,14000,t
1655,TR1221,REP MOTOSIERRA STIHL - KIT EMPAQUES MOTOR MS 382 BRANDFOR,0,,0,1,,0,1,3404,10000,8000,6000,t
1656,TR1222,REP MOTOSIERRA STIHL - KIT EMPAQUES MOTOR MS 660 BRANDFOR,0,,0,1,,0,1,4863.929412,13000,11000,8500,t
1657,TR1223,REP MOTOSIERRA STIHL - KIT PISTON MS 380/381 BRANDFOR,0,,0,1,,0,1,17016,33000,30000,27000,t
1658,TR1224,REP MOTOSIERRA STIHL - KIT PISTON MS 382 BRANDFOR,0,,0,1,,0,1,21713,38000,35000,33000,t
1659,TR1225,REP MOTOSIERRA STIHL - KIT PISTON MS 650 BRANDFOR,0,,0,1,,0,1,21782,39000,36000,34000,t
1660,TR1226,REP MOTOSIERRA STIHL - KIT PISTON MS 660 BRANDFOR,0,,0,1,,0,1,24300,41000,38000,36000,t
1661,TR1227,"REP MOTOSIERRA STIHL - PIÑON LOCO TIPO ANILLO 404""",0,,0,1,,0,1,0,0,0,0,t
1662,TR1228,REP MOTOSIERRA STIHL - POLEA ARRANQUE MS 660 BRANDFOR,0,,0,1,,0,1,4860,13000,11000,9000,t
1663,TR1229,REP MOTOSIERRA STIHL - RESORTE ZAPATA MS 660 BRANDFOR,0,,0,1,,0,1,1895,6500,5500,4500,t
1664,TR1230,REP MOTOSIERRA STIHL - RODAMIENTO ESPECIAL MS 660 BRANDFOR,0,,0,1,,0,1,17016,38000,35000,32000,t
1665,TR1231,REP MOTOSIERRA STIHL - SINFÍN MS 170/180/250 BRANDFOR,0,,0,1,,0,1,3744,11000,9000,7000,t
1666,TR1232,REP MOTOSIERRA STIHL - SINFÍN MS 310 BRANDFOR,0,,0,1,,0,1,6126,14000,12000,10000,t
1667,TR1233,REP MOTOSIERRA STIHL - SINFÍN MS 660 BRANDFOR,0,,0,1,,0,1,5817.885,14000,12000,10000,t
1668,TR1234,REP MOTOSIERRA STIHL - TENZOR COMPLETO 380/381/382/660 BRANDFOR,0,,0,1,,0,1,12272,28000,26000,23000,t
1669,TR1235,REP MOTOSIERRA STIHL - TUERCA ESPADA MS 250/381/660 BRANDFOR,0,,0,1,,0,1,1028.25,2500,2300,2000,t
1670,TR1236,REP MOTOSIERRA STIHL - VALVULA DESCOMPRESION MS 650/660 BRANDFOR,0,,0,1,,0,1,12960,27000,24000,21000,t
1671,TR1237,REP MOTOSIERRA STIHL - VARILLA ACELERACION MS 250 BRANDFOR,0,,0,1,,0,1,1226,2800,2500,2000,t
1672,TR1238,REP MOTOSIERRA STIHL - VARILLA DE CHOQUE MS 250 BRANDFOR,0,,0,1,,0,1,1702,5000,4000,3000,t
1673,TR1239,REP MOTOSIERRA STIHL - ZAPATAS COMPLETAS MS 160/220/280 BRANDFOR,0,,0,1,,0,1,17820,32000,30000,28000,t
1674,TR1240,REP MOTOSIERRA STIHL - ZAPATAS COMPLETAS MS 660 BRANDFOR,0,,0,1,,0,1,26539,47000,43000,40000,t
1675,TR1241,REP MOTOSIERRA STIHL ORIG - ARANDELA SEGURIDAD MS-382-650-651-660-661,0,,0,1,,0,1,4374,10000,9000,8000,t
1676,TR1242,REP MOTOSIERRA STIHL ORIG - ARANDELA SEGURIDAD 8X13 MS-310-180-051-660-661-650-651,0,,0,1,,0,1,729,2000,1800,1500,t
1677,TR1243,REP MOTOSIERRA STIHL ORIG - BOBINA FS-160 FS-280 MS-210 MS-250,0,,0,1,,0,1,79056,130000,125000,120000,t
1678,TR1244,REP MOTOSIERRA STIHL ORIG - BOBINA MS-651,0,,0,1,,0,1,161352,260000,250000,240000,t
1679,TR1245,REP MOTOSIERRA STIHL ORIG - BOBINA O MODULO DE IGNICION MS-660,0,,0,1,,0,1,169625,275000,265000,255000,t
1680,TR1246,REP MOTOSIERRA STIHL ORIG - BOMBA ACEITE CARRERA DE 115MM MS-651-661,0,,0,1,,0,1,160380,310000,295000,280000,t
1681,TR1247,REP MOTOSIERRA STIHL ORIG - CARBURADOR MS-651,0,,0,1,,0,1,197640,335000,320000,300000,t
1682,TR1248,REP MOTOSIERRA STIHL ORIG - CIGUEÑAL MS-382,0,,0,1,,0,1,330480,560000,530000,490000,t
1683,TR1249,REP MOTOSIERRA STIHL ORIG - CIGUEÑAL MS-660,0,,0,1,,0,1,437400,720000,680000,572600,t
1684,TR1250,REP MOTOSIERRA STIHL ORIG - CILINDRO CON PISTON COMPLETO MS-651 56MM,0,,0,1,,0,1,499608,830000,780000,750000,t
1685,TR1251,REP MOTOSIERRA STIHL ORIG - CILINDRO CON PISTON COMPLETO MS-660,0,,0,1,,0,1,489908,780000,750000,730000,t
1686,TR1252,REP MOTOSIERRA STIHL ORIG - CILINDRO CON PISTON COMPLETO MS-661,0,,0,1,,0,1,546750,760000,750000,740000,t
1687,TR1253,REP MOTOSIERRA STIHL ORIG - EMBRAGUE O ZAPATA MS 650-660,0,,0,1,,0,1,110970,170000,165000,160000,t
1688,TR1254,REP MOTOSIERRA STIHL ORIG - ESPARAGO O TORNILLO CON COLLAR M8 MS-661-651,0,,0,1,,0,1,5709,10500,9500,8500,t
1689,TR1255,REP MOTOSIERRA STIHL ORIG - FILTRO AIRE HD2 MS -651-661,0,,0,1,,0,1,35100,60000,55000,50000,t
1690,TR1256,REP MOTOSIERRA STIHL ORIG - FILTRO DE AIRE MS-650-660,0,,0,1,,0,1,39690,65000,60000,58000,t
1691,TR1257,REP MOTOSIERRA STIHL ORIG - FRENO O PROTECTOR SALVAMANOS MS-650-660,0,,0,1,,0,1,36469,60000,55000,50000,t
1692,TR1258,REP MOTOSIERRA STIHL ORIG - GUIA TAPA ESPADA PRISMA DESLIZANTE 310-651,0,,0,1,,0,1,878,2500,2000,1500,t
1693,TR1259,REP MOTOSIERRA STIHL ORIG - CANASTILLA MS-660-651-661,0,,0,1,,0,1,12275,22000,20000,18000,t
1694,TR1260,REP MOTOSIERRA STIHL ORIG - JGO CAMPANA MS-325-250,0,,0,1,,0,1,71170,115000,110000,105000,t
1695,TR1261,REP MOTOSIERRA STIHL ORIG - LISTON DE DESLIZAMIENTO MS-381-382-310-650-651,0,,0,1,,0,1,0,0,0,0,t
1696,TR1262,REP MOTOSIERRA STIHL ORIG - PISTON COMPLETO 52MM MS-650,0,,0,1,,0,1,130653,195000,190000,186000,t
1697,TR1263,REP MOTOSIERRA STIHL ORIG - PISTON COMPLETO 54MM MS-660,0,,0,1,,0,1,136890,205000,200000,195000,t
1698,TR1264,REP MOTOSIERRA STIHL ORIG - PISTON COMPLETO 56MM MS-651-661,0,,0,1,,0,1,165402,245000,240000,235000,t
1699,TR1265,REP MOTOSIERRA STIHL ORIG - POLEA ARRANQUE MS-660,0,,0,1,,0,1,11583,19500,18500,17500,t
1700,TR1266,REP MOTOSIERRA STIHL ORIG - SIMBRA MS-051,0,,0,1,,0,1,17826,30000,28000,27000,t
1701,TR1267,REP MOTOSIERRA STIHL ORIG - SIMBRA MS-650-660,0,,0,1,,0,1,17096.52,22500,20000,17500,t
1702,TR1268,REP MOTOSIERRA STIHL ORIG - ANILLOS 651-661,0,,0,1,,0,1,22249,37000,35000,33000,t
1703,TR1269,REP MOTOSIERRA STIHL ORIG - SILENCIADOR MS 651-661,0,,0,1,,0,1,123768,185000,180000,176000,t
1704,TR1270,REP MOTOSIERRA STIHL ORIG - SILENCIADOR MS-660-650,0,,0,1,,0,1,99338,152000,150000,148000,t
1705,TR1271,REP MOTOSIERRA STIHL ORIG - TAPA CUBIERTA CILINDRO MS-650,0,,0,1,,0,1,43001,75000,70000,65000,t
1706,TR1272,REP MOTOSIERRA STIHL ORIG - TAPA CUBIERTA CILINDRO MS-660,0,,0,1,,0,1,43011,75000,70000,65000,t
1707,TR1273,REP MOTOSIERRA STIHL ORIG - TAPA ESPADA MS-651-661,0,,0,1,,0,1,73896.516667,120000,115000,110000,t
1708,TR1274,REP MOTOSIERRA STIHL ORIG - TAPA ESPADA MS-660,0,,0,1,,0,1,36060,60000,55000,53000,t
1709,TR1275,REP MOTOSIERRA STIHL ORIG - TAPA TANQUE GASOLINA MS-250-310-381-382-651-661,0,,0,1,,0,1,20508,34000,32000,30000,t
1710,TR1276,REP MOTOSIERRA STIHL ORIG - TAPA TANQUE GASOLINA MS-650-660,0,,0,1,,0,1,16404,35000,30000,25000,t
1711,TR1277,REP MOTOSIERRA STIHL ORIG - TRINQUETE 650-660-651-661,0,,0,1,,0,1,729,2000,1500,1200,t
1712,TR1278,REP MOTOSIERRA STIHL ORIG - TUERCA TAPA ESPADA MS-180 HASTA 660 -M8,0,,0,1,,0,1,2151,4000,3500,3200,t
1713,TR1279,REP MOTOSIERRA STIHL ORIG - VOLANTE MS 651,0,,0,1,,0,1,194400,285000,280000,275000,t
1714,TR1280,REP PERA TRANSPARENTE - TAPON,0,,0,1,,0,1,4033.7,15000,13000,12000,t
1715,TR1281,REP PLANTA - AVR 5500/6500 (110-220) BRANDFOR,0,,0,1,,0,1,39054.495,62000,60000,58000,t
1716,TR1282,REP PLANTA - AVR GENERADOR SX460,0,,0,1,,0,1,120000,300000,250000,200000,t
1717,TR1283,REP PLANTA - CARBURADOR 6.5HP BRANDFOR,0,,0,1,,0,1,23824,45000,40000,35000,t
1718,TR1284,REP PLANTA - MANGO ARRAQUE BRANDFOR,0,,0,1,,0,1,1362,3500,3000,2500,t
1719,TR1285,REP PLANTA - PLATO TRINQUETE BRANDFOR,0,,0,1,,0,1,2066,4000,3500,3000,t
1720,TR1286,REP PLANTA 6.5 HP - CIGÜEÑAL CON CUÑA GX160 BRANDFOR,0,,0,1,,0,1,34034,60000,55000,50000,t
1721,TR1287,REP PLANTA 6.5HP - FILTRO AIRE GX160 BRANFOR,0,,0,1,,0,1,7695,13500,12500,11500,t
1722,TR1288,REP PLANTA 6.5HP - KIT CARBURADOR GX160/BRANDFOR,0,,0,1,,0,1,8168,13500,12500,11500,t
1723,TR1289,REP PLANTA 6.5 HP - KIT PISTON BRANDFOR,0,,0,1,,0,1,17016,32000,30000,27000,t
1724,TR1290,REP PLANTA 6.5 HP - MANGUERA DESFOGUE TAPA CULATA GX160 BRANDFOR,0,,0,1,,0,1,1021,3000,2500,2000,t
1725,TR1291,REP PLANTA 6.5 HP - PLATO DE TRINQUETE DE ARRANQUE BRANDFOR,0,,0,1,,0,1,0,0,0,0,t
1726,TR1292,REP PLANTA 6.5 HP - RESORTE ACELERACION BRANDFOR,0,,0,1,,0,1,680,2000,1500,1200,t
1727,TR1293,REP PLANTA 6.5 HP - RETENEDOR ACEITE VALVULAS 168 BRANDFOR,0,,0,1,,0,1,1702,3500,3000,2500,t
1728,TR1294,REP PLANTA 6.5HP - TAPA TANQUE COMBUSTIBLE,0,,0,1,,0,1,3404,7000,6000,5000,t
1729,TR1295,REP PLANTA 6.5HP - RESORTE GOBERNADOR BRANDFOR,0,,0,1,,0,1,680,2000,1500,1200,t
1730,TR1296,REP PLANTA 6.5HP - SIMBRA ARRANQUE 768 / TU26 BRANDFOR,0,,0,1,,0,1,12150,20000,19000,18000,t
1731,TR1297,REP PLANTA 950 - EMPAQUE,0,,0,1,,0,1,1620,3500,3000,2500,t
1732,TR1298,REP PLANTA 950 - TRINQUETE ARRANQUE BRANDFOR,0,,0,1,,0,1,2042,5000,4000,3000,t
1733,TR1299,REP PLANTA FORTE - AVR REGULADOR VOLTAGE GENERADOR FG6000/DJ6000,0,,0,1,,0,1,84000,130000,125000,120000,t
1734,TR1300,REP PLANTA FORTE - AVR REGULADOR VOLTAJE GENERADOR FG8000/FG10000,0,,0,1,,0,1,84000,130000,125000,120000,t
1735,TR1301,REP PLANTA FORTE - CARBURADOR GENERADOR FG10000,0,,0,1,,0,1,129965,210000,200000,190000,t
1736,TR1302,REP PLANTA FORTE FG1250 - PISTON GENERADOR FG1250,0,,0,1,,0,1,15400,35000,30000,28000,t
1737,TR1303,REP PLANTA FORTE FG3500 - PISTON GENERADOR FG3500,0,,0,1,,0,1,18900,35000,30000,28000,t
1738,TR1304,RETENEDOR 30-42-8,0,,0,1,,0,1,8100,14000,13000,12000,t
1739,TR1305,"RETENEDOR KTC 1 1/4"" REF: 440-PWP3030-4",0,,0,1,,0,1,48447,80000,75000,70000,t
1740,TR1306,"RETENEDOR KTC 1"" REF: 440-PWP2020C-04",0,,0,1,,0,1,46492,78000,75000,72000,t
1741,TR1307,RIEL OMEGA ONKA 35X75,0,,0,1,,0,1,6489.10125,12000,11000,10000,t
1742,TR1308,"RODACHIN 2 1/2"" NARANJA",0,,0,1,,0,1,8770.666667,15000,14000,13000,t
1743,TR1309,"RODILLO FELPA COLORKING-RODIERXPORT-DUKE-VANGON 4"" Y 9""",0,,0,1,,0,1,4454,7000,6500,6000,t
1744,TR1310,"SELLO MECANICO 1 1/4""",0,,0,1,,0,1,14422.593081,30000,27000,25000,t
1745,TR1311,"SELLO MECANICO 1"" RC",0,,0,1,,0,1,11864.923077,25000,22000,19000,t
1746,TR1312,"SELLO MECANICO 3/4"" RC",0,,0,1,,0,1,7007,15000,12000,10500,t
1747,TR1313,"SELLO MECANICO 5/8"" RC",0,,0,1,,0,1,6639.26087,11000,9000,7500,t
1748,TR1314,"SELLO MECANICO CAZ 1"" RC",0,,0,1,,0,1,16605,27000,26000,25000,t
1749,TR1315,SELLO MECANICO CAZ 3/4  YP-20 RESORTE LARGO,0,,0,1,,0,1,6126,11500,10500,9500,t
1750,TR1316,"SELLO MECANICO CAZ 3/4"" RC",0,,0,1,,0,1,6704,12000,11000,10000,t
1751,TR1317,"SERRUCHO CORNETA DE 18""",0,,0,1,,0,1,16167.333333,26000,25000,24000,t
1752,TR1318,"SERRUCHO CORNETA DE 20""",0,,0,1,,0,1,18685.5,32000,30000,28000,t
1753,TR1319,"SERRUCHO COVO DE 18""",0,,0,1,,0,1,17537,28000,27000,26000,t
1754,TR1320,"SERRUCHO COVO DE 20""",0,,0,1,,0,1,18387,32100,29000,27000,t
1755,TR1321,"SERRUCHO GAVILAN CURVO PODADOR 12""",0,,0,1,,0,1,16100,28000,26000,24000,t
1756,TR1322,SIERRA CALADORA BLACK DECKER 420W KS501-B3,0,,0,1,,0,1,136035,210000,200000,195000,t
1757,TR1323,SILICONA LOCTITE X 50 ML GRIS SUPER GREY,0,,0,1,,0,1,13569.625983,24300,22700,21100,t
1758,TR1324,SILICONA LOCTITE X 50 ML NEGRA,0,,0,1,,0,1,5022,11000,10000,9000,t
1759,TR1325,SILICONA LOCTITE X 50 ML ROJA,0,,0,1,,0,1,5268,11000,10000,9000,t
1760,TR1326,SILICONA LOCTITE X 50 ML TRANSPARENTE,0,,0,1,,0,1,4873,11000,10000,9000,t
1761,TR1327,SILICONA PEGADID X 50 ML TRANSPARENTE,0,,0,1,,0,1,4860,11000,10000,9000,t
1762,TR1329,SINTESOLDA LOCTITE/SINTECO 3G,0,,0,1,,0,1,2070,3700,3300,3100,t
1763,TR1330,SINTESOLDA SINTECO RAPIDO 10 MIN 14G,0,,0,1,,0,1,10761.621622,18000,17000,16000,t
1764,TR1331,SINTESOLDA SINTECO STANDADR 24 HRS 31G,0,,0,1,,0,1,9201.025576,15500,14400,13400,t
1765,TR1332,SOCKER CAUCHO UDUKE/MERCURY,0,,0,1,,0,1,1218.49,4400,2900,2200,t
1766,TR1333,INVERSOR SOLDADOR PANTALLA LCD MAXWELLD 250AMP 110/220V,0,,0,1,,0,1,585200,880000,860000,840000,t
1767,TR1334,SOLDADURA ESTAÑO CF28 60GR,0,,0,1,,0,1,6764,12000,11000,10000,t
1768,TR1336,SOLDADURA WEST ARCO NIQUEL 1/8  X  UND (32),0,,0,1,,0,1,8141.09,14000,13000,12000,t
1769,TR1337,SOPLADORA ASPIRADORA BLACK DECKER 10LTS,0,,0,1,,0,1,260715.999759,390000,380000,370000,t
1770,TR1338,SOPLETE GASMAP ECONOMICO JH1 REF: TL360I - SP3T5,0,,0,1,,0,1,42174.632698,90900,72700,63600,t
1771,TR1339,"TALADRO EINHELL 1/2"" TH-ID 550/1",0,,0,1,,0,1,76114,120000,115000,110000,t
1772,TR1340,"TALADRO INALAMBRICO EINHELL 1/2"" REF: TH-ID 12",0,,0,1,,0,1,337500,520000,500000,480000,t
1773,TR1341,"TALADRO PERCUTOR BLACK & DECKER 1/2"" REF: HD555-B3",0,,0,1,,0,1,93538.746875,160000,155000,150000,t
1774,TR1342,"TALADRO PERCUTOR BLACK & DECKER 3/8"" REF: TB550",0,,0,1,,0,1,94813.2,160000,155000,150000,t
1775,TR1343,"TALADRO PERCUTOR DEWALT 1/2"" REF: DW508S",0,,0,1,,0,1,402000,617800,597900,578000,t
1776,TR1345,"TALADRO PERCUTOR GLADIADOR 1/2"" REF: TP813 - TP713",0,,0,1,,0,1,122677,220000,200000,180000,t
1777,TR1346,TALADRO ROTOMARTILLO BOSCH GENERICO GBH11,0,,0,1,,0,1,966387,1500100,1400000,1350100,t
1778,TR1347,TAPA OIDOS ECONOMICO CAJITA ZUBIOLA,0,,0,1,,0,1,2692.12453,4200,3800,3400,t
1779,TR1348,TAPETE ATRAPAMUGRE GRIS/NEGRO 1.20MTS X MTS,0,,0,1,,0,1,86426.508135,160000,145000,130000,t
1780,TR1349,"TAPON COPA GALVANIZADO 1/2""",0,,0,1,,0,1,954.261538,2500,2000,1500,t
1781,TR1350,TARRO MEZCLADOR INCOLFLEX,0,,0,1,,0,1,3012,6500,5500,4500,t
1782,TR1351,TEE PARA CABEZOTE,0,,0,1,,0,1,74249,130000,120000,110000,t
1783,TR1352,"TEJA ZINC ACESCO CL 34 X 3 MTS (4,27 KLS)",0,,0,1,,0,1,33613.3,51200,50100,49000,t
1784,TR1354,TELA CONST NEGRA 210 ALTO MTS,0,,0,1,,0,1,1423.041415,2600,2400,2200,t
1785,TR1355,TELA CONST NEGRA 380 ALTO MTS,0,,0,1,,0,1,9202,15800,14800,13800,t
1786,TR1356,TELA CONST VERDE 210 ALTO MTS,0,,0,1,,0,1,1311.703473,2300,2100,1900,t
1787,TR1357,TEMPORIZADOR 30SEG TYC,0,,0,1,,0,1,96135,145000,140000,136800,t
1788,TR1358,"TERMINAL COBRE SOLDAR 3/16"" 15A",0,,0,1,,0,1,271.232134,700,600,500,t
1789,TR1359,"TERMINAL COBRE SOLDAR 3/16"" 25A",0,,0,1,,0,1,363.34,800,700,600,t
1790,TR1360,"TERMINAL COBRE SOLDAR 5/16"" 90A",0,,0,1,,0,1,1268.36,2200,2000,1800,t
1791,TR1361,"TIJERA HOJALATERO 10"" FORTE",0,,0,1,,0,1,21605,35000,33000,32000,t
1792,TR1362,"TIJERA PODADORA 8"" GAVILAN",0,,0,1,,0,1,19945,34000,32000,30000,t
1793,TR1363,TIZA INDUSTRIAL  X  UND,0,,0,1,,0,1,687.518765,2000,1500,1100,t
1794,TR1364,TOMA CODELCA 2 X 15 AMP C:11,0,,0,1,,0,1,3691.38,6600,6100,5600,t
1795,TR1365,TOMA CORRIENTE + INTERRUPTOR FORTE COD:13930,0,,0,1,,0,1,7871.928571,15200,14100,13100,t
1796,TR1366,TOMA CORRIENTE + INTERRUPTOR SOBREMURO AVE/EXE,0,,0,1,,0,1,4073.8,6500,5500,4500,t
1797,TR1367,TOMA CORRIENTE DOBLE FORTE COD:13928,0,,0,1,,0,1,5053.163636,9000,8300,7600,t
1798,TR1368,TOMA CORRIENTE SENCILLO AVE/EXE SOBREMURO,0,,0,1,,0,1,1723,3500,3000,2500,t
1799,TR1369,TOMA RELCO 3X15A GRANDE,0,,0,1,,0,1,4658,8000,7500,7000,t
1800,TR1370,TORNILLO AUTOPER 12 X 1 1/2 + ARANDELA,0,,0,1,,0,1,88.581852,200,200,100,t
1801,TR1371,PRISIONERO 3/8 X 1 SIN CABEZA,0,,0,1,,0,1,504.23,1800,1400,1200,t
1802,TR1372,TRABA ROSCA GASTOP FUERZA ALTA X 36ML,0,,0,1,,0,1,13558.666667,23800,22500,21100,t
1803,TR1373,TRABA ROSCA WERK FUERZA ALTA X 10G,0,,0,1,,0,1,7378.182,13000,12000,11000,t
1804,TR1374,"TRONZADORA DEWALT 14"" REF: DW28730-B3 DW44640",0,,0,1,,0,1,895000,1300000,1280000,1250100,t
1805,TR1375,"TUBO CONDUIT 1 1/2"" X 3 MTS TP",0,,0,1,,0,1,22689,27800,26800,25800,t
1806,TR1376,"TUBO CONDUIT 1/2"" X 3 MTS TP",0,,0,1,,0,1,2895,5400,4900,4500,t
1807,TR1377,"TUBO CONDUIT 3/4"" X 3 MTS TP",0,,0,1,,0,1,5042,8500,8000,7500,t
1808,TR1378,"TUBO GALVANIZADO T.P 1 1/2"" 29MM 18,55KL",0,,0,1,,0,1,157950,230000,225000,220000,t
1809,TR1379,"TUBO RECTA CLL 2"" X 1"" C-20 (5,7KL)",0,,0,1,,0,1,25210,36000,35000,34000,t
1810,TR1380,"TUBO RECTA CLL 3"" X 1 1/2"" C-18 1.1MM (11,59KL)",0,,0,1,,0,1,48179.166667,71000,69000,67000,t
1811,TR1381,"TUBO RECTA CLL 3"" X 1 1/2"" C-20 0.80MM (8,96KL)",0,,0,1,,0,1,36975,54200,52700,51100,t
1812,TR1382,"TUBO RECTA ESTRUC 3"" X 1 1/2"" C-16 1,40MM (14,75KL)",0,,0,1,,0,1,68067.2,118000,116000,114000,t
1813,TR1383,"TUERCA 1/2""",0,,0,1,,0,1,86.844991,200,200,100,t
1814,TR1384,"TUERCA 3/8""",0,,0,1,,0,1,38.658467,100,100,100,t
1815,TR1385,"TUERCA 5/8""",0,,0,1,,0,1,194.48,500,400,300,t
1816,TR1386,"TUERCA 7/16""",0,,0,1,,0,1,78.455,200,200,100,t
1817,TR1387,"UNION ALUMINIO 1 1/2""",0,,0,1,,0,1,7841.578231,13500,12500,11500,t
1818,TR1388,"UNION ALUMINIO 1/2""",0,,0,1,,0,1,4237.728303,8000,7000,6000,t
1819,TR1389,"UNION ALUMINIO 2""",0,,0,1,,0,1,15126,16500,15500,14500,t
1820,TR1390,"UNION ALUMINIO 3""",0,,0,1,,0,1,16371.778636,26500,25500,24500,t
1821,TR1391,"UNION ALUMINIO 3/4""",0,,0,1,,0,1,4547.307692,9000,8000,7000,t
1822,TR1392,"UNION ALUMINIO REDUCCION 1 1/2"" X 1""",0,,0,1,,0,1,7023,19500,18500,17500,t
1823,TR1393,"UNION ALUMINIO REDUCCION 1 1/2"" X 3/4""",0,,0,1,,0,1,4860,9500,8500,7500,t
1824,TR1394,"UNION ALUMINIO REDUCCION 1"" X 3/4""",0,,0,1,,0,1,4096.5,13500,12500,11500,t
1825,TR1395,"UNION ALUMINIO REDUCCION 2"" X 1 1/2""",0,,0,1,,0,1,9629.980296,16500,15500,14500,t
1826,TR1396,"UNION ALUMINIO REDUCCION 2"" X 1""",0,,0,1,,0,1,5994,11000,10000,9000,t
1827,TR1397,"UNION SIMPLE GALVANIZADO 1""",0,,0,1,,0,1,1885.534783,4700,3800,3000,t
1828,TR1398,"VALVULA O GRANADA ALUMINIO TIP J 1 1/2""",0,,0,1,,0,1,35668.292742,55800,55100,54500,t
1829,TR1399,"VALVULA O GRANADA ALUMINIO TIP J 2""",0,,0,1,,0,1,43230,66000,65000,64000,t
1830,TR1400,"VALVULA O GRANADA PVC ROSCA 1""",0,,0,1,,0,1,5800,11000,10000,9000,t
1831,TR1401,"VALVULA O GRANADA PVC ROSCA 2""",0,,0,1,,0,1,12919.181963,24300,22500,20600,t
1832,TR1405,"VARILLA COBRE 5/8"" X 1.20 MT (CERCA ELECTRICA)",0,,0,1,,0,1,151261,185000,180000,175000,t
1833,TR1406,"VARILLA CORRUGADA 1""",0,,0,1,,0,1,82353,121500,119600,117600,t
1834,TR1407,"VARILLA CORRUGADA 1/2""",0,,0,1,,0,1,21848.714285,34800,32800,30700,t
1835,TR1408,"VARILLA CORRUGADA 3/4""",0,,0,1,,0,1,44958,62000,61000,60000,t
1836,TR1409,"VARILLA CORRUGADA 3/8""",0,,0,1,,0,1,13445.35,18800,17700,16600,t
1837,TR1410,"VARILLA CORRUGADA 5/8""",0,,0,1,,0,1,34874,47000,46000,45000,t
1838,TR1411,"VARILLA TODO ROSCA 3/8""",0,,0,1,,0,1,1954.228004,3600,3100,2700,t
1839,TR1412,"VARILLA TODO ROSCA 5/8""",0,,0,1,,0,1,5407.759307,8400,8000,7800,t
1840,TR1413,"VARILLA TODO ROSCA 7/16""",0,,0,1,,0,1,2381.02,4200,4000,3700,t
1841,TR1414,"VENTILADOR ALTEZZA PARED BLANCO-NEGRO 18""",0,,0,1,,0,1,156152,218300,215900,213500,t
1842,TR1415,VINIPEL X 15CM X 300 MT CAL:15,0,,0,1,,0,1,8277.596762,14000,13100,12300,t
1843,TR1416,VOLTIMETRO ANALOGO (0-300V) PANEL METER,0,,0,1,,0,1,16270.576667,28000,26000,24000,t
1844,TR1417,ESCOBILLA MSE 210 ORIGINAL,0,,0,1,,0,1,60504.2,9000,8500,8000,t
1845,TR1418,"YEE GALVANIZADO 1""",0,,0,1,,0,1,6496.985714,13000,12000,11000,t
1846,TR1419,"YEE GALVANIZADO 3/4""",0,,0,1,,0,1,4408.95,10000,9000,8000,t
1847,TR1432,CORREA B 60,0,,0,1,,0,1,14534.99,23500,22500,21500,t
1848,TR1433,GAS MAPP PRO 3600 - KOMANS (CHINO),0,,0,1,,0,1,12382.527873,26100,21700,19100,t
1849,TR1435,"LIMA TRIANGULAR GAVILAN 6""",0,,0,1,,0,1,3648,6500,6000,5500,t
1850,TR1436,"GUANTE CARNAZA SOLDAR ZUBIOLA 16""",0,,0,1,,0,1,18404.625,38100,33000,27800,t
1851,TR1437,DESEMBOMBADOR DE AIRE TOKU TCD-20 8KG,0,,0,1,,0,1,2950000,3963400,3866500,3818200,t
1852,TR1438,"PULIDORA INGCO 4 1/2"" 750W REF: UAG75028",0,,0,1,,0,1,114095,182600,173700,164800,t
1853,TR1439,"ROTOMARTILLO INGCO 4 1/2"" REF: URH10506",0,,0,1,,0,1,247000,370000,360000,350000,t
1854,TR1440,JUEGO DE LLAVES INGCO 12 PCS 6-24MM REF: HKSPA1142,0,,0,1,,0,1,82508,125000,122000,117000,t
1855,TR1441,"TALADRO PERCUTOR INGCO 1/2"" REF: UID8108",0,,0,1,,0,1,81700,125000,122000,117000,t
1856,TR1442,SERRUCHO INGCO 550MM REF: HHAS08550,0,,0,1,,0,1,21911.01,38000,35000,32000,t
1857,TR1443,ASPIRADORA BLOWER INGCO 400W REF: UAB4018,0,,0,1,,0,1,79325,135000,125000,115000,t
1858,TR1445,MARTILLO Y19 (SOLO),0,,0,1,,0,1,1053361.45,2302000,2071800,1956600,t
1859,TR1446,COLUMNA MARTILLO Y18 - Y19,0,,0,1,,0,1,349406.388889,785000,697800,610500,t
1860,TR1447,MARTILLO Y20 (SOLO),0,,0,1,,0,1,1563866,1700000,1599900,1500000,t
1861,TR1448,"MANGUERA RIEGO CAL 60  2"" 100MTS",0,,0,1,,0,1,375000,468800,458300,447900,t
1862,TR1449,REP MARTILLO YT28 KIT EMPAQUETADURA COMPLETA,0,,0,1,,0,1,12605,50000,40000,35000,t
1863,TR1451,REP GUADAÑA SHINDAIWA - AGUJA MINIMO B-45 C-35 GN,0,,0,1,,0,1,1597,3500,3000,2500,t
1864,TR1452,REP GUADAÑA SHINDAIWA - EMPAQUETADURA CARBURADOR B-45,0,,0,1,,0,1,6975,12500,11500,10500,t
1865,TR1453,LLAVE BUJIA 17 X 19MM (TORX),0,,0,1,,0,1,9241.796569,16000,15000,14000,t
1866,TR1454,AEROSOL MASSO AMARRILLO,0,,0,1,,0,1,5631,0,0,0,t
1867,TR1455,REP GUADAÑA SHINDAIWA - CACHO SOLO B-45/C-35,0,,0,1,,0,1,26890.756302,40500,39500,38500,t
1868,TR1458,BREKE ENCHUFABLE 3X30A LUMINEX,0,,0,1,,0,1,83472.666667,128000,126000,124000,t
1869,TR1459,BREKE ENCHUFABLE 3X40A LUMINEX,0,,0,1,,0,1,86904,128000,126000,124000,t
1870,TR1460,BREKE ENCHUFABLE 3X60A LUMINEX,0,,0,1,,0,1,86904,128000,126000,124000,t
1871,TR1461,BREKE ATORNILLABLE 3X50A LUMINEX,0,,0,1,,0,1,167921,238000,236000,234000,t
1872,TR1462,BREKE ATORNILLABLE 3X60A LUMINEX,0,,0,1,,0,1,164796.415366,238000,236000,234000,t
1873,TR1463,"DUCHA CUADRADA 8"" ACERO INOXIDABLE MERCURY",0,,0,1,,0,1,11092.436974,20000,18000,16500,t
1874,TR1465,COMPRESOR ACOPLE HEMBRA R12 JIC 1 X 1 5/16 ( ORDINARIA ),0,,0,1,,0,1,7194.38337,30000,25000,20000,t
1875,TR1466,COMPRESOR ACOPLE HEMBRA JIS 1 X 33MM R12 ( FINA ),0,,0,1,,0,1,20766.227688,45000,35000,25000,t
1876,TR1467,"COMPRESOR ADAPTADOR M-M 1 5/16 JIC X 3/4"" NPT",0,,0,1,,0,1,8090.67844,20000,17000,15000,t
1877,TR1468,"COMPRESOR ADAPTADOR M-M 1 5/16 JIC X 1"" NPT",0,,0,1,,0,1,7330.08,20000,17000,15000,t
1878,TR1469,"ACOPLE AIRE MACHO 1""",0,,0,1,,0,1,6061.881386,10700,9800,8900,t
1879,TR1470,"ABRAZADERA UÑA 4T ALUMNIO 1""",0,,0,1,,0,1,13571.428571,24000,22000,20000,t
1880,TR1471,"ABRAZADERA UÑA 2T ALUMNIO 3/4""",0,,0,1,,0,1,7806,16000,14000,12000,t
1881,TR1475,CAZOTE ESTACIONARIA LIDER REF: GL390 280,0,,0,1,,0,1,0,0,0,0,t
1882,TR1482,MOTOBOMBA GASOLINA WARRIOR ALTA 2X2 MOTOR 6.5HP REF: MBP50-6.5WG,0,,0,1,,0,1,860289.95,1270000,1250000,1230000,t
1883,TR1483,"VALVULA O GRANADA ALUMINIO TIP J 1""",0,,0,1,,0,1,29040,46200,42900,39600,t
1884,TR1484,GATO HIDRAULICO 2 TON,0,,0,1,,0,1,40150,70000,65000,60000,t
1885,TR1485,GATO HIDRAULICO 10 TON,0,,0,1,,0,1,98249.579831,150000,145000,140000,t
1886,TR1486,GATO HIDRAULICO 12 TON,0,,0,1,,0,1,87600,150000,145000,140000,t
1887,TR1487,MALACATE SEÑORITA LEON X 4 TONELADAS,0,,0,1,,0,1,117634.285714,190000,180000,170000,t
1888,TR1488,"LLAVE DE PASO PVC ROSCA 1/2"" CM",0,,0,1,,0,1,1651.428571,3500,3000,2600,t
1889,TR1489,"LLAVE DE PASO PVC LISA 1/2"" CM",0,,0,1,,0,1,1683.333333,3500,3000,2600,t
1890,TR1490,"LLAVE DE PASO PVC LISA 3/4"" CM",0,,0,1,,0,1,2650,4500,4000,3800,t
1891,TR1498,CORREA B 65,0,,0,1,,0,1,15746,25500,24500,23500,t
1892,TR1499,CORREA B 68,0,,0,1,,0,1,16366.557755,26500,25500,24500,t
1893,TR1500,CORREA B 70,0,,0,1,,0,1,17359.25,27500,26500,25500,t
1894,TR1502,CORREA B 80,0,,0,1,,0,1,19379.242428,33000,31000,29000,t
1895,TR1503,CORREA B 84,0,,0,1,,0,1,20240.194773,35000,33000,31000,t
1896,TR1504,CORREA B 95,0,,0,1,,0,1,23014,38000,36000,34500,t
1897,TR1505,CORREA B 98,0,,0,1,,0,1,23741,39000,37000,35500,t
1898,TR1506,CORREA B 100,0,,0,1,,0,1,24224.99,40000,38000,36000,t
1899,TR1507,CORREA B 105,0,,0,1,,0,1,25435.99,42000,40000,38000,t
1900,TR1508,CORREA B 110,0,,0,1,,0,1,26648.02,44000,42000,40000,t
1901,TR1509,CORREA B 115,0,,0,1,,0,1,27858.9525,46000,44000,41500,t
1902,TR1510,CORREA B 120,0,,0,1,,0,1,33613.333333,47000,45000,43000,t
1903,TR1511,ELECTROBOMBA BARNES 1HP REF: 1A0083,0,,0,1,,0,1,661290,1200000,1150000,1100000,t
1904,TR1512,ELECTROBOMBA  BARNES 1.5HP REF: 1A0084,0,,0,1,,0,1,798200,1400000,1349900,1300000,t
1905,TR1513,ELECTROBOMBA BARNES 2HP REF: 1A0085,0,,0,1,,0,1,866439.666667,1332500,1300000,1267500,t
1906,TR1514,"CLAVO ACERO VERTICAL 3""  500 GR",0,,0,1,,0,1,5565.323529,9000,8500,8000,t
1907,TR1515,"CLAVO ACERO VERTICAL 2 1/2""  500 GR",0,,0,1,,0,1,5815.925,9500,8900,8400,t
1908,TR1516,"VARILLA TODO ROSCA 1""",0,,0,1,,0,1,15377.69,29600,27800,26000,t
1909,TR1517,"VARILLA TODO ROSCA 1/2""",0,,0,1,,0,1,3462.122034,6300,6000,5600,t
1910,TR1518,"VARILLA TODO ROSCA 3/4""",0,,0,1,,0,1,9152.980026,17100,15700,14200,t
1911,TR1519,"TUERCA 1""",0,,0,1,,0,1,973.918889,2500,2200,1900,t
1912,TR1520,"TUERCA 3/4""",0,,0,1,,0,1,333.181016,600,500,500,t
1913,TR1521,"ARANDELA 1""",0,,0,1,,0,1,655.161483,1600,1400,1200,t
1914,TR1522,"ARANDELA 3/4""",0,,0,1,,0,1,323.24,1100,900,700,t
1915,TR1526,"DISCO DEWALT 7"" CORTE - METAL FINO DW8065",0,,0,1,,0,1,4910.729404,8400,7900,7500,t
1916,TR1527,CARETA SOLDAR INTELIGENTE ELITE VARIOMATIC REF: CSVM530,0,,0,1,,0,1,134386,250000,230000,220000,t
1917,TR1528,INVERSOR MALACATE MARGIRIUS (30AMP),0,,0,1,,0,1,100865.507737,180000,170000,165000,t
1918,TR1529,"POLEA HIERRO 12"" X 2 CANAL B EJE 38MM",0,,0,1,,0,1,255462,351100,340100,323700,t
1919,TR1530,"RODILLO PLANO DE 4"" X 1-1/2""",0,,0,1,,0,1,45227.661723,75500,70100,64700,t
1920,TR1531,"RODILLO PLANO DE 6"" X 1-1/2""",0,,0,1,,0,1,63481.380952,108600,103200,97800,t
1921,TR1532,"POLEA HIERRO 3.5"" X 2 CANAL B EJE 25MM",0,,0,1,,0,1,52444.444444,99400,93900,88300,t
1922,TR1533,"POLEA HIERRO 4"" X 3 CANAL B EJE 2""",0,,0,1,,0,1,100000,208300,183300,166700,t
1923,TR1534,"POLEA HIERRO 5"" X 2 CANAL B EJE 42MM",0,,0,1,,0,1,75178.557143,140000,135000,125000,t
1924,TR1535,ABRAZADERA INDUSTRIAL REF:502,0,,0,1,,0,1,6097.370833,10000,9500,9000,t
1925,TR1536,"MANGUERA RIEGO CAL 60  1 1/2"" 100MTS",0,,0,1,,0,1,262372.739183,359500,349200,339000,t
1926,TR1537,"ABRAZADERA EXOSTO REF: 3"" TITAN",0,,0,1,,0,1,8439.372005,19000,17000,15000,t
1927,TR1539,JUEGO DE BROCA INCOLMA HIERRO X 17 PIEZAS 1/16-3/8,0,,0,1,,0,1,85758.333333,160000,150000,140000,t
1928,TR1540,BORNES BATERIA TL. LIVIANO,0,,0,1,,0,1,5454,13000,11000,9000,t
1929,TR1541,BORNES BATERIA TP. PESADO,0,,0,1,,0,1,7578.560968,17000,15000,13000,t
1930,TR1542,"PULIDORA PROFE. MAGNUM 4 1/2"" REF: 57820101",0,,0,1,,0,1,179794.874618,250000,220000,200000,t
1931,TR1545,"MANGUERA COMPRENSOR ROJA 1/4""",0,,0,1,,0,1,907.5,2500,2000,1500,t
1932,TR1546,"MANGUERA RIEGO CAL 40  3""  50MTS",0,,0,1,,0,1,295000,399500,389200,379000,t
1933,TR1547,"MANGUERA RIEGO CAL 60  3""  50MTS",0,,0,1,,0,1,430000,510400,500000,489600,t
1934,TR1553,CHEQUE AIRE 1 X 3/4 HELMAN LARGO RET DESFOG,0,,0,1,,0,1,127216.14,210000,200000,195000,t
1935,TR1555,BOXER PL 285 X 2 LTS,0,,0,1,,0,1,43823.486637,100000,95000,90000,t
1936,TR1556,BOXER PL 285 X 3 LTS,0,,0,1,,0,1,66092.367,120100,115500,110800,t
1937,TR1557,BOXER PL 285 X 120 CC,0,,0,1,,0,1,6848.631706,18000,15000,12000,t
1938,TR1558,IMPERMEABLE NEGRO 2 PZ T: XL,0,,0,1,,0,1,42989.660769,77300,71800,66200,t
1939,TR1559,GARRAFA IMUSA 2 LT,0,,0,1,,0,1,5174,15000,12000,9000,t
1940,TR1560,GARRAFA IMUSA 8 LTS,0,,0,1,,0,1,14594,30000,27000,24000,t
1941,TR1561,"TEE GALVANIZADO 3/4""",0,,0,1,,0,1,1864.9,5000,4000,3500,t
1942,TR1563,VALVULA SEGURIDAD 150 PSI SIN ARGO REF: VSG148,0,,0,1,,0,1,10953.851837,35000,25000,20000,t
1943,TR1566,"PUNTILLA PUMA 6"" X CAJA",0,,0,1,,0,1,5046.090944,8300,7900,7400,t
1944,TR1567,FILTRO BALDWIN REF: PF10 (INTERNO - TRAMPA),0,,0,1,,0,1,24370,52200,50400,48700,t
1945,TR1568,CEMENTO GRIS ARGOS X 50KG,0,,0,1,,0,1,29831.9,40600,40100,39600,t
1946,TR1569,BOLSA ASEO CEMENTO X UND,0,,0,1,,0,1,663.87,1200,1100,1000,t
1947,TR1570,TOMA CODELCA 2 X 20 AMP C:10,0,,0,1,,0,1,3394.6,6500,6000,5500,t
1948,TR1571,CLAVIJA CODELCA 3 X 20 C: 02,0,,0,1,,0,1,2512.6,5000,4500,4000,t
1949,TR1572,CLAVIJA CODELCA 3 X 15 C: 03,0,,0,1,,0,1,4405.873002,8600,8100,7600,t
1950,TR1573,CLAVIJA CODELCA 50 AMP / 250V C: 007,0,,0,1,,0,1,15975,35000,30000,27000,t
1951,TR1574,LLANA LISA M/MADERA ACERO INOX,0,,0,1,,0,1,18529,38000,35000,32000,t
1952,TR1575,TOMA CODELCA 3 X 50 AMP C:15  250V,0,,0,1,,0,1,20294,40000,38000,35000,t
1953,TR1576,LLANA NEGRA PLAST. 28X14,0,,0,1,,0,1,4622,15000,12000,10000,t
1954,TR1580,BARRENA SANDVIK CONICA 80 CM,0,,0,1,,0,1,261985.5,414200,399700,377900,t
1955,TR1581,"TIMBRE VERA INDUSTRIAL 6""",0,,0,1,,0,1,17708.326774,35400,33300,30300,t
1956,TR1582,"EXTRACTOR POLEA 3 BRAZOS TRUPER 10"" REF: 14509",0,,0,1,,0,1,225771,370000,350000,330000,t
1957,TR1583,ESLINGA SENCILLA REGULABLE REF: IN8020-R1,0,,0,1,,0,1,108000,195000,185000,175000,t
1958,TR1584,"KIT LINEA DE VIDA ENCISO 2 1/2"" CUERDA 16MM X 100MTS",0,,0,1,,0,1,846600,1500000,1450100,1400000,t
1959,TR1585,CRISOL SALAMANDER AGF No 30,0,,0,1,,0,1,781513,1350000,1300000,1249900,t
1960,TR1586,"LLAVE COMPUERTA AYRON 4""",0,,0,1,,0,1,340336,200000,180000,160000,t
1961,TR1587,"PULIDORA BLACK DECKER 4 1/2"" REF: G650",0,,0,1,,0,1,87139,190000,170000,150000,t
1962,TR1589,MARTILLO COLIMA CABO HIERRO 27MM,0,,0,1,,0,1,19799.51541,34000,32000,29000,t
1963,TR1590,JUEGO DE DADOS STANLEY X 25PZ 3/8 X 13/16 REF: 86737,0,,0,1,,0,1,120852.24,250000,220000,200000,t
1964,TR1591,CANDADO YALE 30MM,0,,0,1,,0,1,25209,45000,42000,40000,t
1965,TR1594,ALAMBRE ALUMINIO #6 X ROLLO,0,,0,1,,0,1,77760,135000,130000,125000,t
1966,TR1595,CANDADO YALE ALEMAN 840,0,,0,1,,0,1,49256.285714,90000,85000,80000,t
1967,TR1596,CANDADO YALE ALEMAN 850,0,,0,1,,0,1,67386.428571,115000,110000,105000,t
1968,TR1598,AEROSOL MASSO AZUL DIAMANTE,0,,0,1,,0,1,5631,0,0,0,t
1969,TR1600,"CHUMACERA 208-24 1 1/2""",0,,0,1,,0,1,14721.62946,35300,30200,25200,t
1970,TR1601,"CHUMACERA 205-16 1""",0,,0,1,,0,1,8129.410423,25200,20200,15100,t
1971,TR1605,VARILLA CUADRADA HIERRO 12MM 1/2,0,,0,1,,0,1,28571.4,43000,42000,41000,t
1972,TR1609,IMPERMEABLE AZUL 2 PZ T: M,0,,0,1,,0,1,43113.180885,71400,68200,63000,t
1973,TR1610,IMPERMEABLE AMARILLO 2 PZ T: M,0,,0,1,,0,1,40756.254951,71400,68200,63000,t
1974,TR1611,PULSADOR TIMBRE SOBREMURO AVE-VETO 3050,0,,0,1,,0,1,2553,5500,5000,4500,t
1975,TR1612,IMPERMEABLE AMARILLO 2 PZ T: L,0,,0,1,,0,1,42840.970584,71400,68200,63000,t
1976,TR1613,IMPERMEABLE AZUL 2 PZ T: L,0,,0,1,,0,1,43991.41578,75100,71800,66200,t
1977,TR1614,LINTERNA WISDOM KL5M AMARILLA,0,,0,1,,0,1,386563,600000,580000,550000,t
1978,TR1615,CORREA B 66,0,,0,1,,0,1,15989,28000,26000,24000,t
1979,TR1617,"TEJA ZINC ACESCO CL 34 X 3.60 MTS (5,3 KLS) DE PRIMERA",0,,0,1,,0,1,40336.125,52000,51500,51000,t
1980,TR1618,CORREA B 50,0,,0,1,,0,1,12114.803081,23000,20000,18000,t
1981,TR1630,TAPA BOCA ECO NEGRO,0,,0,1,,0,1,492.292234,1400,1300,1100,t
1982,TR1631,DECAMETRO FORTE X 50MTS,0,,0,1,,0,1,35166.155025,65900,60800,58800,t
1983,TR1632,LLAVE MIXTA STANLEY 22MM REF: 86867,0,,0,1,,0,1,20300,0,0,0,t
1984,TR1634,BATERIA CARRO 560 AMP (NS40L),0,,0,1,,0,1,166085,258500,237800,227500,t
1985,TR1635,"POLEA HIERRO 20"" X 2 CANAL B EJE 1""1/2",0,,0,1,,0,1,378151,520000,500000,490000,t
1986,TR1637,CAJA ELECTRICA 12 CTO TRIFASICA,0,,0,1,,0,1,164304.125,314200,271300,242800,t
1987,TR1639,"PVC UNION SANI 4""",0,,0,1,,0,1,1606.349351,5100,4000,3000,t
1988,TR1640,BOTA LISA NOBUCK KONDOR N 40,0,,0,1,,0,1,107563,150000,145000,140000,t
1989,TR1641,BOTA LISA NOBUCK KONDOR N 42-43,0,,0,1,,0,1,107563,155000,150000,145000,t
1990,TR1642,"LLAVE EXPANSIVA SATA 10""  REF: ST47204SC",0,,0,1,,0,1,38121,90000,75000,65000,t
1991,TR1645,FILTRO BALDWIN REF: B7306,0,,0,1,,0,1,34294,70000,65000,60000,t
1992,TR1646,FILTRO BALDWIN REF: BF7904D,0,,0,1,,0,1,96471,180000,170000,160000,t
1993,TR1647,"PVC TEE SANI 3"" PRUEBA",0,,0,1,,0,1,4721.666667,10000,9000,8000,t
1994,TR1648,"UNION SIMPLE GALVANIZADO 2""",0,,0,1,,0,1,5398.96,13000,11000,9000,t
1995,TR1649,"TAPON COPA GALVANIZADO 1/4""",0,,0,1,,0,1,1550,0,0,0,t
1996,TR1650,CORREA B 79,0,,0,1,,0,1,19138,32000,30000,28500,t
1997,TR1651,CORREA B 89,0,,0,1,,0,1,21560,36000,34000,32000,t
1998,TR1652,PIEDRA ESMERIL CARBORUN # 100,0,,0,1,,0,1,44976.285714,90000,85000,80000,t
1999,TR1653,ELECTROBOMBA ALTA 3HP REF: 1E0509,0,,0,1,,0,1,1845350,3000000,2950100,2899800,t
2000,TR1654,"POLEA HIERRO 10"" X 2 CANAL B EJE 38MM",0,,0,1,,0,1,218487,290000,270000,250000,t
2001,TR1655,TOMA CODELCA 3 X 15 AMP,0,,0,1,,0,1,5478.133828,10100,9600,9100,t
2002,TR1658,PLAFON PLASTICO O/EXE/AVE,0,,0,1,,0,1,2425.12,6000,5000,4500,t
2003,TR1659,FILTRO BALDWIN REF: BF7674D,0,,0,1,,0,1,60675,130000,120000,100000,t
2004,TR1660,FILTRO BALDWIN REF: B2,0,,0,1,,0,1,21100,51800,43100,38800,t
2005,TR1661,BAÑO O TAZA CAMPESINO BLANCO Y DE COLORES,0,,0,1,,0,1,71429,110000,100000,95000,t
2006,TR1663,"PVC CODO SANI 3"" CXC",0,,0,1,,0,1,1960,5000,4000,3500,t
2007,TR1664,"TEJA ZINC ACESCO CL 34 X 2.15 MTS (2,99 KLS)",0,,0,1,,0,1,27731.09,35900,34700,33500,t
2008,TR1665,BAÑO LAGUNA COMPLETO BLANCO/AZUL/BEIGE,0,,0,1,,0,1,390756,500000,480000,450000,t
2009,TR1666,PEGAZINC BOLSA X 25 UND,0,,0,1,,0,1,1533,4300,3500,2600,t
2010,TR1667,CORREA B 102,0,,0,1,,0,1,24709.964,41000,39000,37000,t
2011,TR1668,TOMA CORRIENTE DOBLE ACCEL,0,,0,1,,0,1,3674,8000,7000,6000,t
2012,TR1669,CAJA ELECTRICA OCTAGONAL,0,,0,1,,0,1,569,1200,1100,1000,t
2013,TR1670,"TEJA ACESCO METALDECK C:22  0.75 X 6 MTS (43,84KL) 2""",0,,0,1,,0,1,256302.6,340000,335000,330000,t
2014,TR1671,CORREA B 82,0,,0,1,,0,1,20388.428571,34000,32000,30000,t
2015,TR1672,"NIPLE GALVANIZADO HG 1"" X 4""",0,,0,1,,0,1,2308.534615,6100,5100,4100,t
2016,TR1673,BARRENA SANDVIK INTEGRAL 80 CM,0,,0,1,,0,1,334693.444444,497500,480000,462600,t
2017,TR1674,COMPRESOR ACOPLE MACHO 3/4 X 1 5/16 NPT JIC,0,,0,1,,0,1,4824,25000,20000,18000,t
2018,TR1675,"MANGUERA LINEA AZUL 2"" RDE17 X 100MTS",0,,0,1,,0,1,1200000,1182900,1142100,1101300,t
2019,TR1676,"ANGULO 1 1/2 X 3/16  15,8KL",0,,0,1,,0,1,47899,85000,80000,75000,t
2020,TR1679,REP MARTILLO YT28 #12 RATCHET PAWL (ALETAS),0,,0,1,,0,1,2521.01,12000,9000,7000,t
2021,TR1689,LIMA MOTOS. ALTERMAN 3/16,0,,0,1,,0,1,0,0,0,0,t
2022,TR1690,REP GUADAÑA SHINDAIWA - JUEGO DE ANILLOS B-45 BRANDFOR,0,,0,1,,0,1,3641.386667,10000,8000,6000,t
2023,TR1691,REP GUADAÑA SHINDAIWA - EXOSTO B-45 C-35,0,,0,1,,0,1,20588.25,45000,40000,35000,t
2024,TR1694,REP GUADAÑA SHINDAIWA - RETENEDOR CABEZOTE B-45,0,,0,1,,0,1,1694.2,6000,5000,4000,t
2025,TR1695,BUJIA PATA LARGA NGK,0,,0,1,,0,1,5546.22,11000,10000,9000,t
2026,TR1696,REP MOTOSIERRA STIHL - LAMINA GUIA MS660 BRANDFOR,0,,0,1,,0,1,2605.04,6000,5000,4500,t
2027,TR1697,REP MOTOSIERRA STIHL - MANGUERA COMBUSTIBLE  MS 660,0,,0,1,,0,1,3529.41,8000,7000,6000,t
2028,TR1698,REP MOTOSIERRA STIHL - AMORTIGUADOR PEQUEÑO MS 660,0,,0,1,,0,1,2773.11,7000,6000,5000,t
2029,TR1700,"PULIDORA DEWALT 4 1/2"" REF: DWE4120W",0,,0,1,,0,1,352600.75,588600,569600,550600,t
2030,TR1701,"VALVULA O GRANADA BRONCE HIDROSFER  1""",0,,0,1,,0,1,31114.285714,65500,60300,56900,t
2031,TR1702,"VALVULA O GRANADA BRONCE HIDROSFER  1 1/2""",0,,0,1,,0,1,37000,80000,70000,65000,t
2032,TR1703,"VALVULA O GRANADA BRONCE HIDROSFER  2""",0,,0,1,,0,1,51218.142857,100000,90000,85000,t
2033,TR1704,"NIPLE GALVANIZADO HG 1/2"" X 4""",0,,0,1,,0,1,1294.55,3000,2500,2000,t
2034,TR1705,"REDUCCION BUCHI GALVANIZADO 2"" X 1""",0,,0,1,,0,1,4024.75,8000,7500,7000,t
2035,TR1706,"TEE GALVANIZADO 1/2""",0,,0,1,,0,1,2400,6000,5500,5000,t
2036,TR1707,ELECTROFRENO MAGNETICO 5HP REF: SDZ1-40 (112),0,,0,1,,0,1,422949.58,800100,750000,700000,t
2037,TR1708,"CANAL U T.P 4"" (48.22KL)",0,,0,1,,0,1,215966,320000,310000,300000,t
2038,TR1709,REP GUADAÑA SHINDAIWA - KIT REPARACION B-45 ORIG,0,,0,1,,0,1,181513,350000,320000,300000,t
2039,TR1710,INVERSOR LINCOLN MEGAFORCE 225,0,,0,1,,0,1,1428571,2000000,1950000,1900100,t
2040,TR1711,MOTOFRENO DIXUS 5HP 1800 RPM TRIFASICO B5,0,,0,1,,0,1,1339895.8,3100000,3000000,2899800,t
2041,TR1712,PSPEL ABSORBENTE WYPALL 42X28CM REF: 30310128,0,,0,1,,0,1,31359,65000,60000,55000,t
2042,TR1713,CORREA B 45,0,,0,1,,0,1,10901,18000,17000,16000,t
2043,TR1714,CORREA B 46,0,,0,1,,0,1,11144,18500,17500,16500,t
2044,TR1715,CORREA B 51,0,,0,1,,0,1,12355.04,19500,19000,18500,t
2045,TR1716,CORREA B 56,0,,0,1,,0,1,13565.97,22000,21000,20000,t
2046,TR1717,CORREA B 48,0,,0,1,,0,1,11628.0075,19000,18000,17500,t
2047,TR1718,"TUBO CERRAMIENTO NEGRO 1 1/2"" (1.9MM)",0,,0,1,,0,1,51680.77,110000,100000,90000,t
2048,TR1719,INVERSOR SOLDADOR MINI MAXWELLD PANTALLA LCD 200AMP 110/220V,0,,0,1,,0,1,318600,650000,600000,550000,t
2049,TR1722,TALADRO ROTOMARTILLO BOSCH ORIGINAL GBH 12-52 SDSMAX,0,,0,1,,0,1,4033613.2,5600000,5500000,5399800,t
2050,TR1724,BROCA TALADRO DIAGER 1 1/4 X 32 57CM,0,,0,1,,0,1,268908,420000,400000,390000,t
2051,TR1726,"TUBO CERRAMIENTO NEGRO 3"" (2.3MM) (0,90) 29,51KL",0,,0,1,,0,1,138655.5,230000,220000,215000,t
2052,TR1727,CORREA B 64,0,,0,1,,0,1,15723.669872,25000,24000,23000,t
2053,TR1728,CORREA B 72,0,,0,1,,0,1,17444.048416,28000,27000,26000,t
2054,TR1734,PVC BUJE SANI 4X3,0,,0,1,,0,1,1920,5000,4000,3000,t
2055,TR1735,"PVC TAPON SANI PRUEBA 4""",0,,0,1,,0,1,662,2000,1500,1200,t
2056,TR1736,"CHEQUE CORTINA HIDROSFER EN BRONCE 2""",0,,0,1,,0,1,87732.799238,170000,160000,150000,t
2057,TR1737,"NIPLE GALVANIZADO HG 2"" X 4""",0,,0,1,,0,1,4548.18,9200,8700,7700,t
2058,TR1738,CAJA REDUCTOR SINFÍN CORONA 5HP TAM 110 30-1 ; 110-40-1,0,,0,1,,0,1,1114034,2100000,2000100,1900000,t
2059,TR1739,CONMUTADOR VOLTIO 63 AMP 1-0-2,0,,0,1,,0,1,83193,160000,145000,140000,t
2060,TR1741,LINTERNA NARANJA KL6LM,0,,0,1,,0,1,101826,180000,175000,170000,t
2061,TR1743,FILTRO BALDWIN REF: BF7681D,0,,0,1,,0,1,70064,130000,120000,115000,t
2062,TR1744,FILTRO BALDWIN REF: BT259,0,,0,1,,0,1,36655,70000,65000,60000,t
2063,TR1745,"TUBO RECTA ESTRUC 3"" X 1 1/2"" C-14 2MM (19KL)",0,,0,1,,0,1,87276.648571,145000,140000,135000,t
2064,TR1746,"TUBO CERRAMIENTO NEGRO 2"" (2.3MM) (0,90) 19,70KL",0,,0,1,,0,1,90756.318181,140000,135000,130000,t
2065,TR1747,TORNILLO AUTOPER 12 X 2 + ARANDELA,0,,0,1,,0,1,94.5,300,300,200,t
2066,TR1749,TEJA ARQUITECTONICA ACESCO CAL: 31 (AZUL) GUERRERA TR1749,0,,0,1,,0,1,83193.28,150000,145000,140000,t
2067,TR1750,GRASERA RECTA 1/8 #10,0,,0,1,,0,1,570.6,2000,1500,1000,t
2068,TR1752,BREKE RIEL 3X32A CHINT,0,,0,1,,0,1,29006.348571,43200,41600,40000,t
2069,TR1753,PLATINA 1 X 1/8 (4.57),0,,0,1,,0,1,19748,30000,29000,28000,t
2070,TR1754,TEJA MARFIL TIPO ZINC X 2.15M 0.84 ANCHO LUMINIT - AR,0,,0,1,,0,1,37815.13,56000,55000,54000,t
2071,TR1755,REP MARTILLO Y19 #32 SIDE BOLT,0,,0,1,,0,1,8991.6,35000,30000,24000,t
2072,TR1756,TANQUE AEREO POLINTER 2000 LTS,0,,0,1,,0,1,596639,900000,870000,850000,t
2073,TR1757,"RODACHIN 3"" NARANJA",0,,0,1,,0,1,7260.2,15000,13000,12000,t
2074,TR1759,CORREA B 155,0,,0,1,,0,1,37549,58000,57000,56000,t
2075,TR1760,VIGA HEA 120MM 112KL,0,,0,1,,0,1,521008,1150000,1100000,1060000,t
2076,TR1763,ANGULO 2 X 1/4   28KL,0,,0,1,,0,1,115966,180000,175000,170000,t
2077,TR1764,PVC BUJE SANI 6X4,0,,0,1,,0,1,6816,15000,13000,12000,t
2078,TR1765,"LAMINA HR 1/8"" 2MM 45.21KL",0,,0,1,,0,1,151261,270000,260000,250000,t
2079,TR1766,"NIPLE GALVANIZADO HG 2"" X 6""",0,,0,1,,0,1,6416.65,17000,15000,13000,t
2080,TR1768,CUÑERO 3/8 ECONOMICA 1020 X 6CM,0,,0,1,,0,1,566.062393,2000,1500,1000,t
2081,TR1769,"RODILLO PLANO DE 5"" X 1-1/2"" CON ALETAS",0,,0,1,,0,1,155000,45000,40000,35000,t
2082,TR1773,TOMA CORRIENTE DOBLE AVE/EXE SOBREMURO,0,,0,1,,0,1,4084.387097,9000,8000,7000,t
2083,TR1774,LAVAPLATOS ATLANTIS 62 X 48 ACERO,0,,0,1,,0,1,65546,130000,120000,110000,t
2084,TR1775,"TUBO GALVANIZADO T.P 2"" 2.9MM 25.61KL",0,,0,1,,0,1,179832,320000,300000,290000,t
2085,TR1776,"TUBO RECTA CLL 3"" X 1 1/2"" C-16 1.40MM (14,75KL)",0,,0,1,,0,1,64705.9,105000,100000,94000,t
2086,TR1777,PINTURA ESMALTEX X GL,0,,0,1,,0,1,68908,115000,110000,105000,t
2087,TR1778,"BROCHA GAVILAN 3""",0,,0,1,,0,1,5505,10000,9500,9000,t
2088,TR1780,BAÑO SIN LAVAMANOS BLANCO,0,,0,1,,0,1,248739,360000,350000,340000,t
2089,TR1782,PVC BUJE PSI 1 1/2  X 1/2,0,,0,1,,0,1,2017,5000,4000,3500,t
2090,TR1783,"REDUCCION BUCHI GALVANIZADO 3"" X 2""",0,,0,1,,0,1,10357.25,22000,19000,17000,t
2091,TR1784,GUARDAMOTOR - ARRANCADOR CHINT 9-13 AMP,0,,0,1,,0,1,102389.81,153300,149900,146600,t
2092,TR1785,BALINERA 6307 2RS,0,,0,1,,0,1,15347.632947,38000,32000,27000,t
2093,TR1786,BATERIA CARRO 950 - 1000 AMP (481ST),0,,0,1,,0,1,309188.625094,523000,502100,491600,t
2094,TR1787,"PLATINA 2  X 1/4  15,2KL",0,,0,1,,0,1,67227,110000,105000,100000,t
2095,TR1788,ANTICORROSIVO COLPINTURAS X GL,0,,0,1,,0,1,48772.539385,89800,84800,79900,t
2096,TR1789,"MALLA GAVION 2X1X1 C: 12.5 (10 X10) TP C (9,5)",0,,0,1,,0,1,84034,150000,145000,140000,t
2097,TR1790,"LAMINA HR 5/16"" 8MM 180.86KL",0,,0,1,,0,1,663866,1050000,1000000,950000,t
2098,TR1791,BALINERA 6309 2RS,0,,0,1,,0,1,26239.820779,70000,60000,50000,t
2099,TR1792,FILTRO BALDWIN REF: BF988,0,,0,1,,0,1,27296.52381,58700,53800,44000,t
2100,TR1794,FILTRO BALDWIN REF: BF1226 (5525163),0,,0,1,,0,1,41524.109328,78200,73300,68400,t
2101,TR1795,FILTRO BALDWIN REF: BT339,0,,0,1,,0,1,34800,70000,65000,60000,t
2102,TR1796,LAVAPLATOS ATLANTIA 100 X 50,0,,0,1,,0,1,95798,140000,135000,130000,t
2103,TR1797,MANGUERA PARA ACOPLE SANIT. 40CM 1/2 X 5/8,0,,0,1,,0,1,1387,5000,4000,3000,t
2104,TR1798,"PVC ADAPTADOR MACHO PSI 1/2""",0,,0,1,,0,1,227.731492,600,500,400,t
2105,TR1799,"BISAGRA COMUN INDUMA 3"" CAL: 18 X UND",0,,0,1,,0,1,31252.4,2900,2600,2300,t
2106,TR1800,CORREA A 38,0,,0,1,,0,1,6572.314286,12000,11000,10000,t
2107,TR1801,BATERIA CARRO 1150 AMP (31T),0,,0,1,,0,1,410269.285714,641700,621000,610700,t
2108,TR1802,"PVC UNION SANI 6""",0,,0,1,,0,1,6856.486941,16000,14000,12000,t
2109,TR1805,ARNES MULTI INFASE 4 ARGO REF: IN8004,0,,0,1,,0,1,112500,200000,190000,185000,t
2110,TR1806,ESLINGA POSICIONAMIENTO INFASE REF: IN 8041-60CM,0,,0,1,,0,1,78151,143200,133000,127900,t
2111,TR1807,TORNILLO AUTOPER 10 X 2,0,,0,1,,0,1,69.3,200,200,100,t
2112,TR1809,"TUBO DOBLE PARED CORRUGADO 12""",0,,0,1,,0,1,319328,470000,460000,450000,t
2113,TR1810,AMARRE ZINC METALICO C: 18  X UND,0,,0,1,,0,1,139,400,300,200,t
2114,TR1811,CLAVIJA LEVINTON 3P + 1 P.T 30A 125VAC,0,,0,1,,0,1,47815.6,90000,85000,80000,t
2115,TR1812,"TEJA ZINC ACERO ACESCO CL 34 X 2,40 MTS (3,42 KLS)",0,,0,1,,0,1,25210.1,38000,37000,36000,t
2116,TR1813,CARTUCHO 3M REF: 6001,0,,0,1,,0,1,45000,80000,75000,70000,t
2117,TR1814,CAJA REF: 5N11 3M,0,,0,1,,0,1,65000,120000,115000,110000,t
2118,TR1817,LIBRE,0,,0,1,,0,1,0,70000,65000,60000,t
2119,TR1818,CARETA MEDIA CARA REF: 7200 FESI,0,,0,1,,0,1,29539.4,61800,56700,51500,t
2120,TR1819,CONTACTOR CHINT 32-10 AMP 220V ISC,0,,0,1,,0,1,42900,78900,74000,69000,t
2121,TR1820,ALAMBRE ALUMINIO #4 X ROLLO,0,,0,1,,0,1,82977.333333,145100,140100,135100,t
2122,TR1821,ALAMBRE ALUMINIO #8 X ROLLO,0,,0,1,,0,1,51200,118300,105200,92000,t
2123,TR1822,BARRENA SANDVIK CONICA 120 CM,0,,0,1,,0,1,414924.077574,650000,630000,600000,t
2124,TR1823,MANGUERA SUCCION 1 1/2 X 3 MTS,0,,0,1,,0,1,61684.430769,104300,97800,94600,t
2125,TR1824,MANGUERA SUCCION 2 X 3 MTS,0,,0,1,,0,1,88137.078947,153200,145500,137800,t
2126,TR1825,MANGUERA SUCCION 3 X 3 MTS,0,,0,1,,0,1,126900,250000,230000,220000,t
2127,TR1826,MANGUERA SUCCION 3 X 6 MTS,0,,0,1,,0,1,190000.3,302800,294200,285500,t
2128,TR1830,"RODILLO PLANO DE 4"" X 1-1/2"" CON ALETA",0,,0,1,,0,1,126000,170000,165000,160000,t
2129,TR1831,CINTA TRANSPARENTE TRUPER 48MMX150M,0,,0,1,,0,1,5994,12000,11000,10000,t
2130,TR1832,LIJADORA ORBITAL 1/4 PLIEGO 200W REF: BS200-B3,0,,0,1,,0,1,115663,237300,215700,194200,t
2131,TR1833,MOTOTOOL INGCO 1/4 110/120V REF: UMG13328,0,,0,1,,0,1,122139,363100,308600,272300,t
2132,TR1834,PROBADOR DE CORRIENTE INGCO 3X140MM REF: HSDT1408,0,,0,1,,0,1,2449.076923,7000,3200,3200,t
2133,TR1835,MARCO SEGUETA INGCO 12 REF: HHFS3068,0,,0,1,,0,1,12066,25000,22000,20000,t
2134,TR1836,GAFA INGCO SEGURIDAD POLICARBONATO OSCURO #8 REF: HSG06,0,,0,1,,0,1,3375,9000,7000,6000,t
2135,TR1837,CINTA AISLANTE 15MTS NEGRA REF: ECA14,0,,0,1,,0,1,1714.75,5000,4000,3000,t
2136,TR1840,AEROSOL MASSO AMARRILLO MEDIO,0,,0,1,,0,1,0,0,0,0,t
2137,TR1843,REP MOTOSIERRA STIHL - CARBURADOR MS-250 GOSLAR,0,,0,1,,0,1,36134,80000,70000,60000,t
2138,TR1844,REP GUADAÑA MITSUBISHI - CARBURADOR TB26,0,,0,1,,0,1,64454,130000,120000,110000,t
2139,TR1845,REP GUADAÑA SHINDAIWA - CILINDRO COMPLETO B-45 GOSLAR,0,,0,1,,0,1,47059,100000,90000,80000,t
2140,TR1849,"LLAVE DE PASO PVC ROSCA 3"" CM",0,,0,1,,0,1,50100,95000,90000,85000,t
2141,TR1850,"LLAVE DE PASO PVC LISA 3"" CM",0,,0,1,,0,1,50100,95000,90000,85000,t
2142,TR1851,RELOJ GLICERINA 150/200PSI REF: M2002.5CV,0,,0,1,,0,1,26415.841955,61000,52200,43500,t
2143,TR1852,MANGUERA ESTACIONARIA KTC 08.5 MM 100M REF: 499-85MM100M-T,0,,0,1,,0,1,181513,350000,320000,300000,t
2144,TR1853,ALMADANA 3 LB HERRAGRO,0,,0,1,,0,1,29917.371429,43000,40000,38000,t
2145,TR1856,CORREA B 139,0,,0,1,,0,1,33673,55000,52000,50000,t
2146,TR1858,"DISCO INCOLMA FINO PRO 4 1/2""",0,,0,1,,0,1,1932,4500,4000,3500,t
2147,TR1861,MARTILLO COLIMA CABO MADERA 27MM,0,,0,1,,0,1,15490,33500,33000,32500,t
2148,TR1864,COMPRESOR KTC 2HP REF: 432-DAC2024,0,,0,1,,0,1,359991,650000,620000,600000,t
2149,TR1865,BREKE ATORNILLABLE 3X30A LUMINEX,0,,0,1,,0,1,170607.286956,261300,255900,250400,t
2150,TR1867,BROCA TALADRO DIAGER 1 1/4 X 36 92CM,0,,0,1,,0,1,377955,670900,639900,619300,t
2151,TR1869,BARRENA SANDVIK INTEGRAL 1.20 CM,0,,0,1,,0,1,354419.679006,542900,513300,493600,t
2152,TR1871,"LLAVE DE TUBO LEON 12""",0,,0,1,,0,1,18353,38000,35000,32000,t
2153,TR1872,CORREA B 97,0,,0,1,,0,1,23498,37000,36000,35000,t
2154,TR1873,CORREA B 125,0,,0,1,,0,1,29924.7175,52500,50400,47200,t
2155,TR1874,"ESCUADRA STANLEY 12"" REF: 46040",0,,0,1,,0,1,20637.440909,39800,36800,34800,t
2156,TR1876,CORREA B 130,0,,0,1,,0,1,31493,53000,50000,47000,t
2157,TR1877,CINTA AISLANTE ACCEL NEGRA  X 20 MTS,0,,0,1,,0,1,2989,7000,6000,5000,t
2158,TR1878,CINTA AISLANTE ACCEL NEGRA  X 5 MTS,0,,0,1,,0,1,832,5000,4000,3000,t
2159,TR1879,AEROSOL MASSO AZUL CIELO,0,,0,1,,0,1,0,0,0,0,t
2160,TR1881,REP GUADAÑA SHINDAIWA - BRIDA CARBURADOR B-45 BRANFOR,0,,0,1,,0,1,5042.02,15000,12000,10000,t
2161,TR1883,REP MOTOSIERRA STIHL - BOBINA MS 661 BRANDFOR,0,,0,1,,0,1,58823.53,130000,110000,100000,t
2162,TR1889,TURBO BARRIDO DE NYLON CON TUERCA AIRMAN PDS 185S-6C2,0,,0,1,,0,1,159664,10000,7000,5000,t
2163,TR1890,"REDUCCION COPA GALVANIZADO 2"" X 1 1/2""",0,,0,1,,0,1,5663.664286,15400,12300,10300,t
2164,TR1891,COMPRESOR ACOPLE MACHO R2 NPT 1 X 1,0,,0,1,,0,1,7956,20000,17000,15000,t
2165,TR1892,"REDUCCION COPA GALVANIZADO 3"" X 2""",0,,0,1,,0,1,16484.05,33000,30000,28000,t
2166,TR1893,"VALVULA O GRANADA PVC ROSCA 1 1/2""",0,,0,1,,0,1,11795.525983,24100,21900,18600,t
2167,TR1894,EMPELE ELECTROBOMBA BAJA REF: 24759 3HP 2X2,0,,0,1,,0,1,71901.666667,140000,130000,120000,t
2168,TR1897,ARNES DIELECT IINSAFE 4 ARGO REF: IN8009-ML,0,,0,1,,0,1,148411.764706,260000,250000,240000,t
2169,TR1898,ALMADANA 4 LB HERRAGRO,0,,0,1,,0,1,32833,60600,57600,55600,t
2170,TR1899,JUEGO COPAS STANLEY X 25 PZS 3/8 X 3/4 REF: 86736,0,,0,1,,0,1,149447,241800,222400,212800,t
2171,TR1901,CRISOL ALEMAN # 40,0,,0,1,,0,1,672269,1200000,1150000,1100000,t
2172,TR1902,BOQUILLA CORTE VICTOR #2,0,,0,1,,0,1,66387,100000,95000,90000,t
2173,TR1904,VARILLA CUADRADA HIERRO 9MM,0,,0,1,,0,1,18487.4,29000,28000,27000,t
2174,TR1905,BOMBILLO LED MERCURY 9W,0,,0,1,,0,1,1500.94841,4800,3800,2900,t
2175,TR1906,CORREA B 150,0,,0,1,,0,1,35577.777778,60000,57000,55000,t
2176,TR1907,CINTA AISLANTE 3M COLORES  X 18 MTS,0,,0,1,,0,1,6134,10000,9500,9000,t
2177,TR1909,"LAMINA HR 1"" 25MM 584,2GK",0,,0,1,,0,1,2184874,3200000,3150100,3099900,t
2178,TR1910,"LAMINA HR 3/4"" 19MM 444GK",0,,0,1,,0,1,1680672,2500000,2449900,2399900,t
2179,TR1911,"LAMINA HR 1/2"" 12MM 275,20GK",0,,0,1,,0,1,941176.4,1600000,1550000,1500000,t
2180,TR1915,BALINERA 6206 2RS,0,,0,1,,0,1,6863.432967,23000,17000,12000,t
2181,TR1916,GUARDAMOTOR - ARRANCADOR CHINT 5-8 AMP,0,,0,1,,0,1,102059.62,153300,149900,146600,t
2182,TR1917,"NIPLE GALVANIZADO HG 2"" X 2""",0,,0,1,,0,1,2650,8000,6000,5000,t
2183,TR1919,AEROSOL MASSO ROJO FUEGO,0,,0,1,,0,1,5593.529944,10000,9500,9000,t
2184,TR1920,"CEPILLO ELECTRICO 3 1/4"" TRUPER REF: 13442",0,,0,1,,0,1,234436,426700,403600,380600,t
2185,TR1922,AEROSOL MASSO GRIS PLATA,0,,0,1,,0,1,0,0,0,0,t
2186,TR1923,REP MARTILLO YT28 #38 AIR PIPE SWIVEL,0,,0,1,,0,1,21080.431429,60000,55000,50000,t
2187,TR1924,REP MARTILLO YT28 #32 CONTROL HANDLE,0,,0,1,,0,1,6449.6175,40000,30000,20000,t
2188,TR1925,CINCEL PUNTA G7 X 60CM,0,,0,1,,0,1,30252.1,70000,60000,50000,t
2189,TR1926,BALINERA NSK 6205,0,,0,1,,0,1,14199.75,25000,23000,20000,t
2190,TR1929,PVC YEE SANI 4,0,,0,1,,0,1,4599.4,10000,9000,8000,t
2191,TR1931,IMPULSADOR ROBUSTA 2.5HP REF: R-ROB2.5/20-IMP,0,,0,1,,0,1,46218.45,100000,90000,80000,t
2192,TR1932,INTERRUPTOR SENCILLO EXE SOBREMURO COD: A11350,0,,0,1,,0,1,1429,4000,3500,3000,t
2193,TR1933,BALON MICROFUTBOL DORADO,0,,0,1,,0,1,115310,220000,200000,190000,t
2194,TR1934,ALMADANA 12 LB HERRAGRO,0,,0,1,,0,1,96306.666667,165200,160300,155500,t
2195,TR1935,"PVC SEMICODO SANI 3"" CXC",0,,0,1,,0,1,1533.782353,5100,4100,3100,t
2196,TR1937,"MANGUERA RIEGO CAL 60  1/2"" 100MTS",0,,0,1,,0,1,79000,121100,115900,110600,t
2197,TR1938,REP YM30 - ANILLOS PISTON REF: 1100A-0400,0,,0,1,,0,1,0,0,0,0,t
2198,TR1939,"PVC SEMICODO SANI 6"" CXC",0,,0,1,,0,1,21077.80438,45000,40000,35000,t
2199,TR1940,CLAVIJA 30/50A S21-SP,0,,0,1,,0,1,101500,180000,170000,165000,t
2200,TR1941,"ACOPLE AIRE MACHO 3/4""",0,,0,1,,0,1,5506.360104,10000,9200,8400,t
2201,TR1944,X CHUMACERA -SOPORTE 208-24,0,,0,1,,0,1,741634,1300000,1250100,1200000,t
2202,TR1945,"TERMINAL COBRE SOLDAR 3/16"" 35A",0,,0,1,,0,1,469.155049,1100,1000,900,t
2203,TR1946,CONECTOR COOPERWEL 5/8,0,,0,1,,0,1,9460,20000,18000,16000,t
2204,TR1947,CLAVIJA CODELCA 2 X 15,0,,0,1,,0,1,2619.19,5600,5100,4600,t
2205,TR1948,"DISCO CADENA UYUSTOOLS 4 1/2""",0,,0,1,,0,1,9445.68,20000,17000,15000,t
2206,TR1949,"LLAVE EXPANSIVA 12"" UYUSTOOLS",0,,0,1,,0,1,20952.38,40000,37000,35000,t
2207,TR1950,"CIZALLA MGO GRIP 18""",0,,0,1,,0,1,58945,110000,100000,98000,t
2208,TR1951,"CIZALLA MGO GRIP 24""",0,,0,1,,0,1,83378,150000,145000,140000,t
2209,TR1952,"BERBIQUI HERRAGRO 10""",0,,0,1,,0,1,78106.5,140000,135000,130000,t
2210,TR1953,"PVC CODO SANI 6"" CXC",0,,0,1,,0,1,27164.5,55000,50000,45000,t
2211,TR1954,CARETA SOLDAR FORTE 30X88MM WM40/2,0,,0,1,,0,1,82620,190000,170000,150000,t
2212,TR1955,"OLLA HONDA 24CM 8,4 LTS REF: TRAMONTINA 62624280",0,,0,1,,0,1,463025,580000,560000,540000,t
2213,TR1956,BOQUILLA REGADERA VICTOR # 8 MFA,0,,0,1,,0,1,260000,455000,436400,417900,t
2214,TR1957,FILTRO BALDWIN REF: BF788,0,,0,1,,0,1,26800,58800,50400,46200,t
2215,TR1959,"TUBO GALVANIZADO T.P 1"" 26MM 12,0 KL",0,,0,1,,0,1,94118,160000,155000,150000,t
2216,TR1960,INTERRUCTOR SENCILLO ACCEL INCRUSTAR,0,,0,1,,0,1,3604.893646,7000,6500,6000,t
2217,TR1961,HIDROSOLTA PACA X 15KLS,0,,0,1,,0,1,115966,180000,175000,170000,t
2218,TR1962,SUPLEMENTO CUADRADO VERDE - BLANCO 4X4,0,,0,1,,0,1,840.4,900,800,700,t
2219,TR1963,TORNILLO DRYWALL 6X11/2,0,,0,1,,0,1,50.43,100,100,100,t
2220,TR1964,"POLEA HIERRO 22"" X 2 CANAL B",0,,0,1,,0,1,400000,610000,600000,590000,t
2221,TR1965,"REDUCCION COPA GALVANIZADO 2"" X 1""",0,,0,1,,0,1,5593.184615,12000,10000,9000,t
2222,TR1966,FILTRO PARTMO AP3600 (TF2873K) AIRE,0,,0,1,,0,1,67227,120900,115300,111600,t
2223,TR1967,TOTALIZADOR CHINT 100 AMP,0,,0,1,,0,1,103465.506667,164800,160000,155200,t
2224,TR1969,"CHEQUE CORTINA HIDROSFER EN BRONCE 1 1/2""",0,,0,1,,0,1,56500,110000,100000,95000,t
2225,TR1970,FLOTADOR ELECTRICO UDUKE,0,,0,1,,0,1,12605.04,30000,25000,22000,t
2226,TR1971,"TUBO RECTA CLL 2"" X 1"" C-18 (7.5KL)",0,,0,1,,0,1,35294,55000,52000,50000,t
2227,TR1972,EMPELE ELECTROBOMBA BAJA REF: 19779 5HP 2X2,0,,0,1,,0,1,98000,183300,168000,160400,t
2228,TR1973,"LAMINA HR 3/8"" 9MM 203.47",0,,0,1,,0,1,722689,1080000,1050000,1020000,t
2229,TR1974,"CANAL U T.P 6"" (72.2KL)",0,,0,1,,0,1,339075.5,520000,500000,480000,t
2230,TR1975,"BROCHA GAVILAN 2 1/2""",0,,0,1,,0,1,3847,8000,7500,7000,t
2231,TR1976,BOQUILLA CORTE VICTOR #1,0,,0,1,,0,1,57143,100000,95000,90000,t
2232,TR1977,"TEJA ZINC ACESCO CL 34 X 3.60 MTS (5,3 KLS) NC",0,,0,1,,0,1,36554.498901,50000,49000,48000,t
2233,TR1978,CORREA B 151,0,,0,1,,0,1,36580,56000,55000,54500,t
2234,TR1980,CARTUCHO MULTIGAS FESI 7006,0,,0,1,,0,1,42436,76400,72100,67900,t
2235,TR1981,"NIPLE GALVANIZADO HG 1"" X 2""",0,,0,1,,0,1,2550,7000,6000,5000,t
2236,TR1982,"CHUMACERA PLANA 208-24 1 1/2""",0,,0,1,,0,1,21796.564181,44200,40200,36100,t
2237,TR1983,VALVULA SEGURIDAD 1/4 X 150PSI REF: VSG109,0,,0,1,,0,1,10924.369,35000,30000,25000,t
2238,TR1984,"TUBO CERRAMIENTO NEGRO 1 1/4"" (2MM) (0,80) 11.80KL",0,,0,1,,0,1,61586.2,100000,95000,90000,t
2239,TR1985,"TUBO CERRAMIENTO NEGRO 1"" (2MM) (0,75) 9,6KL",0,,0,1,,0,1,41092.44,75000,70000,65000,t
2240,TR1986,"VARILLA LISA 1/2"" 5.95KLS",0,,0,1,,0,1,21008.4,55000,50000,45000,t
2241,TR1987,BALINERA NSK 6311,0,,0,1,,0,1,145813.25,230000,220000,210000,t
2242,TR1988,BALINERA NSK 6211,0,,0,1,,0,1,87773.25,140000,135000,130000,t
2243,TR1989,BALINERA 6208 2RS,0,,0,1,,0,1,9034.3,25000,20000,15000,t
2244,TR1990,LAMINA ALFAJOR 3MM 3X1 74.3KL,0,,0,1,,0,1,264706,420000,400000,380000,t
2245,TR1991,"VARILLA COBRE 5/8"" X 2.40 MT (CERCA ELECTRICA)",0,,0,1,,0,1,247059,3000,2000,1500,t
2246,TR1992,LLAVE MIXTA STANLEY 19MM,0,,0,1,,0,1,10745.91716,20200,19100,18100,t
2247,TR1993,BALINERA NSK 6308,0,,0,1,,0,1,50131.9,85000,78000,72000,t
2248,TR1994,BALINERA 6204 ZZ,0,,0,1,,0,1,6000.688571,20000,15000,10000,t
2249,TR1995,BALINERA NTN 6207,0,,0,1,,0,1,27819.54,50000,45000,40000,t
2250,TR1996,BALINERA NTN 6307,0,,0,1,,0,1,0,0,0,0,t
2251,TR1998,REP PULIDORA - SWICHT REF: SW156,0,,0,1,,0,1,29412,520000,500000,480000,t
2252,TR1999,INVERSOR SOLDADOR MSI-200A DIGITAL REF: 48252,0,,0,1,,0,1,752874,985500,985500,985500,t
2253,TR2000,JUEGO DE LLAVES COMBINADAS STANLEY 12PZS 7-19MM REF: 71-607,0,,0,1,,0,1,90242.1,160000,155000,150000,t
2254,TR2001,"ABRAZADERA EXOSTO REF: 2"" TITAN",0,,0,1,,0,1,6556.5,10800,10400,9900,t
2255,TR2002,TAPA OIDO DIADEMA TIPO COPA,0,,0,1,,0,1,16000.2,35000,32000,28000,t
2256,TR2003,TAPA OIDOS MAVERICK,0,,0,1,,0,1,35003.272727,67100,62000,56800,t
2257,TR2004,SOPLADORA INDUSTRIAL TOTAL 400W 120V,0,,0,1,,0,1,75630.25,170000,150000,130000,t
2258,TR2005,CARETA SOLDAR ALEMAN PROFESIONAL UYUSTOOLS,0,,0,1,,0,1,13972.500909,35000,30000,25000,t
2259,TR2006,VIDRIO NEGRO #10 CARETA SOLDAR UYUSTOOLS,0,,0,1,,0,1,731.09,2500,2000,1500,t
2260,TR2007,VIDRIO NEGRO #11 CARETA SOLDAR UYUSTOOLS,0,,0,1,,0,1,731.09,2500,2000,1500,t
2261,TR2008,VIDRIO NEGRO #12 CARETA SOLDAR UYUSTOOLS,0,,0,1,,0,1,840.34,2500,2000,1500,t
2262,TR2009,VIDRIO TRANSPARENTE CARETA SOLDAR UDUKE,0,,0,1,,0,1,406.043333,2600,2000,1300,t
2263,TR2010,CINTA TRASPARENTE CELLUX 2X100MTS,0,,0,1,,0,1,3949.58,10000,8000,7000,t
2264,TR2011,JUEGO DESTORNILLADOR UYUSTOOLS X 8 PIEZAS,0,,0,1,,0,1,25420.17,50000,45000,43000,t
2265,TR2012,PVC BUJE PSI 1 1/2 X 1,0,,0,1,,0,1,1513,7200,6300,5400,t
2266,TR2013,REP MARTILLO Y19 #07 RATCHER,0,,0,1,,0,1,28571.43,100000,90000,80000,t
2267,TR2025,REP MOTOSIERRA HUSQVARNA ORIG - CIGUEÑAL MS395,0,,0,1,,0,1,245160.73,450000,420000,400000,t
2268,TR2026,REP MOTOSIERRA HUSQVARNA ORIG - ESPARRAGO DE ESPADA MS390/395,0,,0,1,,0,1,5328.15,15000,12000,9000,t
2269,TR2027,REP MOTOSIERRA HUSQVARNA ORIG - TUERCA DE ESPARRAGO ESPADA MS445II/61/435/353/365/372/228/395,0,,0,1,,0,1,1911.73,5000,4000,3500,t
2270,TR2028,REP MOTOSIERRA HUSQVARNA ORIG - RESORTE DE ZAPATA24MM MS395,0,,0,1,,0,1,5610.45,15000,12000,10000,t
2271,TR2029,REP MOTOSIERRA HUSQVARNA ORIG - RESORTE DE ARRANQUE MS394,0,,0,1,,0,1,15461.89,35000,32000,28000,t
2272,TR2030,REP MOTOSIERRA HUSQVARNA ORIG - CARBURADOR MS395,0,,0,1,,0,1,151965.31,300000,280000,250000,t
2273,TR2031,"REP MOTOSIERRA HUSQVARNA ORIG - PIÑON LOCO 404""  MS394",0,,0,1,,0,1,18517.992857,38000,35000,32000,t
2274,TR2032,REP MOTOSIERRA HUSQVARNA ORIG - CAMPANA COMPLETA 3/8  MS281/288,0,,0,1,,0,1,67488.2,130000,120000,115000,t
2275,TR2033,REP MOTOSIERRA HUSQVARNA ORIG - ARRANQUE ENCENDIDO MS394/395,0,,0,1,,0,1,86673.76,160000,150000,140000,t
2276,TR2034,REP MOTOSIERRA HUSQVARNA ORIG - PISTON COMPLETO MS395,0,,0,1,,0,1,104655.29,200000,180000,170000,t
2277,TR2035,REP MOTOSIERRA HUSQVARNA ORIG - BOMBA ACEITE MS394/395,0,,0,1,,0,1,106710.14,220000,200000,180000,t
2278,TR2036,REP MOTOSIERRA HUSQVARNA ORIG - MANGUERA COMBUSTIBLE MS365/372/353,0,,0,1,,0,1,6688.42,18000,15000,12000,t
2279,TR2037,REP MOTOSIERRA HUSQVARNA ORIG - GUAYA ACELECION MS395,0,,0,1,,0,1,19722.57,40000,38000,33000,t
2280,TR2038,REP MS HUSQ KIT EMPAQUES CARBURADOR MS390/395/288 -ORG (522591801),0,,0,1,,0,1,27987.343333,60000,52000,48000,t
2281,TR2039,REP MOTOSIERRA HUSQVARNA ORIG - ARRANQUE ENCENDIDO MS281/288,0,,0,1,,0,1,77772.93,140000,135000,130000,t
2282,TR2040,REP MOTOSIERRA HUSQVARNA ORIG - PISTON COMPLETO MS288,0,,0,1,,0,1,86655.9,160000,155000,150000,t
2283,TR2041,REP MS HUSQ MS288 CAMPANA COMP -ORG (503625903),0,,0,1,,0,1,69363.16,130000,120000,115000,t
2284,TR2042,REP MS HUSQ SINFÍN BOMBA ACEITE MS288/281/394/395 -ORG (503557501),0,,0,1,,0,1,9840.8625,25000,22000,18000,t
2285,TR2043,REP MOTOSIERRA HUSQVARNA ORIG - BOMBA ACEITE MS288,0,,0,1,,0,1,86303.49,180000,160000,140000,t
2286,TR2044,REP MOTOSIERRA HUSQVARNA ORIG - SEGURO GATILLO MS288,0,,0,1,,0,1,7092.83,20000,18000,13000,t
2287,TR2045,REP PODADORA ALTURA HUSQVARNA ORIG - MANGUERA COMBUSTIBLE 327-525,0,,0,1,,0,1,6818.41,18000,15000,12000,t
2288,TR2046,"PVC TAPON SANI PRUEBA 2""",0,,0,1,,0,1,293,1000,700,500,t
2289,TR2047,REP MOTOSIERRA HUSQVARNA ORIG - BALINERA  CIGÜEÑAL MS281/288/390/394/395/240,0,,0,1,,0,1,25383.88,60000,50000,45000,t
2290,TR2048,"PVC TEE SANI 2""",0,,0,1,,0,1,1549.933333,5000,4000,3000,t
2291,TR2049,"PVC CODO SANI 2"" CXC",0,,0,1,,0,1,764.296859,3000,2000,1500,t
2292,TR2050,PVC BUJE SANI 3X2,0,,0,1,,0,1,986.5,4000,3000,2000,t
2293,TR2051,REP MOTOSIERRA HUSQVARNA ORIG - RETENEDOR CIGÜEÑAL MS288/390,0,,0,1,,0,1,11373.21,25000,22000,20000,t
2294,TR2052,REP MOTOSIERRA HUSQVARNA ORIG - AMORTIGUADOR DE ACERO MS281/288,0,,0,1,,0,1,62879.57,120000,110000,105000,t
2295,TR2053,REP MOTOSIERRA HUSQVARNA ORIG - BRIDA CARBURADOR MS288,0,,0,1,,0,1,15706.11,35000,32000,28000,t
2296,TR2054,REP MOTOSIERRA HUSQVARNA ORIG - TENSOR CADENA COMPLETO MS365/372/390,0,,0,1,,0,1,41014.08,75000,70000,68000,t
2297,TR2055,REP MOTOSIERRA HUSQVARNA ORIG - EMPAQUE CILINDRO MS365/272/375,0,,0,1,,0,1,4654.59,15000,12000,10000,t
2298,TR2056,REP MS HUSQ MS365/372/365 CAMPANA COMP -ORG (586980606),0,,0,1,,0,1,87934.24,160000,150000,145000,t
2299,TR2057,REP MOTOSIERRA HUSQVARNA ORIG - EMBRAGUE COMPLETO MS365/372/375/576,0,,0,1,,0,1,71150.16,130000,125000,120000,t
2300,TR2058,REP MS HUSQ SEGURO GATILLO MS365/372/390/394/395 -ORG (503556601),0,,0,1,,0,1,7364.62,20000,17000,13000,t
2301,TR2059,REP MOTOSIERRA HUSQVARNA ORIG - GATILLO ACELERACION MS365/372/395,0,,0,1,,0,1,8710.44,25000,20000,15000,t
2302,TR2060,REP MOTOSIERRA HUSQVARNA ORIG - MANGUERA COMBUSTIBLE MS390,0,,0,1,,0,1,3990.86,12000,10000,7000,t
2303,TR2061,REP MOTOSIERRA HUSQVARNA ORIG - GUAYA ACELERACION MS371/372/390,0,,0,1,,0,1,19897.2,40000,35000,33000,t
2304,TR2062,REP MOTOSIERRA HUSQVARNA ORIG -AMORTIGUADOR TANQUE STD MS372,0,,0,1,,0,1,5378.05,18000,15000,10000,t
2305,TR2063,REP GUADAÑA HUSQ 143/542/143 ANILLO PISTON -ORG,0,,0,1,,0,1,6541.37,20000,15000,12000,t
2306,TR2064,REP GUADAÑA HUSQVARNA ORIG - PISTON 143/542/541,0,,0,1,,0,1,68243,130000,120000,115000,t
2307,TR2065,REP GUADAÑA HUSQVARNA ORIG - FILTRO AIRE ESPONJA 143,0,,0,1,,0,1,8445.22,30000,20000,15000,t
2308,TR2066,ANGULO 1 1/2X 1/4 20KL,0,,0,1,,0,1,92437,140000,138000,135000,t
2309,TR2067,REP GUADAÑA HUSQVARNA ORIG - FILTRO AIRE FELPA 143,0,,0,1,,0,1,19505.93,45000,38000,33000,t
2310,TR2068,REP GUADAÑA HUSQ 236R/143RII RETE 12*32*7 -ORG (505296701),0,,0,1,,0,1,11805,30000,25000,20000,t
2311,TR2069,REP GUADAÑA HUSQ 143RII/236R RETE 12*22*7 -ORG (504121501),0,,0,1,,0,1,12156,30000,25000,20000,t
2312,TR2070,REP GUADAÑA HUSQVARNA ORIG - EMPAQUE CARTER 143,0,,0,1,,0,1,2644,10000,7000,5000,t
2313,TR2071,REP GUADAÑA HUSQVARNA ORIG - MANGUERA COMBUSTIBLE 143,0,,0,1,,0,1,10787.61,25000,20000,18000,t
2314,TR2072,REP HUSQVARNA ORIG - FILTRO GASOLINA MIXTO,0,,0,1,,0,1,12838,30000,25000,22000,t
2315,TR2073,REP GUADAÑA HUSQVARNA ORIG - CAMPANA EMBRAGUE 236/143/541,0,,0,1,,0,1,36271.63,70000,65000,60000,t
2316,TR2074,REP GUADAÑA HUSQ 143RII EMBRAGUE -ORG (599764701),0,,0,1,,0,1,62578.89,120000,110000,105000,t
2317,TR2075,REP GUADAÑA HUSQ 143/331 ACELERADOR -ORG (537183507),0,,0,1,,0,1,56369,105000,98000,93000,t
2318,TR2076,REP GUADAÑA HUSQVARNA ORIG - GUAYA ACELERACION 143,0,,0,1,,0,1,35880,70000,65000,60000,t
2319,TR2077,REP GUADAÑA HUSQVARNA ORIG - CILINDRO 143,0,,0,1,,0,1,70645.97,130000,125000,120000,t
2320,TR2078,REP GUADAÑA HUSQVARNA ORIG - BOBINA ENCENDIDO 143/236,0,,0,1,,0,1,52520,100000,95000,90000,t
2321,TR2079,REP GUADAÑA HUSQ 143RII POLEA ARRANQUE -ORG (501929802),0,,0,1,,0,1,5782.45,20000,15000,10000,t
2322,TR2080,REP GUADAÑA HUSQVARNA ORIG - CARBURADOR 532,0,,0,1,,0,1,109040.71,220000,200000,180000,t
2323,TR2081,REP GUADAÑA HUSQVARNA ORIG - PRE FILTRO 541,0,,0,1,,0,1,19915.58,40000,35000,33000,t
2324,TR2082,REP GUADAÑA HUSQVARNA ORIG - PISTON COMPLETO 143/541,0,,0,1,,0,1,64356.04,120000,110000,105000,t
2325,TR2083,REP GUADAÑA HUSQVARNA ORIG - CILINDRO COMPLETO 143/541,0,,0,1,,0,1,229761.21,420000,400000,380000,t
2326,TR2084,REP GUADAÑA HUSQVARNA ORIG - BOBINA ENCENDIDO 541/531,0,,0,1,,0,1,87359.8,160000,150000,145000,t
2327,TR2085,REP MOTOSIERRA HUSQVARNA ORIG - GUAYA ACELERACION 120/125,0,,0,1,,0,1,17201.61,35000,32000,30000,t
2328,TR2086,REP MOTOSIERRA HUSQVARNA ORIG - BOMBA ACEITE COMPLETA MS120/125,0,,0,1,,0,1,18739.14,40000,35000,32000,t
2329,TR2087,REP MOTOSIERRA HUSQVARNA ORIG - EMBRAGUE COMPLETO 120/125,0,,0,1,,0,1,66693.84,120000,115000,110000,t
2330,TR2088,REP MOTOSIERRA HUSQVARNA ORIG - CARBURADOR MS120/125,0,,0,1,,0,1,150730.88,290000,270000,250000,t
2331,TR2089,REP MOTOSIERRA HUSQVARNA ORIG - FILTRO AIRE FELPA MS120/125,0,,0,1,,0,1,7956.12,22000,18000,14000,t
2332,TR2090,REP MOTOSIERRA HUSQVARNA ORIG - PISTON COMPLETO 120,0,,0,1,,0,1,54394.97,100000,95000,90000,t
2333,TR2091,REP MOTOSIERRA HUSQVARNA ORIG - PISTON COMPLETO 125,0,,0,1,,0,1,46237.3,90000,85000,80000,t
2334,TR2092,REP MS HUSQ 120/125 GUAYA ACELERADOR -ORG (503717602),0,,0,1,,0,1,7734.88,25000,20000,15000,t
2335,TR2093,REP MOTOSIERRA HUSQVARNA ORIG - SIMBRA MS120/ 125,0,,0,1,,0,1,11173.5,30000,25000,20000,t
2336,TR2094,REP MOTOSIERRA HUSQVARNA ORIG - MANGUERA ACEITE MS125,0,,0,1,,0,1,11834.07,30000,25000,20000,t
2337,TR2095,REP MOTOSIERRA HUSQVARNA ORIG - TAPA TANQUE MS120/125,0,,0,1,,0,1,12364.52,30000,25000,22000,t
2338,TR2096,REP MOTOSIERRA HUSQVARNA ORIG - CUERDA ARRANQUE 445,0,,0,1,,0,1,8673.68,25000,20000,15000,t
2339,TR2097,REP MOTOSIERRA HUSQVARNA ORIG - FILTRO AIRE 445,0,,0,1,,0,1,16242.47,35000,32000,28000,t
2340,TR2098,REP MOTOSIERRA HUSQVARNA ORIG - BOMBIN MS445,0,,0,1,,0,1,10735.09,25000,22000,18000,t
2341,TR2099,REP MS HUSQ MS445 BALINERA CIGUEÑAL -ORG (529574201),0,,0,1,,0,1,15309.58,33000,30000,27000,t
2342,TR2100,REP MOTOSIERRA HUSQVARNA ORIG - RETENEDOR CIGÜEÑAL MS445,0,,0,1,,0,1,12582.7,28000,25000,22000,t
2343,TR2101,REP MOTOSIERRA HUSQVARNA ORIG - MANGUERA COMBUSTIBLE MS445,0,,0,1,,0,1,7421.08,18000,15000,13000,t
2344,TR2102,REP MOTOSIERRA HUSQVARNA ORIG - MANGUERA RETORNO MS445,0,,0,1,,0,1,12023.8,25000,23000,20000,t
2345,TR2103,REP MOTOSIERRA HUSQVARNA ORIG - EMBRAGUE COMPLETO MS340/345/445/455/353,0,,0,1,,0,1,66380.03,130000,120000,110000,t
2346,TR2104,REP MS HUSQ MS340/445/350 CAMPANA COMP-ORG (578097901),0,,0,1,,0,1,33544.857143,70000,65000,60000,t
2347,TR2105,REP MS HUSQ PIÑON SINFIN MS345/445 -ORG (503931801),0,,0,1,,0,1,8091.25,25000,20000,15000,t
2348,TR2106,REP MOTOSIERRA HUSQVARNA ORIG - TUBO ACEITE MS445,0,,0,1,,0,1,11374.52,25000,20000,18000,t
2349,TR2107,REP MOTOSIERRA HUSQVARNA ORIG - GUIA ARRANQUE MS345/445/535,0,,0,1,,0,1,3146.68,12000,10000,7000,t
2350,TR2108,REP MOTOSIERRA HUSQVARNA ORIG -  MANIVELA TENSOR CADENA MS445,0,,0,1,,0,1,17130.71,35000,30000,28000,t
2351,TR2109,REP MOTOSIERRA HUSQVARNA ORIG - CILINDRO COMPLETO MS445,0,,0,1,,0,1,199088.88,350000,330000,320000,t
2352,TR2110,REP MOTOSIERRA HUSQVARNA ORIG - BOBINA MS445,0,,0,1,,0,1,50184.18,100000,90000,80000,t
2353,TR2111,REP MOTOSIERRA HUSQVARNA ORIG - ARRANQUE COMPLETO MS272/61,0,,0,1,,0,1,62569.05,120000,110000,105000,t
2354,TR2112,REP MOTOSIERRA HUSQVARNA ORIG - AMORTIGUADOR PEQUEÑO  MS61,0,,0,1,,0,1,15851.85,35000,32000,28000,t
2355,TR2113,REP MOTOSIERRA HUSQVARNA ORIG - FILTRO AIRE MS61,0,,0,1,,0,1,52984.15,100000,95000,90000,t
2356,TR2114,REP MOTOSIERRA HUSQVARNA ORIG - CARBURADOR MS125,0,,0,1,,0,1,198444.2,350000,330000,320000,t
2357,TR2115,REP MOTOSIERRA HUSQVARNA ORIG -  BOMBA ENCENDIDO MS272,0,,0,1,,0,1,108913.35,190000,185000,180000,t
2358,TR2116,REP MOTOSIERRA HUSQVARNA ORIG - TUERCA DE VOLANTE MS343/445/455,0,,0,1,,0,1,2176.95,7000,5000,4000,t
2359,TR2117,REP MOTOSIERRA HUSQVARNA ORIG - BOMBA ACEITE MS268/272/61,0,,0,1,,0,1,76167.13,150000,130000,125000,t
2360,TR2118,REP MOTOSIERRA HUSQVARNA ORIG - PISTON COMPLETO MS61,0,,0,1,,0,1,68262.82,130000,120000,115000,t
2361,TR2119,REP MOTOSIERRA HUSQVARNA ORIG - EMPAQUE DE CILINDRO MS268,0,,0,1,,0,1,3970.438889,15000,10000,8000,t
2362,TR2120,REP MOTOSIERRA HUSQVARNA ORIG - KIT EMPAQUES CARBURADOR MS61,0,,0,1,,0,1,21937.568182,35000,32000,28000,t
2363,TR2121,REP MS HUSQ MS272/268/61 CAMPANA COMP +PIÑON LOCO -ORG (501831503),0,,0,1,,0,1,81934.205714,140000,135000,130000,t
2364,TR2122,REP MOTOSIERRA HUSQVARNA ORIG - TENSOR CADENA COMPLETO MS288,0,,0,1,,0,1,25873.98,50000,45000,43000,t
2365,TR2123,REP MOTOSIERRA HUSQVARNA ORIG - PALANCA AHOGADOR CHOQUE MS268/272,0,,0,1,,0,1,6555.81,20000,15000,12000,t
2366,TR2124,REP MOTOSIERRA HUSQVARNA ORIG - CUBIERTA ARRANQUE COMPLETA MS365/372,0,,0,1,,0,1,86583.16,160000,150000,145000,t
2367,TR2125,REP MOTOSIERRA HUSQVARNA ORIG - RETENEDOR CIGÜEÑAL GRANDE MS372,0,,0,1,,0,1,10196.76,25000,22000,18000,t
2368,TR2126,REP MOTOSIERRA HUSQVARNA ORIG - RETENEDOR CIGÜEÑAL PEQUEÑO MS372,0,,0,1,,0,1,9622.98,23000,20000,17000,t
2369,TR2127,LIMA MOTOS. HUSQVARNA 3/16,0,,0,1,,0,1,4201.679,10000,9000,8000,t
2370,TR2129,PICA COLIMA CON CABO 5LB MADERA,0,,0,1,,0,1,41319.571429,55200,52800,50400,t
2371,TR2130,MULTIMETRO DIGITAL CASERO 10404,0,,0,1,,0,1,83949,150000,145000,140000,t
2372,TR2131,BUJIA PATA CORTA HUSQVARNA,0,,0,1,,0,1,8365.12,14000,13000,12000,t
2373,TR2132,REP MOTOSIERRA HUSQVARNA ORIG - AMORTIGUADOR STD DERECHO MS394/395,0,,0,1,,0,1,19196.06,38000,35000,33000,t
2374,TR2133,REP MOTOSIERRA HUSQVARNA ORIG - BOMBA ACEITE COMPLETA MS365/372/576,0,,0,1,,0,1,52435.97,100000,93000,88000,t
2375,TR2134,REP MOTOSIERRA HUSQVARNA ORIG - AMORTIGUADOR DE ACERO MS120/125,0,,0,1,,0,1,6220.34,18000,15000,12000,t
2376,TR2135,REP MIXTO HUSQVARNA ORIG - BALINERA PISTON 445/MS345 GUADAÑA-MOTOSIERRA,0,,0,1,,0,1,14310.39,30000,28000,25000,t
2377,TR2136,REP GUADAÑA HUSQVARNA ORIG - GUAYA ACELERACION 445,0,,0,1,,0,1,9613.79,25000,22000,18000,t
2378,TR2137,REP MS HUSQ MS61/268/272 GATILLO ACELERACION -ORG (501518002),0,,0,1,,0,1,10179.305556,25000,22000,18000,t
2379,TR2138,CORREA B 135,0,,0,1,,0,1,32704.06,52000,50000,49000,t
2380,TR2140,"TUBO GALVANIZADO T.L 3"" 2MM 24,88KL",0,,0,1,,0,1,142016.81,280000,270000,260000,t
2381,TR2142,"LAMINA HR 3/16"" 4MM 90,43KL",0,,0,1,,0,1,294118,480000,450000,420000,t
2382,TR2143,"PVC TEE SANI 6""",0,,0,1,,0,1,29131,60000,55000,50000,t
2383,TR2145,"KIT LINEA DE VIDA ENCISO 2 1/2"" CUERDA 16MM X 50MTS CONTRAPESO",0,,0,1,,0,1,570000,1068800,997500,936400,t
2384,TR2146,"PVC UNION SANI 2""",0,,0,1,,0,1,506.699752,2000,1500,1000,t
2385,TR2147,"PVC ADAPTADOR MACHO PSI 4""",0,,0,1,,0,1,9425,22100,18400,16200,t
2386,TR2148,"PVC TAPON PSI ROSCADO 4""",0,,0,1,,0,1,8052,18600,16300,14000,t
2387,TR2149,CUERPO BOMBA ROBUSTA2 7.5HP REF: R-ROB2/CBOMBA7.5HP,0,,0,1,,0,1,189203,400000,350000,310000,t
2388,TR2150,BALDE CONSTRUCCION PLASTICO,0,,0,1,,0,1,3514,7100,6200,5800,t
2389,TR2151,"VARILLA CORRUGADA 1/4""",0,,0,1,,0,1,6554.6,10700,10200,9100,t
2390,TR2152,MALLA ESLABONADA 2 X 20MT C:10 (72KL),0,,0,1,,0,1,516807,780000,750000,720000,t
2391,TR2153,"TUBO GALVANIZADO T.P 1 1/4"" 2.8MM 15,89KL",0,,0,1,,0,1,134454,210000,200000,190000,t
2392,TR2154,"NIPLE GALVANIZADO HG 1"" X 6""",0,,0,1,,0,1,3235.1,8000,7000,6500,t
2393,TR2155,"PVC TAPON SANI PRUEBA 6""",0,,0,1,,0,1,5613.75,15000,12000,10000,t
2394,TR2159,"REDUCCION BUCHI GALVANIZADO 2"" X 1 1/2""",0,,0,1,,0,1,4286.851468,12000,10000,8000,t
2395,TR2160,"EXTRACTOR DE POLEA INGCO 6"" REF: HG0836",0,,0,1,,0,1,91574.75,190000,170000,150000,t
2396,TR2161,"PISTOLA INGCO PARA PINTAR CON TANQUE 1000CC BOQUILLAS 1,2-1,8MM REF: ASG3101",0,,0,1,,0,1,67060,120000,115000,110000,t
2397,TR2162,"TALADRO IMPACTO INGCO 1/2"" 20V REF: UCIDLI20602 (BATERIA + CARGADOR)",0,,0,1,,0,1,456000,800000,780000,750000,t
2398,TR2164,ELECTROBOMBA PERIFERICA PEARL 1HP REF: 10F16S,0,,0,1,,0,1,344565,620000,600000,570000,t
2399,TR2166,FLOTADOR ELECTRICO PEARL 16A 3MTS,0,,0,1,,0,1,37050,70000,65000,60000,t
2400,TR2167,"PUNTILLA PUMA 1"" X CAJA",0,,0,1,,0,1,3668.229178,6500,6000,5500,t
2401,TR2169,"RODILLO PLANO DE 4"" X 2"" DOBLE ALETA",0,,0,1,,0,1,90000,160000,150000,140000,t
2402,TR2170,"RODILLO PLANO DE 4"" X 2""",0,,0,1,,0,1,44069.767442,71700,66600,61500,t
2403,TR2172,"CADENA ESLABONADA GALV GR30 5/16"" X 50M",0,,0,1,,0,1,17471.42,32000,30000,28000,t
2404,TR2173,"MANGUERA RIEGO CAL 60  4""  50MTS",0,,0,1,,0,1,880000,1200000,1150100,1100000,t
2405,TR2175,"NIPLE GALVANIZADO HG 3/4"" X 6""",0,,0,1,,0,1,2266.95,6000,5000,4500,t
2406,TR2176,"NIPLE GALVANIZADO HG 1/2"" X 6""",0,,0,1,,0,1,2800,6000,5000,4500,t
2407,TR2177,"UNION SIMPLE GALVANIZADO 3/4""",0,,0,1,,0,1,1061.65,4000,3000,2000,t
2408,TR2178,"CODO GALVANIZADO 3/4""",0,,0,1,,0,1,1561.45,5000,4000,3000,t
2409,TR2181,"ANGULO 1  X 3/16  9,6KL",0,,0,1,,0,1,43277.225,60000,58000,55000,t
2410,TR2182,"PLATINA 1 X 3/16 (5,6KL)",0,,0,1,,0,1,23529,40000,38000,35000,t
2411,TR2183,TOMA CORRIENTE + INTERRUPTOR VETO COD:PLA90122,0,,0,1,,0,1,6427.6,12000,11500,11000,t
2412,TR2185,"REDUCCION BUCHI GALVANIZADO 3/4"" X 3/8""",0,,0,1,,0,1,1640.892308,5000,4000,3000,t
2413,TR2187,REP GUADAÑA HUSQVARNA ORIG - EMPAQUE CARTER 395,0,,0,1,,0,1,3749.93,10000,8000,7000,t
2414,TR2188,REP GUADAÑA HUSQVARNA ORIG - FILTRO AIRE FELPA MS394/395,0,,0,1,,0,1,25998.71,60000,50000,45000,t
2415,TR2189,REP MOTOSIERRA HUSQVARNA ORIG - BALINERA MS365,0,,0,1,,0,1,12450.52,28000,25000,22000,t
2416,TR2190,REP GUADAÑA HUSQVARNA ORIG - BALINERA CIGÜEÑAL 143,0,,0,1,,0,1,6203.93,18000,15000,12000,t
2417,TR2191,REP GUADAÑA HUSQ 143RII KIT EMPAQUES CARBURADOR -ORG (591162201),0,,0,1,,0,1,30055.88,60000,55000,50000,t
2418,TR2192,REP GUADAÑA HUSQVARNA ORIG - TAPA ARRANQUE COMPLETO 541,0,,0,1,,0,1,41631.29,80000,75000,70000,t
2419,TR2193,REP MOTOSIERRA HUSQVARNA ORIG - KIT EMPAQUES CARBURADOR MS445,0,,0,1,,0,1,13681.46,35000,28000,23000,t
2420,TR2194,REP MOTOSIERRA HUSQVARNA ORIG - AMORTIGUADOR DELANTETO MS353,0,,0,1,,0,1,23217.78,45000,42000,40000,t
2421,TR2195,REP MOTOSIERRA HUSQVARNA ORIG - BOMBA ACEITE MS445,0,,0,1,,0,1,6387.22,20000,15000,12000,t
2422,TR2196,REP MS HUSQ SEGURO TAPA CILINDRO MS445/585/592 -ORG (595303005),0,,0,1,,0,1,21614.555,55000,48000,43000,t
2423,TR2197,REP MOTOSIERRA HUSQVARNA ORIG - AMORTIGUADOR DURO GRANDE MS268,0,,0,1,,0,1,15648.33,35000,32000,28000,t
2424,TR2198,"POLEA HIERRO 6"" X 3 CANAL B",0,,0,1,,0,1,149425,240000,230000,220000,t
2425,TR2199,"LINGOTERA MANO PEQUEÑA (1,2,3)",0,,0,1,,0,1,163025,250000,220000,200000,t
2426,TR2200,CORONAS BARRENA 5 PUNTAS 40 MM,0,,0,1,,0,1,37149,78700,73500,68200,t
2427,TR2201,CORREA A 58,0,,0,1,,0,1,6400,14000,12000,11000,t
2428,TR2202,BATERIA CARRO 1250 AMP,0,,0,1,,0,1,420829.666,653800,633100,622700,t
2429,TR2203,CORREA B 78,0,,0,1,,0,1,18896,31000,29000,28000,t
2430,TR2205,CORREA B 87,0,,0,1,,0,1,21076,34000,32000,31500,t
2431,TR2206,RELES TERMINAL CHIN 9 - 13APM,0,,0,1,,0,1,31332.51,65000,60000,55000,t
2432,TR2207,MALLA ELECTROSOLDAR #3 X 18MTS (NO APTA CONSTRUCCION),0,,0,1,,0,1,146218,230000,220000,210000,t
2433,TR2209,CONECTOR SOLDADOR 3/8 MACHO REF: 10-25,0,,0,1,,0,1,10000,22000,20000,18000,t
2434,TR2210,ENSAMBLE MANGUERA (GRAFADA),0,,0,1,,0,1,5042,28000,25000,23000,t
2435,TR2213,"CANAL U T.P 3"" (37,04KL)",0,,0,1,,0,1,147899,230000,220000,210000,t
2436,TR2215,"TUBO GALVANIZADO T.P 1/2"" 2.3MM 6,62KL",0,,0,1,,0,1,50420,80000,75000,72000,t
2437,TR2216,"UNION SIMPLE GALVANIZADO 1/2""",0,,0,1,,0,1,798.15,3000,2000,1500,t
2438,TR2217,"CODO GALVANIZADO 1/2""",0,,0,1,,0,1,1061.65,3000,2500,2000,t
2439,TR2218,"REDUCCION BUCHI GALVANIZADO 1/2"" X 1/4""",0,,0,1,,0,1,1334.107692,4000,3000,2500,t
2440,TR2219,"REDUCCION BUCHI GALVANIZADO 3/8"" X 1/4""",0,,0,1,,0,1,1213.8,4000,3000,2500,t
2441,TR2220,"NIPLE GALVANIZADO HG 1/2"" X 10""",0,,0,1,,0,1,3047.25,8000,7000,6000,t
2442,TR2221,PETROLIZADORA 750 CC TOTAL,0,,0,1,,0,1,39119,75000,70000,65000,t
2443,TR2223,"NIPLE GALVANIZADO BARRIL EXAGO 1/2""",0,,0,1,,0,1,963.9,3000,2500,2000,t
2444,TR2226,"NIPLE GALVANIZADO HG 1/2"" X 3""",0,,0,1,,0,1,955.4,0,0,0,t
2445,TR2227,"TAPON GALVANIZADO MACHO  1/2""",0,,0,1,,0,1,1500,3000,2500,2000,t
2446,TR2228,"PVC TEE PSI 1""",0,,0,1,,0,1,1061.723404,3800,2800,2400,t
2447,TR2229,ALMADANA 20 LB HERRAGRO,0,,0,1,,0,1,172269,230000,220000,215000,t
2448,TR2232,CORREA A 45,0,,0,1,,0,1,7225,14000,13000,12000,t
2449,TR2233,"POLEA ALUMINIO 3"" X 2 CANAL A",0,,0,1,,0,1,17983,35000,30000,28000,t
2450,TR2234,"PRISIONERO 5/16  X 1"" CON CABEZA",0,,0,1,,0,1,588,1000,800,500,t
2451,TR2236,IMPERMEABLE AZUL 2 PZ T: XL,0,,0,1,,0,1,42607.150227,75100,71800,66200,t
2452,TR2240,"PLACA V7 1,25 X 0,50  MTS",0,,0,1,,0,1,37815.125,110000,100000,90000,t
2453,TR2242,MANGUERA ESTACIONARIA FORTE AMARILLA 8.5 MM,0,,0,1,,0,1,200000,370000,350000,330000,t
2454,TR2243,"LLAVE DE PASO PVC ROSCA 4"" CM",0,,0,1,,0,1,100128.75,170000,165000,160000,t
2455,TR2245,REGULADOR ELEVADOR MAGON 1000E POT,0,,0,1,,0,1,188235,320000,300000,280000,t
2456,TR2246,EQUIPO DE FUNDICION OXICORTE TIPO VICTOR 350,0,,0,1,,0,1,1406218.333333,2199100,2149300,2099100,t
2457,TR2249,"MANGUERA RIEGO CAL 100  1""  X 100MTS TR0486",0,,0,1,,0,1,360000,570000,550000,520000,t
2458,TR2252,ALMADANA 16 LB HERRAGRO,0,,0,1,,0,1,129031.6,205400,199200,193000,t
2459,TR2253,EXHIBIDOR DE MACHETES,0,,0,1,,0,1,16000,40000,35000,30000,t
2460,TR2254,BARRENA SANDVIK CONICA 160 CM,0,,0,1,,0,1,239746.5,371400,357200,342900,t
2461,TR2255,TANQUE AEREO POLINTER 1000 LTS,0,,0,1,,0,1,352941,490000,470000,450000,t
2462,TR2256,"NIPLE GALVANIZADO HG 3/4"" X 3""",0,,0,1,,0,1,955.4,2600,2200,1700,t
2463,TR2257,CORREA B 54,0,,0,1,,0,1,12876.68,22000,21000,20000,t
2464,TR2258,"PVC ACOPLE INSERTO 1/2""",0,,0,1,,0,1,1180,3000,2500,2000,t
2465,TR2259,PVC BUJE PSI 1 X 3/4,0,,0,1,,0,1,352,800,700,600,t
2466,TR2260,"PVC ACOPLE INSERTO 3/4""",0,,0,1,,0,1,1298,3500,3000,2500,t
2467,TR2261,"PVC SEMICODO SANI 2"" CXC",0,,0,1,,0,1,981.3,3000,2500,2000,t
2468,TR2262,PEGANTE PVC CESOL 1/16 GR,0,,0,1,,0,1,15692,35000,30000,28000,t
2469,TR2264,PEGANTE PVC CESOL 1/32 GR,0,,0,1,,0,1,9229,25000,20000,17000,t
2470,TR2265,BREKE RIEL 2X20A CHINT,0,,0,1,,0,1,19447.198983,43600,38800,33900,t
2471,TR2267,BALINERA 6203 2RS,0,,0,1,,0,1,2413.16,15000,10000,5000,t
2472,TR2268,ZUNCHADORA BANDIT,0,,0,1,,0,1,187811,350000,330000,310000,t
2473,TR2269,"TAPON GALVANIZADO MACHO  1/4""",0,,0,1,,0,1,1665.714286,5000,4000,3000,t
2474,TR2271,"LLAVE DE TUBO LEON 10""",0,,0,1,,0,1,13632,30000,26000,23000,t
2475,TR2272,"LLAVE DE PASO HIDROSFER 3""",0,,0,1,,0,1,270400,460000,450000,440000,t
2476,TR2273,"TUBO GALVANIZADO T.L 1 1/2"" 1,5MM 10,44KL",0,,0,1,,0,1,59664,98600,93700,88800,t
2477,TR2274,LLAVE MIXTA STANLEY 10MM,0,,0,1,,0,1,4755,9400,8500,8000,t
2478,TR2275,LLAVE MIXTA STANLEY 12MM,0,,0,1,,0,1,5787.379953,11500,10400,9900,t
2479,TR2276,"LLAVE MIXTA STANLEY 1/2""",0,,0,1,,0,1,4915.8,10000,9000,8000,t
2480,TR2277,"LLAVE MIXTA STANLEY 3/4""",0,,0,1,,0,1,9330,17000,16000,15000,t
2481,TR2278,"LLAVE MIXTA STANLEY 1""",0,,0,1,,0,1,32679.88,68700,64400,60100,t
2482,tr2279,JUEGO DE LLAVES COMBINADAS STANLEY 9PZS 8-17MM REF: 86-974,0,,0,1,,0,1,75700,150000,130000,120000,t
2483,TR2280,TABLERO TRIF 12P SCHNEIDER (LIBRE),0,,0,1,,0,1,187163,400000,380000,370000,t
2484,TR2282,"LAMINA HR 1/4"" 6MM 135,6KL",0,,0,1,,0,1,464706,750000,720000,700000,t
2485,TR2283,CORREA B 58,0,,0,1,,0,1,14325.304725,23000,22000,21000,t
2486,TR2284,PINZA DIGITAL 600V 204A,0,,0,1,,0,1,310924,550000,520000,500000,t
2487,TR2285,ALMADANA 6 LB AGROTEK,0,,0,1,,0,1,46118.857143,83700,79000,74400,t
2488,TR2286,CORREA B 140,0,,0,1,,0,1,33915,55000,52000,51000,t
2489,TR2287,BARRETON 2LB HERRAGO,0,,0,1,,0,1,29685,50000,47000,44000,t
2490,TR2288,CABLE ALUMINIO 7 HILOS #1/0 AISLADO FORRADO,0,,0,1,,0,1,6639,11000,10000,9500,t
2491,TR229,PEGANTE PVC CESOL 1/64 GR,0,,0,1,,0,1,5909,0,0,0,t
2492,TR2291,FILTRO BALDWIN REF: B262,0,,0,1,,0,1,47572,90000,85000,80000,t
2493,TR2292,"PVC UNION UNIVERSAL 4""",0,,0,1,,0,1,75200,138000,131100,124200,t
2494,TR2293,"NIPLE GALVANIZADO HG 2"" X 8""",0,,0,1,,0,1,11200,23000,20000,18000,t
2495,TR2295,EMPAQUE DIXON,0,,0,1,,0,1,786.502773,2500,2000,1500,t
2496,TR2296,"SOPORTE CHUMACERA 3""",0,,0,1,,0,1,132280.04,250000,230000,220000,t
2497,TR2297,"MANGO SUJECION MED: 3X63""",0,,0,1,,0,1,40331.42,80000,75000,70000,t
2498,TR2298,BALINERA 22217RZKW33CE - KOYO,0,,0,1,,0,1,464807.64,800000,780000,760000,t
2499,TR2299,ALMADANA 14 LB HERRAGRO,0,,0,1,,0,1,96471,165000,160000,155000,t
2500,TR2300,ALMADANA 6 LB HERRAGRO,0,,0,1,,0,1,59112.888889,103700,99000,94300,t
2501,TR2301,ALMADANA 8 LB HERRAGRO,0,,0,1,,0,1,74057,130000,125000,120000,t
2502,TR2302,ALMADANA 10 LB HERRAGRO,0,,0,1,,0,1,83847,145000,140000,135000,t
2503,TR2303,ALMADANA 18 LB HERRAGRO,0,,0,1,,0,1,131923.333333,230000,220000,215000,t
2504,TR2304,"OLLA HONDA 28CM 11,9LTS REF: TRAMONTINA 62625280",0,,0,1,,0,1,411648,720000,690000,670000,t
2505,TR2305,"OLLA EN ACERO INOXIDABLE 20X10,5CM 615114",0,,0,1,,0,1,155356,290000,260000,250000,t
2506,TR2306,LINGOTERA CONO GRANDE,0,,0,1,,0,1,321839,570000,550000,530000,t
2507,TR2307,CONCRAX  x1700 GRADOS X 25KL BULTO MORGAN,0,,0,1,,0,1,121008,450000,420000,400000,t
2508,TR2310,"UNION SIMPLE GALVANIZADO 1 1/2""",0,,0,1,,0,1,3346.45,7000,6000,5500,t
2509,TR2311,"TEE GALVANIZADO 1""",0,,0,1,,0,1,3167.95,7000,6000,5500,t
2510,TR2312,"CODO GALVANIZADO 1""",0,,0,1,,0,1,2329,5000,4500,4000,t
2511,TR2313,CEPILLO ALAMBRE PLASTICO 4*11 CARIBE,0,,0,1,,0,1,5755.333333,17700,14700,11800,t
2512,TR2315,"BRIDA ACERO ROSCA 3"" 150#",0,,0,1,,0,1,50285,100000,90000,85000,t
2513,TR2316,"LLAVE MARIPOSA SIGMA 110 HIERRO - EPDM 3""",0,,0,1,,0,1,125750,250000,230000,210000,t
2514,TR2317,"VALVULA COMPUERTA NAPOLI 210 1""",0,,0,1,,0,1,52656,85000,80000,59700,t
2515,TR2320,BATERIA 18V 3AH REF 818-3,0,,0,1,,0,1,100796.5,200000,180000,170000,t
2516,TR2322,CUÑA MACKEY 1/2,0,,0,1,,0,1,26890,40000,39000,38000,t
2517,TR2323,BALDE PLASTICO 40 LTS,0,,0,1,,0,1,35185,65000,60000,58000,t
2518,TR2324,"BOQUILLA ALUMINIO PUNTA BRONCE 1 1/2""",0,,0,1,,0,1,26070,45000,42000,40000,t
2519,TR2325,"VALVULA O GRANADA ALUMINIO TIP J 3""",0,,0,1,,0,1,63524.687499,90000,87000,85000,t
2520,TR2326,TANQUE AEREO COLEMPAQUES 5000 LTS,0,,0,1,,0,1,2470588,4600000,4549900,4499900,t
2521,TR2327,"PVC TUBO BLANCO 1/2"" X 315 PSI-RD 13,5",0,,0,1,,0,1,1512.925,3500,3000,2500,t
2522,TR2328,REP GUADAÑA HUSQVARNA ORIG - RESORTE ZAPATA  143,0,,0,1,,0,1,10084,25000,20000,18000,t
2523,TR2329,TEJA ARQUITECTONICA ACESCO CAL: 30 (AZUL) 6X1 1/2,0,,0,1,,0,1,139495.8,195000,192000,190000,t
2524,TR2330,"PVC CODO PSI 3""",0,,0,1,,0,1,10212,21600,19300,17700,t
2525,TR2331,"PVC TEE PSI 3""",0,,0,1,,0,1,18063,32100,30800,29500,t
2526,TR2332,BOTAS CAUCHO VENUS #38,0,,0,1,,0,1,31547,58000,55000,52000,t
2527,TR2333,BALINERA NSK 6312,0,,0,1,,0,1,268477.75,470000,450000,430000,t
2528,TR2334,"CHUMACERA 215-48 3""",0,,0,1,,0,1,58392.28,104800,101500,98300,t
2529,TR2335,"MANGUERA TRANSPARENTE 3/4"" CAL 40 X MTS",0,,0,1,,0,1,2521.1,5000,4500,4000,t
2530,TR2336,GUANTE REFORSADO TIPO INGENIERO PVC,0,,0,1,,0,1,6806.484613,11000,10500,10000,t
2531,TR2338,BREKE ATORNILLABLE 2X20A LEGRAND,0,,0,1,,0,1,84967,130000,125000,120000,t
2532,TR2339,BOTAS CAUCHO VENUS #39,0,,0,1,,0,1,35757.4,65000,60000,58000,t
2533,TR2342,"MANDRIL 1/2 1,5-13MM",0,,0,1,,0,1,42017,80000,75000,70000,t
2534,TR2343,"POLEA HIERRO 30"" X 2 CANAL B EJE 3""",0,,0,1,,0,1,1210000,1821400,1774700,1727800,t
2535,TR2344,BREKE RIEL 3X63A CHINT,0,,0,1,,0,1,27818.24,54100,49200,44300,t
2536,TR2345,BREKE RIEL 2X32A CHINT,0,,0,1,,0,1,19676.48,43600,38800,33900,t
2537,TR2346,ARRANCADOR 7-10 CHINT,0,,0,1,,0,1,102389.81,153300,149900,146600,t
2538,TR2347,ABRAZADERA INDUSTRIAL REF:515,0,,0,1,,0,1,6706.8,10300,9900,9400,t
2539,TR2348,PRISIONERO 7/16 X 11/4 SIN CABEZA,0,,0,1,,0,1,972,2500,2300,2000,t
2540,TR2352,ARNES TIPO STIHL REFORZADO,0,,0,1,,0,1,23613.4,45000,40000,38000,t
2541,TR2354,AMARRE PLASTICO BL/NG 2.5 X 100MM X 100,0,,0,1,,0,1,8.17,100,100,100,t
2542,TR2355,AMARRE PLASTICO BLANCO 3.6 X 200MM X 100,0,,0,1,,0,1,85.67,250,200,200,t
2543,TR2356,AMARRE PLASTICO BLANCO 4.8 X 300MM X 100,0,,0,1,,0,1,76,250,200,200,t
2544,TR2357,AMARRE PLASTICO BLANCO 9 X 500MM X 100,0,,0,1,,0,1,775.854,1600,1500,1400,t
2545,TR2358,AMARRE PLASTICO BLANCO 9 X 600MM X 100,0,,0,1,,0,1,664.68,1300,1200,1100,t
2546,TR2359,BISTURI INDUSTRIAL INGCO,0,,0,1,,0,1,3361.34,7000,6000,5500,t
2547,TR2360,DISCO LIJA 4- 1/12 G80,0,,0,1,,0,1,1580,3500,3000,2500,t
2548,TR2362,"POLEA HIERRO 4"" X 2 CANAL B EJE 28MM",0,,0,1,,0,1,61000,99800,94300,88700,t
2549,TR2363,"POLEA HIERRO 4"" X 2 CANAL B EJE 38MM",0,,0,1,,0,1,76471,100000,95000,90000,t
2550,TR2364,BALINERA 6005 2RS,0,,0,1,,0,1,4320.64,20000,15000,10000,t
2551,TR2365,"POLEA HIERRO 9"" X 2 CANAL B EJE 38MM",0,,0,1,,0,1,125000,200000,190000,180000,t
2552,TR2366,"POLEA HIERRO 9"" X 2 CANAL B EJE 42MM",0,,0,1,,0,1,150000,230000,220000,215000,t
2553,TR2367,"POLEA HIERRO 10"" X 2 CANAL B EJE 42MM",0,,0,1,,0,1,175000,270000,260000,250000,t
2554,TR2368,DECAMETRO FORTE X 30MTS,0,,0,1,,0,1,24347.33,52300,46500,40700,t
2555,TR2369,CINTA TRANSPARENTE BASIC 48MMX200M,0,,0,1,,0,1,14308.456514,28000,25000,23000,t
2556,TR2370,CINTA ENMASCARAR TESA VERDE 50M X 25MM,0,,0,1,,0,1,9196.862839,19400,17500,15500,t
2557,TR2371,CINTA ENMASCARAR TESA BLANCA 40M X 24MM,0,,0,1,,0,1,4770.258254,10600,8500,7500,t
2558,TR2372,ABRAZADERA INDUSTRIAL REF:518,0,,0,1,,0,1,8151,14000,13000,12000,t
2559,TR2373,"BROCA HIERRO 5/32""",0,,0,1,,0,1,2673.367857,7000,6300,5600,t
2560,TR2374,"UNION ALUMINIO 4""",0,,0,1,,0,1,29412,48000,45000,42000,t
2561,TR2375,"BROCA HIERRO 7/32""",0,,0,1,,0,1,4481.283789,11100,9700,8300,t
2562,TR2376,"MANGUERA FRANCA 4"" C-60 X 50MTS",0,,0,1,,0,1,872000,8000,7500,7000,t
2563,TR2377,"BROCA HIERRO 9/32""",0,,0,1,,0,1,7495.361894,15300,13900,13200,t
2564,TR2378,"BROCA HIERRO 5/16""",0,,0,1,,0,1,7158.9,14000,13000,12000,t
2565,TR2379,"BROCA HIERRO 3/8""",0,,0,1,,0,1,11022.834421,20000,18000,17000,t
2566,TR2380,"BROCA HIERRO  7/16""",0,,0,1,,0,1,15637.96265,30000,28000,26000,t
2567,TR2381,"BROCA HIERRO 1/2""",0,,0,1,,0,1,26827.950347,50000,48000,45000,t
2568,TR2382,JUEGO DESTORNILLADOR STANLEY  X 10 PIEZAS REF: 60-100S,0,,0,1,,0,1,46224.7,93800,85300,76800,t
2569,TR2383,CONECTOR SOLDADOR 1/2 HEMBRA REF: G2-211,0,,0,1,,0,1,11338.1625,25000,22000,19000,t
2570,TR2384,CONECTOR SOLDADOR 1/2 MACHO REF: G2-214,0,,0,1,,0,1,11428.719958,25000,22000,19000,t
2571,TR2385,PULIDORA BLACK DECKER + CAJA PLASTICO REF: G720,0,,0,1,,0,1,130826.308333,250000,230000,220000,t
2572,TR2386,LLAVE MIXTA SATA 8MM REF: ST40203SC,0,,0,1,,0,1,6370.96,12000,11000,10500,t
2573,TR2387,LLAVE MIXTA SATA 10MM REF: ST40205SC,0,,0,1,,0,1,7048.02,14000,13000,12000,t
2574,TR2388,LLAVE MIXTA SATA 12MM REF: ST40207SC,0,,0,1,,0,1,8482.65,16000,15000,14000,t
2575,TR2389,LLAVE MIXTA SATA 13MM REF: ST40208SC,0,,0,1,,0,1,8112.785,14200,13300,12900,t
2576,TR2390,LLAVE MIXTA SATA 14MM REF: ST40209SC,0,,0,1,,0,1,8631.412941,15500,14700,13800,t
2577,TR2391,LLAVE MIXTA SATA 17MM REF: ST40212SC,0,,0,1,,0,1,11230.56,20700,19800,18900,t
2578,TR2392,LLAVE MIXTA SATA 22MM REF: ST40217SC,0,,0,1,,0,1,23415.8,45000,42000,39000,t
2579,TR2393,"ALICATE SATA PUNTA LARGA 8""  REF: ST70102AST",0,,0,1,,0,1,24035.76,48700,43800,40900,t
2580,TR2394,CRISOL SALAMANDER AGF No 20,0,,0,1,,0,1,487395,850000,820100,800000,t
2581,TR2395,PETO CARNAZA IMUNDIAL 60 X 1.20,0,,0,1,,0,1,62710.5,45000,40000,38000,t
2582,TR2396,MANGAS CARNAZA INSUMETA REFORZADA,0,,0,1,,0,1,104202,200000,180000,170000,t
2583,TR2398,LLAVE TERMINAL CROMADA CON RACOR PALANCA ROJA,0,,0,1,,0,1,8067.25,17000,15000,14000,t
2584,TR2399,LLAVE TERMINAL CROMADA LIVIANA MARIPOSA AZUL,0,,0,1,,0,1,4705.9,12000,10000,8000,t
2585,TR2400,TEE CODELCA C-08,0,,0,1,,0,1,1033,2200,1900,1700,t
2586,TR2401,ACOPLE RAPIDO PISTOLA,0,,0,1,,0,1,6210,15000,13000,12000,t
2587,TR2402,JUEGO LLAVES BRISTOL QTOOLS X 9 PIEZAS LARGA,0,,0,1,,0,1,5882.3,15000,12000,10000,t
2588,TR2403,TUERCA DE SEGURIDAD RO 3/8,0,,0,1,,0,1,66.633663,200,100,100,t
2589,TR2404,CONVERTIDOR DE 3 A 2 CODELCA,0,,0,1,,0,1,3269,7000,6000,5500,t
2590,TR2405,LLAVE TERMINAL PLASTICA,0,,0,1,,0,1,2497.115385,5200,4600,4100,t
2591,TR2406,CINTA TRANSPARENTE CELLUX 2X40MTS,0,,0,1,,0,1,2227,6000,5000,4000,t
2592,TR2407,TUBO MUEBLE CUADRADO 11/2X11/2 C:16,0,,0,1,,0,1,63025.21,100000,95000,90000,t
2593,TR2408,"POLEA HIERRO 5"" X 2 CANAL B EJE 25MM",0,,0,1,,0,1,77000,121000,115500,110000,t
2594,TR2409,"POLEA HIERRO 6"" X 2 CANAL B EJE 25MM",0,,0,1,,0,1,102521,145700,139900,134100,t
2595,TR2410,"POLEA HIERRO 4"" X 2 CANAL B EJE 2""",0,,0,1,,0,1,75000,120000,115000,110000,t
2596,TR2411,"POLEA HIERRO 5"" X 2 CANAL B EJE 2""",0,,0,1,,0,1,95000,150000,145000,140000,t
2597,TR2412,"POLEA HIERRO 6"" X 2 CANAL B EJE 2""",0,,0,1,,0,1,115000,175000,170000,165000,t
2598,TR2413,"POLEA HIERRO 7"" X 2 CANAL B EJE 2""",0,,0,1,,0,1,135000,210000,200000,195000,t
2599,TR2414,"POLEA HIERRO 9"" X 6 CANAL C EJE 2 1/2",0,,0,1,,0,1,550000,810000,800000,790000,t
2600,TR2415,BOMBILLO PILOTOS 22MM ROJO-VERDE,0,,0,1,,0,1,4034,10000,8000,7000,t
2601,TR2416,"POLEA HIERRO 5"" X 3 CANAL B EJE 2""",0,,0,1,,0,1,140000,250000,220000,200000,t
2602,TR2417,LLAVE TERMINAL 1/2 CROMADA ATLANTIS T.P,0,,0,1,,0,1,7902,0,0,0,t
2603,TR2418,CHEQUE AIRE 1 1/2  X 1 1/4  HELMAN LARGO RET DESFOG REF: CH566,0,,0,1,,0,1,237850,360000,350000,340000,t
2604,TR2419,BOMBA PARA INFLAR NEUMATICO  TRUPER REF:14863,0,,0,1,,0,1,23412.5,50000,45000,42000,t
2605,TR2420,"EXTRACTOR POLEA 3 BRAZOS TRUPER 6"" REF: 14506",0,,0,1,,0,1,98379,180000,170000,160000,t
2606,TR2421,"EXTRACTOR POLEA 3 BRAZOS TRUPER 8"" REF: 14509",0,,0,1,,0,1,197875,350000,330000,320000,t
2607,TR2422,"COPA MAGNETICA 1/4 X 5/16""",0,,0,1,,0,1,2166.233584,5900,4900,3900,t
2608,TR2423,"DISCO ZOQUEADOR 10"" x 80DTES BARRACUDA",0,,0,1,,0,1,19182,45000,40000,35000,t
2609,TR2424,"NIPLE GALVANIZADO HG 3/4"" X 10""",0,,0,1,,0,1,3659.25,10000,8000,7000,t
2610,TR2425,"LAMINA HR 3/16"" 4,5MM 101,7KL",0,,0,1,,0,1,336975,520000,500000,490000,t
2611,TR2427,SILICONA LOCTITE X 70 ML ROJA,0,,0,1,,0,1,7431.843077,15500,13400,12400,t
2612,TR2429,FLEXOMETRO STANLEY X 8 MTS,0,,0,1,,0,1,1,0,0,0,t
2613,TR2430,"LLAVE EXPANSIVA 18"" UYUSTOOLS",0,,0,1,,0,1,86244.54,170000,150000,140000,t
2614,TR2431,LLAVE COPA EN TEE #12 UYUSTOOLS,0,,0,1,,0,1,3949.58,10000,8000,7000,t
2615,TR2432,"SELLO MECANICO 1 3/8""",0,,0,1,,0,1,26100,50000,45000,43000,t
2616,TR2433,DIFERENCIAL ELEC./GUAYA /WINCHER 500-1000K * 20 MTS 220V REF: DI-091,0,,0,1,,0,1,1210084,1850000,1799900,1750000,t
2617,TR2434,BOTAS CAUCHO VENUS #43,0,,0,1,,0,1,42857,65000,60000,58000,t
2618,TR2435,BOTAS CAUCHO VENUS #40,0,,0,1,,0,1,35757,56800,52400,50600,t
2619,TR2436,BOTAS CAUCHO VENUS #41,0,,0,1,,0,1,35757,56800,52400,50600,t
2620,TR2437,BOTAS CUERO CAFE LISA KONDOR #40,0,,0,1,,0,1,152101,290000,285000,280000,t
2621,TR2441,"NIPLE GALVANIZADO HG 3/8"" X 4""",0,,0,1,,0,1,1215.5,3100,2500,2000,t
2622,TR2442,"CODO GALVANIZADO 3/8""",0,,0,1,,0,1,1600,4000,3500,3000,t
2623,TR2443,CARETA REF: 7800 FESI,0,,0,1,,0,1,280000,450000,420000,400000,t
2624,TR2444,CARETA ROCKET VISOR OSCURO,0,,0,1,,0,1,133613,220000,200000,190000,t
2625,TR2445,EXTENCION ELECTRICA MERCURY NARANJA 10 MTS,0,,0,1,,0,1,13000,30900,25800,22700,t
2626,TR2446,REFLECTOR SOLAR LED 60W CON SENSOR MERCURY,0,,0,1,,0,1,72000,130000,125000,120000,t
2627,TR2447,BRAZO 40CM PARA LUMINARIA ALUMBRADO PUBLICO MERCURY,0,,0,1,,0,1,9600,25000,20000,18000,t
2628,TR2448,LLAVE MIXTA SATA 15MM REF: ST40210SC,0,,0,1,,0,1,10583.17,19400,17600,16700,t
2629,TR2449,LLAVE MIXTA SATA 19MM REF: ST40214SC,0,,0,1,,0,1,15925,28000,27000,26000,t
2630,TR2450,JUEGO DESTORNILLADOR SATA X 10 PIEZAS REF: ST09351,0,,0,1,,0,1,75002.822857,135000,126000,121500,t
2631,TR2452,DESTORNILLADOR DOBLE USO DUKE,0,,0,1,,0,1,4495.8,10000,8000,7500,t
2632,TR2453,GANCHO EXHIBICION X DOCENA -GASTO,0,,0,1,,0,1,445.38,1200,1000,800,t
2633,TR2454,PEGANTE PVC CESOL 1/128 GR,0,,0,1,,0,1,2593,6000,5000,4500,t
2634,TR2455,"VIGA IPE 160MM 94,8KL",0,,0,1,,0,1,432773,651100,631600,612200,t
2635,TR2458,VALVULINA LUBEMAX SAE 140 X 1/4,0,,0,1,,0,1,5010.89875,10000,9000,8000,t
2636,TR2459,VALVULINA LUBEMAX SAE 250 X GL CHUPO,0,,0,1,,0,1,5010.89875,10000,9000,8000,t
2637,TR2460,ELECTRO SIERRA STIHL MSE 210,0,,0,1,,0,1,1587395,2350000,2300100,2250000,t
2638,TR2461,CORDON LICRADO BOLAS,0,,0,1,,0,1,7605.12558,18000,15000,13000,t
2639,TR2466,"TUBO GALVANIZADO T.P 3"" 3.38MM 45.KL",0,,0,1,,0,1,403361,620000,600000,580000,t
2640,TR2467,CINTA AISLANTE ACCEL AMARRILLA  X 10 MTS,0,,0,1,,0,1,1480.5,5000,4000,3000,t
2641,TR2468,CINTA AISLANTE ACCEL ROJA  X 10 MTS,0,,0,1,,0,1,1526.831169,5000,4000,3000,t
2642,TR2469,CINTA AISLANTE ACCEL BLANCA  X 10 MTS,0,,0,1,,0,1,1488.666667,5000,4000,3000,t
2643,TR2470,"VIGA HEA 160MM 182,4KL",0,,0,1,,0,1,840336,1300000,1250000,1200000,t
2644,TR2471,"PVC TUBO BLANCO 1 1/2"" X 200 PSI-RD 21",0,,0,1,,0,1,5783,11000,10000,9500,t
2645,TR2472,PVC BUJE PSI 2 X 1,0,,0,1,,0,1,1387,4000,3200,2400,t
2646,TR2473,DIFERENCIAL CADENA 2TON X 3MTS,0,,0,1,,0,1,242700,480000,460000,450000,t
2647,TR2474,CAJA ELECTRICA 18 CTO TRIFASICA,0,,0,1,,0,1,205491,350000,320000,300000,t
2648,TR2478,ALMADANA 2 LB HERRAGRO,0,,0,1,,0,1,26275,42700,39900,38000,t
2649,TR2479,BOMBA PARA ACEITE 10067 TRUPER,0,,0,1,,0,1,88212,160000,150000,145000,t
2650,TR2480,CINTA AISLANTE CELLUC COLORES  X 5 MTS,0,,0,1,,0,1,1062,4000,3000,2000,t
2651,TR2481,CARTUCHO VAPOR REF: 7003 FESI,0,,0,1,,0,1,32000,65000,60000,55000,t
2652,TR2482,CARTUCHO REF: 7030C FESI,0,,0,1,,0,1,32918.000175,67800,62900,58100,t
2653,TR2483,ADAPTADOR CARETA 602 FESI,0,,0,1,,0,1,9500,30000,25000,20000,t
2654,TR2484,"PLATINA 1 1/2 X 3/6 (8,5KL)",0,,0,1,,0,1,37815,60000,58000,55000,t
2655,TR2485,"PLATINA 1 1/2 X 1/4 (10,7KL)",0,,0,1,,0,1,52101,85000,80000,75000,t
2656,TR2486,"TEE ALUMINIO 2""",0,,0,1,,0,1,22569.545455,55000,50000,48000,t
2657,TR2488,"LLAVE DE TUBO LEON 24""",0,,0,1,,0,1,52850,100000,95000,90000,t
2658,TR2489,"CIZALLA LEON 30""",0,,0,1,,0,1,61800,110000,105000,100000,t
2659,TR2490,"CIZALLA LEON 36""",0,,0,1,,0,1,79018.5,150000,140000,130000,t
2660,TR2491,PRENSA BANCO #5 IMFL,0,,0,1,,0,1,245238.666667,340700,328900,317200,t
2661,TR2493,BALINERA 6306 2RS,0,,0,1,,0,1,7187.88,23000,18000,13000,t
2662,TR2494,"ANGULO 2  X 3/16  21,7KL",0,,0,1,,0,1,88992,125000,120000,115000,t
2663,TR2501,TERMINAL ESTAÑADO 1/0 AWG 3/8,0,,0,1,,0,1,3560.2,8400,7400,6300,t
2664,TR2502,CRC 5-56 LUBRICANTE MULTIUSOS 180ML,0,,0,1,,0,1,10324,23000,20000,18000,t
2665,TR2503,CONTACTOR CHINT 32-10 AMP 440V ISC,0,,0,1,,0,1,41600,78400,72100,69000,t
2666,TR2504,CONTACTOR CHINT 25-10 AMP 440V ISC,0,,0,1,,0,1,37446.42,220000,200000,190000,t
2667,TR2505,CABEZA TEMPORIZADA 0.1-30S AL TRABAJO NOARK,0,,0,1,,0,1,73109,125000,118000,110000,t
2668,TR2506,SIKAFLEX 221 NEGRO X 300ML,0,,0,1,,0,1,52941.18,55000,53000,50000,t
2669,TR2507,"LLAVE DE PASO PVC LISA 4""",0,,0,1,,0,1,96250,157500,153600,150000,t
2670,TR2508,COFRE METALICO REBRA 50X30X20,0,,0,1,,0,1,198319,316600,305400,295000,t
2671,TR2509,PULSADOR CHINT START-STOP ROJO+VERDE 1NA-1NC,0,,0,1,,0,1,12781.044,20100,19600,18900,t
2672,TR2510,CANALETA DEXON RANURADA 25X25,0,,0,1,,0,1,26562,49700,45000,42000,t
2673,TR2511,CABLE VEHICULO CENTELSA #18,0,,0,1,,0,1,756,1500,1300,1200,t
2674,TR2512,CABLE VEHICULO CENTELSA #8,0,,0,1,,0,1,6884.538462,13000,12000,11000,t
2675,TR2513,LIMA MOTOS. BELLOTA  5/32,0,,0,1,,0,1,3059.122632,6200,5700,5200,t
2676,TR2514,BLOQUE AUXILIAR CHINT SENCILLO FA-11,0,,0,1,,0,1,8536,14900,14000,13300,t
2677,TR2515,"TUBO CERRAMIENTO NEGRO 3"" (2MM) (0,80) 24,49KL",0,,0,1,,0,1,111765,192900,185000,175000,t
2678,TR2516,ACERO 1045 REDONDO 1 1/2,0,,0,1,,0,1,820.32,1700,1500,1300,t
2679,TR2517,"PVC UNION UNIVERSAL 1/2""",0,,0,1,,0,1,1333,3000,2500,2300,t
2680,TR2518,TEJA ZINC ACESCO CL 30 X 2.44 MTS NC,0,,0,1,,0,1,27731,45000,43000,41500,t
2681,TR2521,"TEE POLIETILENO 1/2""",0,,0,1,,0,1,867,2000,1600,1200,t
2682,TR2522,ANGULO 3 X 3/16  54.36KL,0,,0,1,,0,1,205882.35,330000,325000,317000,t
2683,TR2524,CRISOL CORONA AGF No 40,0,,0,1,,0,1,803361,1349900,1314900,1290000,t
2684,TR2525,BROCA TALADRO DIAGER 1 1/4 X 32 69CM,0,,0,1,,0,1,390401.415385,634100,618300,602500,t
2685,TR2526,BOTAS CAUCHO VENUS #42,0,,0,1,,0,1,35757.4,71200,68000,65900,t
2686,TR2527,"LAMINA HR 1/8"" 3MM 67,8KL",0,,0,1,,0,1,229412,365000,360000,354000,t
2687,TR2528,CRISOL SALAMANDER AGF No 40,0,,0,1,,0,1,800000,1280000,1249900,1232000,t
2688,TR2531,BATERIA CARRO 1500 AMP,0,,0,1,,0,1,678824.001892,1055000,1050000,1045000,t
2689,TR2532,DIFERENCIAL TRINQUETE 3T X 3MTS,0,,0,1,,0,1,340000,790000,780000,770000,t
2690,TR2533,"PVC ADAPTADOR HEMBRA PSI 4""",0,,0,1,,0,1,26050.4,195000,190000,188000,t
2691,TR2534,EMPALME UNION TUBUL #1/0,0,,0,1,,0,1,3782,7500,7000,6000,t
2692,TR2535,PERCHA 3 PUESTOS SEMI PESADA,0,,0,1,,0,1,15126,28000,25000,23500,t
2693,TR2536,AISLADOR DE PERCHA PORCELANA,0,,0,1,,0,1,4202,8000,8000,6500,t
2694,TR2537,CAJA ELECTRICA 8 CTO BIFASICA,0,,0,1,,0,1,239285,375000,372000,369000,t
2695,TR2538,CONMUTADOR VOLTIO 75 AMP 1-0-2,0,,0,1,,0,1,101420,165000,160000,156000,t
2696,TR2539,TERMINAL ESTAÑADO 8 AWG 3/16,0,,0,1,,0,1,953.85,2500,2000,1700,t
2697,TR2541,EMPELE BOMBA BARNES REF:24759,0,,0,1,,0,1,66500,110000,105000,102500,t
2698,TR2542,VOLUTA REF: 18095,0,,0,1,,0,1,82600,135000,135000,127500,t
2699,TR2543,"POLEA HIERRO 20"" X 2 CANAL B EJE 2""",0,,0,1,,0,1,435294,540000,530000,523500,t
2700,TR2545,"HOMBRESOLO CADENA VISEGRIP 9"" RECTO REF: 27ZR",0,,0,1,,0,1,74100,120000,118000,115000,t
2701,TR2546,CANDADO YALE ALEMAN 870,0,,0,1,,0,1,88444.305555,101400,97900,93700,t
2702,TR2549,VOLUTA REF: 19069,0,,0,1,,0,1,116200,200000,190000,179000,t
2703,TR2550,VOLUTA REF: 18883,0,,0,1,,0,1,166387,250000,235000,225000,t
2704,TR2554,BALINERA ETK 22909 CMW 33C3,0,,0,1,,0,1,83357,135000,132000,128500,t
2705,TR2555,LLANTA MACIZA ROLLER 4*1*11/4,0,,0,1,,0,1,22215,40000,37000,34000,t
2706,TR2556,"POLEA HIERRO 5"" X 2 CANAL B EJE 28MM",0,,0,1,,0,1,81513,139700,133900,125800,t
2707,TR2558,FILTRO FLEETGUARD DE COMBUSTIBLE REF: FS1251,0,,0,1,,0,1,75630,125000,120000,116500,t
2708,TR2559,FILTRO FLEETGUARD DE ACEITE REF: LF3349,0,,0,1,,0,1,33613,60000,57000,52000,t
2709,TR2560,"TUBO CUAD. CR 1 1/2"" C-18",0,,0,1,,0,1,30672,60000,58000,54500,t
2710,TR2572,"UNION ALUMINIO 1""",0,,0,1,,0,1,5115.328729,7900,7300,6600,t
2711,TR2573,"UNION ALUMINIO REDUCCION 3"" X 2""",0,,0,1,,0,1,16368,24000,23000,21500,t
2712,TR2591,CORREA B 93,0,,0,1,,0,1,22529,45000,40000,35000,t
2713,TR2592,"PVC TAPON PSI ROSCADO 1""",0,,0,1,,0,1,580.25,1400,1200,1100,t
2714,TR2593,"POLEA HIERRO 8"" X 2 CANAL B EJE 42MM",0,,0,1,,0,1,125000,200000,196000,192500,t
2715,TR2594,"POLEA HIERRO 4"" X 3 CANAL B EJE 34MM",0,,0,1,,0,1,73700,120000,117000,113500,t
2716,TR2595,"POLEA HIERRO 6"" X 2 CANAL B EJE 42MM",0,,0,1,,0,1,109244,180000,170000,165700,t
2717,TR2603,"CODO GALVANIZADO 4""",0,,0,1,,0,1,35065.9,60800,57100,53900,t
2718,TR2605,"BROCA BERBIQUI IRWIN 1/2""",0,,0,1,,0,1,10945,22000,20000,17000,t
2719,TR2606,"LLAVE DE PASO HIDROSFER 1/4""",0,,0,1,,0,1,9050,18000,16000,14000,t
2720,TR2607,COMPRESOR ACOPLE MACHO 1/4 X 1/4 NPT,0,,0,1,,0,1,2353,4500,4000,3700,t
2721,TR2608,"DISCO DIAMANTADO CONTINUO 4 1/2"" MULTI",0,,0,1,,0,1,17101,30000,28000,26500,t
2722,TR2610,"ALICATE SATA UNIVERSAL 8"" AISLADO  REF: ST700022L",0,,0,1,,0,1,30387.08,55000,50000,47000,t
2723,TR2611,CRISOL CORONA AGF No 30,0,,0,1,,0,1,558823.5,950000,870000,860000,t
2724,TR2612,MANGUERA SUCCION 1 X 6 MTS,0,,0,1,,0,1,100800,190000,180000,173000,t
2725,TR2613,"TUBO CERRAMIENTO NEGRO 2""  (1.9MM)",0,,0,1,,0,1,71429,150000,135000,126000,t
2726,TR2614,"TIJERA CORNETA SASTRE 8"" REF:70557408",0,,0,1,,0,1,38431,75000,70000,60000,t
2727,TR2615,AEROSOL MASSO NEGRO ALTA TEMP,0,,0,1,,0,1,11990,22000,20000,18500,t
2728,TR2616,"TUBO GALVANIZADO T.P 3"" 3.2MM 40.KL",0,,0,1,,0,1,306723,490000,470000,453000,t
2729,TR2617,PISTOLA PARA PINTAR SURTEK REF: PPG3,0,,0,1,,0,1,67379,115000,110000,104000,t
2730,TR2618,RELES TERMICO CHINT 12-18AMP,0,,0,1,,0,1,30620.4075,51200,48000,46700,t
2731,TR2619,PULSADOR CHINT DOBLE LED 22MM,0,,0,1,,0,1,12605,23000,21000,19500,t
2732,TR2620,CANALETA DEXON RANURADA 40X40,0,,0,1,,0,1,28571,50000,47000,44000,t
2733,TR2622,"UNION SIMPLE GALVANIZADO 3""",0,,0,1,,0,1,19954.710714,30000,28000,25000,t
2734,TR2623,TERMINAL ESTAÑADO 2/0 AWG 3/8,0,,0,1,,0,1,4271.03,8400,7400,6800,t
2735,TR2624,CONECTOR PERFORACION GD,0,,0,1,,0,1,24147.6,45000,40000,37500,t
2736,TR2625,"DESTORNILLADOR PALA 1/4 X 6""  SATA REF: ST65109",0,,0,1,,0,1,8422.5,13900,13000,12600,t
2737,TR2626,"DESTORNILLADOR PALA 1/4 X 4"" SATA REF:ST65109",0,,0,1,,0,1,7299.728,13000,12100,10900,t
2738,TR2627,"DESTORNILLADOR ESTRIA 1/4 X 4"" SATA REF:ST65209",0,,0,1,,0,1,7298.46,14200,13300,11400,t
2739,TR2628,"DESTORNILLADOR ESTRIA 1/4 X 6""  SATA REF: ST65210",0,,0,1,,0,1,8035.716923,13800,13000,11700,t
2740,TR2629,CADENA GALV 1/4 X MTS,0,,0,1,,0,1,12333,25000,22000,19000,t
2741,TR2630,VARILLA CORRUGADA 12MM,0,,0,1,,0,1,20588.24,35000,32000,30000,t
2742,TR2631,"MARCO SEGUETA MINI  10"" METALICO COVO",0,,0,1,,0,1,10504.2,22000,19000,16000,t
2743,TR2632,JUEGO COPAS SIERRA BIMETALICA X 9 PZS UYUSTOOLS,0,,0,1,,0,1,76470.59,130000,125000,118000,t
2744,TR2633,CINCEL SDS MAX PUNTERO * 400MM MAKITA,0,,0,1,,0,1,27352.94,53000,48000,42000,t
2745,TR2634,CINCEL SDS MAX PALA * 400MM MAKITA,0,,0,1,,0,1,27352.94,53000,48000,42000,t
2746,TR2635,MANDRIL 5/8 P/TALADRO CONO J33 HOPEX,0,,0,1,,0,1,46974.79,78000,75000,72500,t
2747,TR2636,"MANDRIL 5/8"" (3-16MM) JT3 MG DEMAX",0,,0,1,,0,1,52058.82,90000,85000,80000,t
2748,TR2638,CORREA B 101,0,,0,1,,0,1,24466.97,50000,45000,38000,t
2749,TR2640,BARBUQUEJOS PARA CASCO 4 PUNTOS,0,,0,1,,0,1,5466.848,15000,12000,9000,t
2750,TR2641,"POLEA HIERRO 12"" X 2 CANAL B EJE 2""",0,,0,1,,0,1,192500,340000,325000,300000,t
2751,TR2643,PEGANTE PVC CESOL 1/8 GR,0,,0,1,,0,1,26050.2,48000,45000,40000,t
2752,TR2644,SILICONA 280ML TRANSPARENTE,0,,0,1,,0,1,5210.08,12000,10000,8000,t
2753,TR2645,CORREA B 180,0,,0,1,,0,1,43605,75000,70000,67000,t
2754,TR2646,"TAPON COPA GALVANIZADO 2""",0,,0,1,,0,1,5150,12000,10000,8500,t
2755,TR2647,EMPELE BOMBA 3X3 10HP ALTA 9MM,0,,0,1,,0,1,124369.5,170000,150000,139000,t
2756,TR2650,FILTRO BALDWIN REF: BD103,0,,0,1,,0,1,131092.5,215000,210000,198000,t
2757,TR2651,FILTRO BALDWIN REF: BF1259,0,,0,1,,0,1,59663.75,110000,100000,96000,t
2758,TR2653,"PULIDORA DEWALT 4 1/2"" REF: DWE750-B3 INDUSTRIAL",0,,0,1,,0,1,227014,370000,360000,352000,t
2759,TR2655,"BROCHA GAVILAN 2""",0,,0,1,,0,1,2986.4,6000,5000,4500,t
2760,TR2656,PISTOLA PARA PINTAR GRAVEDAD/AEROGRAGFO CORNETA,0,,0,1,,0,1,53604.4,95000,87000,82000,t
2761,TR2657,"BISAGRA COMUN INDUMA 2"" CAL: 20 X UND",0,,0,1,,0,1,670,1500,1300,1200,t
2762,TR2658,"BISAGRA COMUN INDUMA 4"" CAL: 18 X UND",0,,0,1,,0,1,1954.71,4000,3500,3000,t
2763,TR2659,BISAGRA NUDO INDUMA 2X2 CAL: 16 X UND,0,,0,1,,0,1,1451,3000,2500,2300,t
2764,TR2660,BISAGRA NUDO INDUMA 3X3 CAL:16  X UND,0,,0,1,,0,1,2777,5500,4700,4400,t
2765,TR2661,BISAGRA NUDO INDUMA 4X4 CAL: 14 X UND,0,,0,1,,0,1,4040.28,8000,7000,6300,t
2766,TR2662,ENGRASADORA TRUPER REFORZADA - LIGERA 14 OZ REF: 14860,0,,0,1,,0,1,29147.4,65000,55000,45000,t
2767,TR2663,ENGRASADORA TRUPER INDUSTRIAL - LIGERA 14 OZ REF: 14861,0,,0,1,,0,1,33738,65600,56200,52500,t
2768,TR2664,BOTA LISA NOBUCK KONDOR N 41,0,,0,1,,0,1,107563,170000,155000,148000,t
2769,TR2666,LAVADORA SEMIAUT MABE 13 KG -28LB BCO,0,,0,1,,0,1,728197.5,1250000,1199900,1168000,t
2770,TR2668,FLEXOMETRO LUFKIN X 5 MTS PRO,0,,0,1,,0,1,11148.592,20000,18000,17000,t
2771,TR2672,TANQUE AEREO POLINTER 500 LTS,0,,0,1,,0,1,191849,370000,350000,310000,t
2772,TR2674,"POLEA HIERRO 5"" X 2 CANAL B EJE 24MM",0,,0,1,,0,1,69516.75,125000,115000,108000,t
2773,TR2675,"POLEA HIERRO 3"" X 2 CANAL B EJE 38MM",0,,0,1,,0,1,50000,94400,83300,77200,t
2774,TR2676,IMPERMEABLE NEGRO 2 PZ T: M,0,,0,1,,0,1,43154.304017,73500,68200,65100,t
2775,TR2677,IMPERMEABLE NEGRO 2 PZ T: L,0,,0,1,,0,1,44463.246604,77300,71800,68400,t
2776,TR2678,"POLEA HIERRO 3"" X 2 CANAL B EJE 28MM",0,,0,1,,0,1,46000,85400,80000,71200,t
2777,TR2679,"POLEA HIERRO 7"" X 2 CANAL B EJE 2"" CON MANZANA",0,,0,1,,0,1,210000,340000,330000,323000,t
2778,TR2680,CAL HIDRATADA,0,,0,1,,0,1,7479,14000,13000,12500,t
2779,TR2681,GRAMERA DIGITAL AWS X 600/650  GR,0,,0,1,,0,1,39000,70000,65000,60000,t
2780,TR2684,"PVC CODO PSI 3/4""",0,,0,1,,0,1,701,1700,1500,1200,t
2781,TR2685,"PVC TEE PSI 3/4""",0,,0,1,,0,1,931,2000,1700,1500,t
2782,TR2686,"PVC ADAPTADOR MACHO PSI 3/4""",0,,0,1,,0,1,602,1700,1500,1200,t
2783,TR2687,"PVC ADAPTADOR HEMBRA PSI 3/4""",0,,0,1,,0,1,421,1700,1500,1200,t
2784,TR2688,MANGUERA LAVA MANO Y LAVA PLATOS X 60CM,0,,0,1,,0,1,3506,7500,6500,5500,t
2785,TR2689,JUEGO DE LLAVES COMBINADAS STANLEY 14PZS REF: 86082,0,,0,1,,0,1,263700,420000,410000,390000,t
2786,TR2691,CASCO PORTA LAMPARA - EPI (6 PUNTOS)  AZUL,0,,0,1,,0,1,14000,30000,28000,25000,t
2787,TR2692,CASCO PORTA LAMPARA - EPI (6 PUNTOS)  BLANCO,0,,0,1,,0,1,14286,30000,28000,25000,t
2788,TR2694,"TUBO DOBLE PARED CORRUGADO 14""",0,,0,1,,0,1,500000,780000,740000,725000,t
2789,TR2701,"ANGULO 2  X 1/8 14,7KL",0,,0,1,,0,1,57143,120000,115000,110000,t
2790,TR2702,"ACOPLE ALUMINIO RAPIDO TP A 3"" HEMBRA",0,,0,1,,0,1,16368,40000,35000,25000,t
2791,TR2703,"YEE GALVANIZADO 1 1/2""",0,,0,1,,0,1,14514.6,27000,24300,21600,t
2792,TR2704,"ACOPLE ALUMINIO REDUCCION 1 1/2"" X 1""",0,,0,1,,0,1,7233.714286,20000,18000,16000,t
2793,TR2705,"YEE ALUMINIO 1""",0,,0,1,,0,1,13200,30000,28000,25000,t
2794,TR2707,LLAVE MIXTA STANLEY 13MM,0,,0,1,,0,1,6768,15200,13300,11400,t
2795,TR2708,LLAVE MIXTA STANLEY 14MM,0,,0,1,,0,1,6851,17400,15200,13000,t
2796,TR2709,CORREA B 166,0,,0,1,,0,1,40214,60000,58000,56000,t
2797,TR2710,BATERIA PLANTA 12VOL 18 AMP,0,,0,1,,0,1,235137,370000,360000,350000,t
2798,TR2712,"COMPRESOR DE ANILLOS PISTON 3.1/2-7"" REF: 79048",0,,0,1,,0,1,53382.5,90000,85000,80000,t
2799,TR2713,MERCANCIA X LLEGAR,0,,0,1,,0,1,1,0,0,0,t
2800,TR2714,"VARILLA TODO ROSCA 1"" GRADO 8",0,,0,1,,0,1,33193.28,45000,42000,39000,t
2801,TR2715,"LLAVE EXPANSIVA SATA 8"" REF: 47203SC",0,,0,1,,0,1,31558.05,54000,49500,45000,t
2802,TR2716,ACELERANTE SIKASET X 5KG,0,,0,1,,0,1,82269,128000,125000,121000,t
2803,TR2717,SILICONA LOCTITE X 70 ML NEGRA,0,,0,1,,0,1,6983.705263,15000,13000,11000,t
2804,TR2718,SILICONA LOCTITE X 70 ML TRANSPARENTE,0,,0,1,,0,1,6400,15000,13000,11000,t
2805,TR2719,PAPEL ABSORBENTE WYPALL  X 75,0,,0,1,,0,1,31000,50000,48000,46000,t
2806,TR2721,MASILLA EPOXICA RALY 30G REF: 1102015,0,,0,1,,0,1,1938,5400,4400,3400,t
2807,TR2722,GAFAS TRANSPARENTE HARBOR,0,,0,1,,0,1,2016.6,6000,5000,4000,t
2808,TR2724,CINTA TAPAGOTERA 20CM X 10MTS ALUMBAND,0,,0,1,,0,1,5397,9400,8400,7500,t
2809,TR2727,"TUBO RECTA ESTRUC 4"" X 2"" C-16 1.50MM (20.62KL)",0,,0,1,,0,1,93697.48,220000,210000,200000,t
2810,TR2728,"TUBO RECTA ESTRUC 4"" X 2""  C-14 2MM (28KL)",0,,0,1,,0,1,122689,200000,190000,180000,t
2811,TR2729,TUBO CUAD. ESTRUC. GRADO C:100 X 50 X 6M (1.9MM),0,,0,1,,0,1,159664,180000,175000,170000,t
2812,TR2730,RODACHIN 1 1/2 - 2  PORTON,0,,0,1,,0,1,25210,50000,48000,45000,t
2813,TR2732,ASPIRADORA BLOWER INGCO 600W REF: UAB6008,0,,0,1,,0,1,121125,200000,190000,180000,t
2814,TR2733,PISTOLA CALOR INGCO 1600W REF UHG160047,0,,0,1,,0,1,89760,145000,140000,135000,t
2815,TR2734,LIMPIADOR CESOL 1/4,0,,0,1,,0,1,21849,45000,42000,38000,t
2816,TR2735,"POLEA HIERRO 3"" X 2 CANAL B EJE 24MM",0,,0,1,,0,1,1666.894737,75000,70000,65000,t
2817,TR2737,LLAVE MIXTA STANLEY 11MM,0,,0,1,,0,1,5364.631579,10300,9200,8100,t
2818,TR2739,"PVC ADAPTADOR MACHO PSI 1 1/2""",0,,0,1,,0,1,1264,2400,2200,2000,t
2819,TR2740,"CHEQUE CORTINA HIDROSFER EN BRONCE 1""",0,,0,1,,0,1,28918.095238,53000,50000,46000,t
2820,TR2744,CORREA B 88,0,,0,1,,0,1,21318,35000,33000,32000,t
2821,TR2749,CORREA B 106,0,,0,1,,0,1,25679,40000,39000,38000,t
2822,TR2751,DIFERENCIAL CADENA 3TON X 3 MTS,0,,0,1,,0,1,364000,575000,560000,540000,t
2823,TR2753,ALAMBRE PUAS TORNADO CAL 14 X 500 MTS,0,,0,1,,0,1,216807,330000,325000,320000,t
2824,TR2754,"ABRAZADERA EXOSTO REF: 4"" TITAN",0,,0,1,,0,1,21323.7,40000,37000,35000,t
2825,TR2755,"MANGUERA LINEA AZUL 1"" RDE17 X 100MTS",0,,0,1,,0,1,201681,340000,320000,300000,t
2826,TR2756,TOTALIZADOR CHINT 125 AMP,0,,0,1,,0,1,94586.9925,171200,166400,156800,t
2827,TR2757,MALLA METALICA GALLINA 180 X 36MTS TR0466,0,,0,1,,0,1,106249,170000,165000,160000,t
2828,TR2759,CARETA MEDIA CARA REF: 7600 FESI,0,,0,1,,0,1,43007.728,77300,72100,66900,t
2829,TR2760,CARTUCHO SOLDADOR 2037 FESI,0,,0,1,,0,1,19000,33000,30000,24900,t
2830,TR2761,ANGULO 3 X 1/4  43.74KL,0,,0,1,,0,1,205882.35,310000,305000,300000,t
2831,TR2762,JABON SUPREMO DERSA X300GR X CAJA,0,,0,1,,0,1,107662.608,182100,167700,160100,t
2832,TR2763,"UNION SIMPLE GALVANIZADO 1/4""",0,,0,1,,0,1,1354.142857,0,0,0,t
2833,TR2765,ACOPLE POLIETI HEM 1/2,0,,0,1,,0,1,1275.4,0,0,0,t
2834,TR2766,"PRISIONERO 1/2 X 1 1/2""",0,,0,1,,0,1,2101,5000,4500,3500,t
2835,TR2767,VINIPEL X 30CM X 300 MT CAL:11,0,,0,1,,0,1,12731.672508,0,0,0,t
2836,TR2770,"PLACA V11 1,25 X 0,50  MTS",0,,0,1,,0,1,52100.8125,115000,110000,105000,t
2837,TR2774,JUEGO DE LLAVES COMBINADAS STANLEY 8PZS REF: 88-855,0,,0,1,,0,1,75835,125000,118000,112000,t
2838,TR2775,"LLAVE EXPANSIVA 8"" STANLEY",0,,0,1,,0,1,29980,0,0,0,t
2839,TR2776,"SIERRA CIRCULAR 7.1/4"" 140W BLACK&DECKER",0,,0,1,,0,1,248165,390000,380000,370000,t
2840,TR2777,INVERSOR SOLDADOR 250A GLADIADOR,0,,0,1,,0,1,564368,0,0,0,t
2841,TR2778,ALMADANA 8 LB AGROTEK,0,,0,1,,0,1,53737.346939,92000,88000,85000,t
2842,TR2780,"BROCA MURO INCOLMA 1/4""",0,,0,1,,0,1,2591,5700,4600,4400,t
2843,TR2781,BROCA MURO INCOLMA 1/2,0,,0,1,,0,1,8895.25,17200,15400,14700,t
2844,TR2782,GUARDAMOTOR - ARRANCADOR CHINT 12-18 AMP,0,,0,1,,0,1,110107.728889,166600,162900,161100,t
2845,TR2783,GUARDAMOTOR - ARRANCADOR CHINT 17-25 AMP,0,,0,1,,0,1,112000,194900,184700,174400,t
2846,TR2785,TOTALIZADOR CHINT 150 AMP,0,,0,1,,0,1,152743.05,0,0,0,t
2847,TR2787,"NIVEL CORNETA ALUMINIO 14"" PROFESIONAL",0,,0,1,,0,1,16527,0,0,0,t
2848,TR2788,JUEGO DESTORNILLADOR TOTAL X 6 PIEZAS REF: 250606,0,,0,1,,0,1,16200,0,0,0,t
2849,TR2789,COMPRESOR TOTAL 24LT,0,,0,1,,0,1,409365,0,0,0,t
2850,TR2790,SOPLADORA INDUSTRIAL TOTAL 600W,0,,0,1,,0,1,117700,0,0,0,t
2851,TR2791,JUEGO ALICATES TOTAL X 3,0,,0,1,,0,1,33613.445,54500,50300,46100,t
2852,TR2792,"CIZALLA TOTAL 42""",0,,0,1,,0,1,173300,0,0,0,t
2853,TR2793,JUEGO DE LLAVES COMBINADAS TOTAL 12PZS,0,,0,1,,0,1,109600,0,0,0,t
2854,TR2794,MULTIMETRO DIGITAL TOTAL,0,,0,1,,0,1,61300,0,0,0,t
2855,TR2795,"PULIDORA TOTAL 4 1/2"" 750W REF: UTG10711556",0,,0,1,,0,1,117400,199200,187800,176500,t
2856,TR2796,GUANTES SOLDAR TOTAL,0,,0,1,,0,1,33400,0,0,0,t
2857,TR2797,PELA-CABLE TOTAL,0,,0,1,,0,1,13874,0,0,0,t
2858,TR2798,CONTACTOR CHINT 25-10 AMP 220V ISC,0,,0,1,,0,1,34980,63600,58600,56000,t
2859,TR2799,CASQUETE 186 42MM,0,,0,1,,0,1,16374.530612,35000,33000,32000,t
2860,TR2800,ACOPLE POLIETILENO MACHO DE 1/2,0,,0,1,,0,1,596,1200,1000,900,t
2861,TR2801,ACOPLE POLIETILENO MACHO  3/4,0,,0,1,,0,1,830,1800,1500,1000,t
2862,TR2802,"ACOPLE POLIETILENO MACHO 1""",0,,0,1,,0,1,1236,2500,2000,1500,t
2863,TR2803,ACOPLE POLIETILENO HERMBRA 1/2,0,,0,1,,0,1,1381.333333,2700,2200,1600,t
2864,TR2804,ACOPLE POLIETILENO HEMBRA 3/4,0,,0,1,,0,1,1485,2800,2500,2000,t
2865,TR2805,CINTA AISLANTE ACCEL VERDE X 10MTS,0,,0,1,,0,1,1553,3500,3000,2500,t
2866,TR2806,KIT PISTON 186FA STD KTC,0,,0,1,,0,1,100840,3000,2500,2000,t
2867,TR2807,"PVC ACOPLE INSERTO 1""",0,,0,1,,0,1,2293,5000,4000,3000,t
2868,TR2808,ALAMBRE CERCA ELECTRICA C 12 X 25KL,0,,0,1,,0,1,180671.5,1300,1200,1100,t
2869,TR2809,TEE POLIETILENO 3/4,0,,0,1,,0,1,1591,3000,2500,2000,t
2870,TR2810,"TEE POLIETILENO 1""",0,,0,1,,0,1,1578.8,3500,3000,2500,t
2871,TR2811,UNION POLIETILENO 1/2,0,,0,1,,0,1,696,1500,1200,900,t
2872,TR2812,UNION POLIETILENO 3/4,0,,0,1,,0,1,851.6,1800,1500,1300,t
2873,TR2813,UNION POLIETILENO 1,0,,0,1,,0,1,1025.6,2000,1800,1500,t
2874,TR2814,FILTRO DE AIRE EXTERNO REF: AFKW2140C1,0,,0,1,,0,1,105042,183800,170700,157600,t
2875,TR2815,FILTRO DE AIRE INTERNO REF: AFKW2140C1SY,0,,0,1,,0,1,63025,114200,104400,94500,t
2876,TR2816,TANQUE AEREO ACUAVIVA 1000 LTS,0,,0,1,,0,1,340336,515000,510000,505000,t
2877,TR2818,SOPLETE GASMAP UNIWELD SENCILLA RP3T5,0,,0,1,,0,1,169999,280000,265000,250000,t
2878,TR2820,CRISOL CORONA AGF N° 25,0,,0,1,,0,1,514286,800000,780000,760000,t
2879,TR2821,CARETA ENCISO CON VISOR TIPO BURBUJA CLARA,0,,0,1,,0,1,60504,100000,95000,90000,t
2880,TR2822,BOTA LISA NOBUCK KONDOR #38 - #39,0,,0,1,,0,1,107563,150000,145000,140000,t
2881,TR2823,GUANTE CAUCHO CORTO LATEXPORT T-9 C-50,0,,0,1,,0,1,13531.132653,21700,20200,19100,t
2882,TR2824,GUANTE CAUCHO CORTO LATEXPORT T-10 C-50,0,,0,1,,0,1,13557.146341,21700,20200,19100,t
2883,TR2825,GUANTE CAUCHO LARGO MOSQUETERO T-9 C-50,0,,0,1,,0,1,22707.24,36000,34000,33000,t
2884,TR2826,GUANTE CAUCHO LARGO MOSQUETERO T-10 C-50,0,,0,1,,0,1,23108.542522,36000,34000,33000,t
2885,TR2827,ZORRA PLANA LARGA R/MACIZA 140X40,0,,0,1,,0,1,240750,400000,380000,360000,t
2886,TR2828,"RODILLO PLANO DE 6"" X 2""",0,,0,1,,0,1,63993.142857,100000,90000,85000,t
2887,TR2830,CORREA B 138,0,,0,1,,0,1,33431,55000,52000,50000,t
2888,TR2832,"PVC TAPON PSI ROSCA  3""",0,,0,1,,0,1,4782,8400,7900,7000,t
2889,TR2834,FILTRO BALDWIN REF: BF720,0,,0,1,,0,1,36700,60000,57000,54000,t
2890,TR2836,CORREA B 52,0,,0,1,,0,1,12597.04,21000,20000,19000,t
2891,TR2837,"TEE POLIETILENO 2""",0,,0,1,,0,1,5296,10000,8500,7000,t
2892,TR2838,"TEE ALUMINIO 1""",0,,0,1,,0,1,12342,18000,17000,16000,t
2893,TR2839,CORREA B 81,0,,0,1,,0,1,20388.75,32000,31000,29000,t
2894,TR2840,TERMINAL COBRE SOLDAR 7/16 125A,0,,0,1,,0,1,2140.08,4000,3500,3000,t
2895,TR2841,TERMINAL COBRE SOLDAR 1/4 50A,0,,0,1,,0,1,636.177049,1800,1500,1200,t
2896,TR2842,"PLACA V3 1 X 0,50  MTS",0,,0,1,,0,1,29412,40000,35000,31000,t
2897,TR2843,"ACOPLE ALUMINIO RAPIDO TP A 2"" HEMBRA",0,,0,1,,0,1,11880,28000,25000,20000,t
2898,TR2844,"PISTOLA CALAFATEO TIPO ESQUELETO 9"" JS-TOOLS",0,,0,1,,0,1,7061.14,20000,18000,15000,t
2899,TR2845,JUEGO DE GRATA PARA TALADRO 6PZS CON CEPILLO,0,,0,1,,0,1,10924.37,20000,18000,16000,t
2900,TR2847,"ACOPLE ALUMINIO RAPIDO TP E 2""",0,,0,1,,0,1,15966,28000,25000,20000,t
2901,TR2848,"TUBO CERRAMIENTO NEGRO 1"" (1.5MM) (0,59) 7KL",0,,0,1,,0,1,31933,52000,50000,48000,t
2902,TR2849,INTERRUPTOR DOBLE FORTE COD 13931,0,,0,1,,0,1,4529.16,9000,8000,7000,t
2903,TR2850,TORNILLO AUTOPER 14 X 1 1/2 + ARANDELA,0,,0,1,,0,1,142.9,350,300,300,t
2904,TR2851,"PVC TAPON SANI PRUEBA 3""",0,,0,1,,0,1,482.2,1900,1400,1000,t
2905,TR2852,CODO TAZA CAMPESINA,0,,0,1,,0,1,1965,4700,3800,3300,t
2906,TR2854,PEGANTE PVC MG 1/4,0,,0,1,,0,1,22500,35000,34000,33000,t
2907,TR2855,PEGANTE PVC MG 1/8,0,,0,1,,0,1,13806.4375,25000,22000,21000,t
2908,TR2856,PEGANTE PVC MG 1/32,0,,0,1,,0,1,2882,7000,6000,5000,t
2909,TR2857,PEGANTE PVC MG 1/64,0,,0,1,,0,1,1750,4500,3500,3000,t
2910,TR2858,PEGANTE PVC MG 1/128,0,,0,1,,0,1,1231.461538,3000,2500,2000,t
2911,TR2859,LIMPIADOR PVC MG 1/8,0,,0,1,,0,1,10560.4,22000,20000,18000,t
2912,TR2860,LIMPIADOR PVC MG 1/64,0,,0,1,,0,1,1680,5000,4000,3000,t
2913,TR2861,"DELANTAL CARNAZA 60X1,10 METALUR",0,,0,1,,0,1,97479,145000,135000,125000,t
2914,TR2862,GUANTE CARNAZA CORTO METALUR REFORZADO,0,,0,1,,0,1,54600,100000,90000,80000,t
2915,TR2863,GUANTE CARNAZA LARGO METALUR REFORZADO,0,,0,1,,0,1,101400,170000,160000,150000,t
2916,TR2864,MANGAS CARNAZA METALUR REFORZADA,0,,0,1,,0,1,97100,164000,154000,144000,t
2917,TR2865,CORTADOR DE TUBO PVC 1-5/8 TRUPER 12860,0,,0,1,,0,1,17990,30000,28000,26500,t
2918,TR2866,DIFERENCIAL DE CADENA 5TX3M,0,,0,1,,0,1,753330,1150000,1100000,1050000,t
2919,TR2867,TORNILLO AUTOPER 10 X 1 1/2 + ARANDELA,0,,0,1,,0,1,64.094545,200,200,100,t
2920,TR2868,"NIPLE GALVANIZADO HG 3"" X 4""",0,,0,1,,0,1,7465.55,14000,13000,11000,t
2921,TR2869,"TUBO CERRAMIENTO NEGRO 2"" (1.5MM)(0.59) C-14 12.9KLS",0,,0,1,,0,1,57983,115000,110000,100000,t
2922,TR2870,CORREA B 71,0,,0,1,,0,1,17200,30000,28000,26000,t
2923,TR2871,CORREA C 120,0,,0,1,,0,1,45600,205000,200000,195000,t
2924,TR2872,"LLAVE PASO MLN 1""",0,,0,1,,0,1,26988.616,46000,45000,43000,t
2925,TR2873,"PVC SEMICODO PSI 2""",0,,0,1,,0,1,2597,5000,4500,4000,t
2926,TR2874,"TUBO RECTA CLL 1 1/2"" X 3/4"" C-18",0,,0,1,,0,1,30252,56000,50000,45000,t
2927,TR2875,CORREA B 94,0,,0,1,,0,1,22772,38000,36000,34000,t
2928,TR2876,REP MARTILLO YO18 #14 CILYNDER RACHET PAWL,0,,0,1,,0,1,2941,7000,6000,5000,t
2929,TR2878,"PVC CODO PSI 4""",0,,0,1,,0,1,21008.2,35000,33000,31000,t
2930,TR2879,PISTOLA PETROLIZADORA TRUPER REF :19236,0,,0,1,,0,1,25608,42300,40200,38200,t
2931,TR2881,CARETA BUZO,0,,0,1,,0,1,101679.9,225000,220000,215000,t
2932,TR2882,LINTERNA AMARILLA KL4,0,,0,1,,0,1,73949.58,135000,120000,110000,t
2933,TR2883,MANGUERA ACOPLE LAVAMANOS 40CM,0,,0,1,,0,1,1387,3500,3000,2500,t
2934,TR2884,SIFON FLEXIBLE CROMADO,0,,0,1,,0,1,6050,12000,11000,9000,t
2935,TR2885,PLOMADA DE 1 LB,0,,0,1,,0,1,6092,12000,11000,9000,t
2936,TR2886,CINTA PELIGRO X 500MTS,0,,0,1,,0,1,17227,30000,28000,26000,t
2937,TR2887,INTERRUPTOR DOBLE SOBREPONER,0,,0,1,,0,1,2773,6000,5500,4500,t
2938,TR2893,GUARDAMOTOR CHINT 20-25 AMP,0,,0,1,,0,1,75630,125000,120000,112000,t
2939,TR2894,FILTRO SAKURA DE HIDRAULICO HC85030 (BT84),0,,0,1,,0,1,109244,170000,165000,160000,t
2940,TR2895,FILTRO PARTMO COMBUSTIBLE A23 (BF970),0,,0,1,,0,1,22689,50000,45000,40000,t
2941,TR2896,"DISCO FLAP 7"" GR 60 CORNETA",0,,0,1,,0,1,8058,16000,14000,13000,t
2942,TR2898,CORONA SANDVIK 7 PUNTOS 40MM (ORIGINAL),0,,0,1,,0,1,91171,150000,140000,135000,t
2943,TR2899,"PVC UNION PSI 4""",0,,0,1,,0,1,8937,16700,15200,13700,t
2944,TR2900,ALAMBRE TIMBRE TRENZADO 2*22 X 200MTS,0,,0,1,,0,1,72444,120000,115000,107000,t
2945,TR2901,"PVC UNION UNIVERSAL 2""",0,,0,1,,0,1,12350,23000,21000,19000,t
2946,TR2903,"LAZO AMARILLO 3/16"" (5MM X 800 MTS)",0,,0,1,,0,1,229.7955,500,500,400,t
2947,TR2904,"PVC UNION PSI 6""",0,,0,1,,0,1,71428,115000,110000,106000,t
2948,TR2905,"PVC TUBO BLANCO 6"" 200 PSI UNION MECANICA",0,,0,1,,0,1,194957.98,315000,300000,290000,t
2949,TR2906,"UNION INTERPLAST 2""",0,,0,1,,0,1,48739.4,85000,78000,72000,t
2950,TR2907,"MALLA INOXIDABLE 60X60 0,2MM X 1MTS",0,,0,1,,0,1,36134,60000,50000,44000,t
2951,TR2908,"MANGUERA PRESION SUCCION 2"" 150PSI KASS",0,,0,1,,0,1,47899.2,85000,80000,71000,t
2952,TR2909,COMPRESOR 2HP 24 LITROS GLADIADOR,0,,0,1,,0,1,445378,750000,700000,650000,t
2953,TR2910,"CINTA ENMASCARAR TESA 2"" 40M X 48MM",0,,0,1,,0,1,7636.1,16000,14000,12000,t
2954,TR2911,INVERSOR SOLDADOR 225AMP GLADIADOR,0,,0,1,,0,1,511259,850000,800000,760000,t
2955,TR2912,CARETA SOLDAR GLADIADOR MS802,0,,0,1,,0,1,76827.2,165000,155000,145000,t
2956,TR2915,AEROSOL MASSO VERDE CESPE,0,,0,1,,0,1,5626,11000,10000,9000,t
2957,TR2916,ROTOMARTILLO INGCO URH1500281 1500W,0,,0,1,,0,1,281200,470000,450000,420000,t
2958,TR2920,LONAS YUTE,0,,0,1,,0,1,520.910469,1200,1000,800,t
2959,TR2921,"NIPLE GALVANIZADO HG 1/2"" X 2""",0,,0,1,,0,1,736.1,1800,1500,1300,t
2960,TR2922,"NIPLE GALVANIZADO HG 1/2"" X 8""",0,,0,1,,0,1,2249.1,6000,5000,4000,t
2961,TR2923,IMPERMEABILIZANTE INVECRY 500 X 750G INVESA,0,,0,1,,0,1,7821,16000,14000,12000,t
2962,TR2924,"TUBO CERRAMIENTO NEGRO 3"" (2.5MM)",0,,0,1,,0,1,141932.77,215000,210000,205000,t
2963,TR2925,"TUBO RECTA CLL 3"" X 1 1/2 C-18"" 1MM (10,54KLS)",0,,0,1,,0,1,45359.085783,90000,87000,82000,t
2964,TR2926,"NIPLE GALVANIZADO HG 1 1/2"" X 8""",0,,0,1,,0,1,7313.4,15000,14000,13000,t
2965,TR2927,BOQUILLA CORTE VICTOR #3,0,,0,1,,0,1,66387,95000,90000,82000,t
2966,TR2929,CARGADOR DE BATERIA PARA CARRO / MOTO 12/24V,0,,0,1,,0,1,256303,150000,140000,130000,t
2967,TR2930,CANDADO YALE 110-60,0,,0,1,,0,1,54662.166667,90000,85000,80000,t
2968,TR2931,CORREA B 73,0,,0,1,,0,1,17596.33,29000,27500,26500,t
2969,TR2932,"TORNILLO EXAGONAL DE 1/2 X 2"" G-5",0,,0,1,,0,1,924,2000,1700,1300,t
2970,TR2933,TUERCA 1/2 G-5 RO,0,,0,1,,0,1,252.1,500,500,400,t
2971,TR2934,GUASA 1/2,0,,0,1,,0,1,168,400,300,300,t
2972,TR2935,"LAMINA ALFAJOR 4MM 3X1 3/16 (100,8KG)",0,,0,1,,0,1,421034,670000,650000,630000,t
2973,TR2936,MANGUERA SUCCION 4 X 3 MTS,0,,0,1,,0,1,192600,340000,330000,320000,t
2974,TR2937,"TORNILLO HEX  1/2 X 3"" G-5 RO",0,,0,1,,0,1,1092,2000,1800,1500,t
2975,TR2938,"TORNILLO HEX 1/4 X 3"" G-5 RO",0,,0,1,,0,1,378,800,700,600,t
2976,TR2939,CAJA ELECTRICA 4 CTOS MONOFASICA,0,,0,1,,0,1,63197,105000,100000,95000,t
2977,TR2940,CORREA 8PK1450 AUTOMOTRIZ,0,,0,1,,0,1,76300,130000,125000,115000,t
2978,TR2941,TERMINAL ESTAÑADO 6 AWG 1/4,0,,0,1,,0,1,1093.897143,2600,2100,1700,t
2979,TR2942,VIGA HEA 100MM,0,,0,1,,0,1,470588,740000,710000,680000,t
2980,TR2943,TORNILLO EXA G-5 NEGRO 9/16 X 1 1/2,0,,0,1,,0,1,1261,3000,1700,2000,t
2981,TR2944,TUERCA G-5 9/16,0,,0,1,,0,1,420,800,700,650,t
2982,TR2945,ARANDELA 9/16,0,,0,1,,0,1,139.145,400,300,300,t
2983,TR2946,CARETA GUADAÑAR TRASPARENTE,0,,0,1,,0,1,16830,32000,30000,28000,t
2984,TR2947,BOQUILLA ENGRASADORA C.A MEJIA,0,,0,1,,0,1,2970,7000,6000,5000,t
2985,TR2948,BORNE BATERIA ATOS,0,,0,1,,0,1,4410,9900,9000,7200,t
2986,TR2949,GUANTE NITRILO PREDATOR,0,,0,1,,0,1,13557.471429,22000,21000,20000,t
2987,TR2950,CORREA B 86,0,,0,1,,0,1,20834.04,33000,32000,31000,t
2988,TR2953,"ESMERIL DE BANCO TRUPER 6"" X 1/2 HP",0,,0,1,,0,1,315041,502300,483700,465100,t
2989,TR2954,JUEGO DE BROCA MADERA TRUPER 6 PIEZA,0,,0,1,,0,1,27731,52000,48000,42000,t
2990,TR2956,PINTURA VICOLTEX BLANCA/NEGRO GL,0,,0,1,,0,1,45714,95000,90000,85000,t
2991,TR2958,PINTURA TP1 AZUL CIELO GL,0,,0,1,,0,1,62184,100000,98000,92000,t
2992,TR2960,"TENAZA BOLA UÑA CORNETA 8""",0,,0,1,,0,1,16135,32000,30000,27000,t
2993,TR2961,CANDADO YALE 110-70,0,,0,1,,0,1,60377.666667,147100,139600,132100,t
2994,TR2962,CANDADO YALE INTERPERIE ENCAUCHETADO  61MM,0,,0,1,,0,1,45312,80500,77300,73000,t
2995,TR2964,LINTERNA WISDOM KL12,0,,0,1,,0,1,480672.07,750000,730000,715000,t
2996,TR2965,ALICATE DIABLO GAVILAN,0,,0,1,,0,1,40992,70000,66000,62000,t
2997,TR2967,CORREA B 76,0,,0,1,,0,1,18411,30000,29000,28000,t
2998,TR2968,CRISOL SALAMANDER AGF No 25,0,,0,1,,0,1,600000,956800,906300,886300,t
2999,TR2969,"BOLSA AIRE 3"" X KL",0,,0,1,,0,1,18486.771387,24700,23700,21800,t
3000,TR2971,ALAMBRE PUAS TORNADO CAL 16.5 X 200MTS,0,,0,1,,0,1,65546,110000,105000,100000,t
3001,TR2975,GUANTE WS GRIS ANTICORTE HYC02,0,,0,1,,0,1,8403.36,17000,15000,13000,t
3002,TR2976,CARETA SOLDAR INTELIGENTE STEELCO TRUE COLOR,0,,0,1,,0,1,58991.533333,103300,93500,83700,t
3003,TR2978,PIE DE AMIGO 6 X 8 METALICO X PAR,0,,0,1,,0,1,1967,4000,3500,3000,t
3004,TR2979,PIE DE AMIGO 8 X 10 METALICO X PAR,0,,0,1,,0,1,2951,7000,6000,5000,t
3005,TR2980,PIE DE AMIGO 10 X 12 METALICO X PAR,0,,0,1,,0,1,4234,9000,8000,7000,t
3006,TR2984,"CLAVO VARETA 4"" PUMA",0,,0,1,,0,1,8739.48,15000,14000,13000,t
3007,TR2986,FLEXOMETRO TIBURON 5M,0,,0,1,,0,1,7183.3,13300,12200,11100,t
3008,TR2987,NEUMATICO BUTYL MACHO 400-8,0,,0,1,,0,1,10682,20000,18000,16000,t
3009,TR2988,REP GUADAÑA MANUAL - YOYO MANUAL 2205 (BOSCO),0,,0,1,,0,1,17648,37000,33000,30000,t
3010,TR2989,RASTRILLO PLASTICO BELLOTA 22 DIENTES,0,,0,1,,0,1,6050,14000,12000,10000,t
3011,TR2991,LIMA MOTOS. BELLOTA 7/32,0,,0,1,,0,1,3093.5,7600,6500,5400,t
3012,TR2992,"PALUSTRE SMART MANGO MADERA 7""",0,,0,1,,0,1,9738,19000,17000,15000,t
3013,TR2993,"PALUSTRE SMART MANGO MADERA 8""",0,,0,1,,0,1,10759,20000,18000,16000,t
3014,TR2994,GRAPADORA STANLEY MANUAL TR150,0,,0,1,,0,1,129600,215000,210000,195000,t
3015,TR2995,"NIPLE GALVANIZADO HG 2"" X 10""",0,,0,1,,0,1,9906.75,20000,18000,16000,t
3016,TR2996,TEJA ARQUITECTONICA ACESCO CAL :30 VERDE 6 X 1 1/2 GUERRERA,0,,0,1,,0,1,83193.28,250000,235000,220000,t
3017,TR2997,TANQUE AEREO ROTOPLAS 2000 LTS,0,,0,1,,0,1,643697,1000000,980000,960000,t
3018,TR2998,CAJA ELECTRICA 2 CTOS MONOFASICA,0,,0,1,,0,1,22181,40000,37000,34000,t
3019,TR2999,BATERIA 12N9 - BS IGEL KTL,0,,0,1,,0,1,92437,160000,150000,140000,t
3020,TR3000,BOTA LISA NOBUCK CONDOR # 37,0,,0,1,,0,1,96639,165000,155000,145000,t
3021,TR3002,TALADRO INALAMBRICO EINHELL 1/2 TE-CD 18V,0,,0,1,,0,1,572000,950000,900000,850000,t
3022,TR3003,TUERCA DE SEGURIDAD RO 5/8,0,,0,1,,0,1,311.95,700,700,600,t
3023,TR3004,"OLLA HONDA 28CM 15,7LTS TRAMONTINA 62648280",0,,0,1,,0,1,553782,695000,680000,665000,t
3024,TR3005,"OLLA HONDA 24CM 7,8 LTS TRAMONTINA 62625240",0,,0,1,,0,1,381513,580000,565000,540000,t
3025,TR3006,COLADOR ACERO INOX 22CM JA28-8,0,,0,1,,0,1,14286,28000,25000,22000,t
3026,TR3007,TANQUE AEREO ROTOPLAST 1000 LTS,0,,0,1,,0,1,378151,625000,610000,590000,t
3027,TR3008,"PVC YEE SANI 3""",0,,0,1,,0,1,3353,6000,5500,5000,t
3028,TR3009,PVC SEMICODO PSI 1/2,0,,0,1,,0,1,504,1000,800,800,t
3029,TR3011,PISTOLA AEROGRAFO PARA PINTAR W-77G SINPPA,0,,0,1,,0,1,52900,90000,85000,75000,t
3030,TR3012,"CALIBRADOR PIE DE REY JAGUAR 6""",0,,0,1,,0,1,37920,60000,56000,54000,t
3031,TR3013,DIFERENCIAL DE TRINQUETE 1.5 TND X 1.5 MTS LEVER,0,,0,1,,0,1,298300,470000,450000,430000,t
3032,TR3014,EQUIPO OXICORTE SEMI INDUSTRIAL HCW-22H GASBAR,0,,0,1,,0,1,732000,1150000,1100000,1050000,t
3033,TR3015,JUEGO ACOPLE RAPIDO 5 PIZ SINPPA SK112,0,,0,1,,0,1,9900,18000,16000,15000,t
3034,TR3016,TIRFOR 0.8TON X 20MTS (TOYO),0,,0,1,,0,1,420000,620000,610000,600000,t
3035,TR3017,LLAVE DE PASO HIDROSFER 3/8,0,,0,1,,0,1,7950,15000,13500,12500,t
3036,TR3018,CARETA COMPLETA 3M 6800,0,,0,1,,0,1,380000,560000,550000,540000,t
3037,TR3019,REP ELECTROBOMBA - EMPAQUE BOMBA 3X3 BARNES,0,,0,1,,0,1,4500,8000,7500,6800,t
3038,TR3021,"TEJA ZINC CORPOACERO CL 17 X 2,44 MTS",0,,0,1,,0,1,15966.39,110000,105000,100000,t
3039,TR3022,"POLEA HIERRO 3"" X 3 CANAL B EJE 38MM",0,,0,1,,0,1,55462,130000,120000,115000,t
3040,TR3023,"POLEA HIERRO 3.5"" X 2 CANAL C EJE 41MM",0,,0,1,,0,1,120000,190000,185000,175000,t
3041,TR3024,KIT DE FILTROS PARA COMPRESOR AIRMAN 185,0,,0,1,,0,1,444537.666667,640000,620000,600000,t
3042,TR3026,CEMENTO GRIS HOLCIM X 50KG,0,,0,1,,0,1,27983,40000,39000,38000,t
3043,TR3028,SOLDADURA SOLDARCO 7018 X 3/32,0,,0,1,,0,1,12966.982609,18900,18000,17200,t
3044,TR3029,SOLDADURA ALUMINIO 1/8,0,,0,1,,0,1,2464,4500,4000,3600,t
3045,TR3030,SOLDADURA WEST ARCO DUROWELD X 1/8,0,,0,1,,0,1,27200.1,40000,39000,38000,t
3046,TR3031,"CODO GALVANIZADO 3""",0,,0,1,,0,1,19335.8,31000,29500,28500,t
3047,TR3032,JUEGO DE FRESAS X 8 PZS ADVANTAGE REF: FA81000,0,,0,1,,0,1,286555,420000,410000,400000,t
3048,TR3033,"GARRUCHA SUPERIOR 3"" 0.5 TON",0,,0,1,,0,1,21374.95,35000,33000,31500,t
3049,TR3034,"GARRUCHA SUPERIOR 4"" 1 TON",0,,0,1,,0,1,33191.65,60000,55000,50000,t
3050,TR3035,"TENSOR #5 3/16 X 3""",0,,0,1,,0,1,892.5,2500,2000,1700,t
3051,TR3039,"YEE GALVANIZADO 2""",0,,0,1,,0,1,21137.678571,35000,33000,31000,t
3052,TR3041,MULTIMETRO DIGITAL TRUPER REF: 10404,0,,0,1,,0,1,78451.6,147000,141500,136100,t
3053,TR3042,PISTOLA METALICA PARA RIEGO TRUPER REF-17483,0,,0,1,,0,1,11166,17500,17000,16600,t
3054,TR3043,"PRENSA INDUSTRIAL EN C TRUPER 6"" REF-17663",0,,0,1,,0,1,27407,44000,42000,40000,t
3055,TR3044,COMPRESOR AIRE PORTATIL 12V TRUPER REF-19999,0,,0,1,,0,1,108742,170000,165000,155000,t
3056,TR3047,TORNILLO HEX G-5 NEGRO DE 1/2 X 11/2,0,,0,1,,0,1,924.1,1600,1400,1300,t
3057,TR3050,TUERCA DE SEGURIDAD RO 1/2,0,,0,1,,0,1,157.251788,400,300,300,t
3058,TR3051,FILTRO COMBUSTIBLE PARKER 154 O 26560201,0,,0,1,,0,1,89916,135000,130000,128500,t
3059,TR3052,FILTRO DE ACEITE DONALDSON P554403,0,,0,1,,0,1,58824,90000,87000,84000,t
3060,TR3053,GUARDACABO DE 3/8 T-PESADO,0,,0,1,,0,1,840.3,0,0,0,t
3061,TR3054,MALLA EXR 06 CR V0.8 C-22,0,,0,1,,0,1,16900,28000,26000,24000,t
3062,TR3055,BROCA ESCALONADA 1/4 A 3/8 COVO,0,,0,1,,0,1,52941,85000,81000,78000,t
3063,TR3056,"ESMERIL DE BANCO TOTAL 6"" 150W UTBG15015",0,,0,1,,0,1,119800,185100,180700,176300,t
3064,TR3057,CINTA ALUMINIO ADHESIVA 48MM x 50M UYUSTOOLS,0,,0,1,,0,1,19328,32000,30000,28500,t
3065,TR3058,JUEGO DESTORNILLADOR UYUSTOOLS X 2 PIEZAS (MINI),0,,0,1,,0,1,4866,10000,9000,8000,t
3066,TR3059,SOLDADURA ESTAÑO ALAMBRE 100GR BLISTER COVO,0,,0,1,,0,1,13370.546667,22000,21000,20000,t
3067,TR3060,CAUTIN TOTAL 60W UTET-1606 INDUSTRIAL,0,,0,1,,0,1,30295,55000,50000,45000,t
3068,TR3061,"CIZALLA TOTAL 48""",0,,0,1,,0,1,157332,235000,230000,225000,t
3069,TR3062,PULIDORA MAKITA 4 1/2 840W,0,,0,1,,0,1,268067.23,400000,390000,380000,t
3070,TR3064,BOTAS CAUCHO VENUS #37,0,,0,1,,0,1,37815,57000,55000,53000,t
3071,TR3065,"VIGA IPE 5"" 120MM 62,4KLS A36",0,,0,1,,0,1,369153,570000,560000,550000,t
3072,TR3068,BALINERA ETK 22311,0,,0,1,,0,1,116806.7,175000,170000,166000,t
3073,TR3069,FLOTADOR AUTOMATICO PARA TANQUE DE 1/2 EAGER,0,,0,1,,0,1,10084,17000,16000,15000,t
3074,TR3070,"CIMBRA 15"" X 50 MTS CASELI CAS-041",0,,0,1,,0,1,7101,13000,11500,10500,t
3075,TR3071,LLANA DE MADERA GRANDE,0,,0,1,,0,1,12437,20000,19000,18000,t
3076,TR3073,MOTO TOOL DE 1/2 DEWALT DWE-4887,0,,0,1,,0,1,703000,1007400,996500,985500,t
3077,TR3074,PULIDORA EINHELL REF: TE-AG 125CE,0,,0,1,,0,1,236115,350000,340000,336000,t
3078,TR3075,SIERRA CALADORA EINHELL TC-JS 60 E,0,,0,1,,0,1,76115,120000,115000,108000,t
3079,TR3076,ESMERIL DE BANCO STANLEY DE 1/2 HP,0,,0,1,,0,1,335000,495000,485000,475000,t
3080,TR3077,"TAPON COPA GALVANIZADO 3""",0,,0,1,,0,1,11102.7,21000,20000,19400,t
3081,TR3078,"ALICATE DIABLO COLIMA 10,5""",0,,0,1,,0,1,30598,47000,45000,43500,t
3082,TR3080,CONMUTADOR VOLTIO 32AMP ON-OFF,0,,0,1,,0,1,48739,75000,72000,69000,t
3083,TR3081,REDUCCION COPA GALVA DE 1 A 3/4,0,,0,1,,0,1,1882.75,4000,3600,3300,t
3084,TR3084,ESTRELLA TRIANGULO COMPLETA,0,,0,1,,0,1,530672,950000,800000,750000,t
3085,TR3085,INTERRUPTOR SENCILLO EXE-AVE SOBREPONER,0,,0,1,,0,1,2593.089762,4900,4300,3900,t
3086,TR3086,INTERRUPTOR DOBLE AVE-EXE SOBREPONER,0,,0,1,,0,1,4594,8000,7500,6800,t
3087,TR3087,TOMA CORRIENTE DOBLE AVE-EXE SOBREPONER,0,,0,1,,0,1,3869,7000,6500,5800,t
3088,TR3089,CARRETILLA BELLOTA ANTIPINCHAZO  PLASTICA,0,,0,1,,0,1,158829,240000,230000,226000,t
3089,TR3091,FLEXOMETRO TIBURON 3 MTS,0,,0,1,,0,1,4729.16,7900,7300,7000,t
3090,TR3093,MALLA ESLABONADA 1.80 X 20MT C-10,0,,0,1,,0,1,527731,740000,730000,720000,t
3091,TR3094,MALLA ESLABONADA 1.50 X 10MT C-10,0,,0,1,,0,1,251260.5,350000,340000,330000,t
3092,TR3095,JUEGO BROCA SUPERIOR HIER X 29 PZS 1/16-1/2 REF-JBS29P,0,,0,1,,0,1,62325.975,71900,69000,67900,t
3093,TR3097,CORREA B 96,0,,0,1,,0,1,23256,36500,35500,34500,t
3094,TR3098,COMPRESOR INDUSTRIAL EBER 200LBS + MOTOR 2HP TEMPO,0,,0,1,,0,1,1626050,2400000,2350100,2300100,t
3095,TR3099,"CODO CALLE GALVANIZADO 2""",0,,0,1,,0,1,8540.8,18000,17000,15000,t
3096,TR3100,"ELECTROBOMBA ALTA 7,5 HP REF: 1E0531",0,,0,1,,0,1,3151261,4699800,4600200,4499800,t
3097,TR3101,CAJA TRIFASICA DE 36 PUESTOS,0,,0,1,,0,1,356286.666667,493400,475500,466500,t
3098,TR3102,BATERIA CARRO 900 AMP,0,,0,1,,0,1,356303.001012,550000,530000,520000,t
3099,TR3103,"ACOPLE ALUMINIO REDUCCION 4"" X 3""",0,,0,1,,0,1,22847,21000,20000,18500,t
3100,TR3104,ESPADA MOTOSIERRA STHIL 650-660 90CM,0,,0,1,,0,1,411765,590000,580000,570000,t
3101,TR3105,CORREA B 83,0,,0,1,,0,1,20107,32000,31000,30000,t
3102,TR3106,PERA O SENSOR DE ACEITE 2 CONTACTO,0,,0,1,,0,1,134454,190000,180000,170000,t
3103,TR3107,VOLTIMETRO DIGITAL 22MM,0,,0,1,,0,1,10672,18000,17000,16000,t
3104,TR3109,CORREA B 128,0,,0,1,,0,1,31008,48000,47000,46000,t
3105,TR3110,"POLEA HIERRO 4"" X 2 CANAL B EJE 42MM",0,,0,1,,0,1,70000,115000,110000,105000,t
3106,TR3111,BOBINA VOLANTE 950 MODELO NUEVO,0,,0,1,,0,1,33613.2,55000,52000,50000,t
3107,TR3114,BAÑO FUSSION ALONGANADO BLANCO,0,,0,1,,0,1,554621,790000,770000,750000,t
3108,TR3115,COMBO BAÑO LAGUNA 4.8 SIN PEDESTAL BLANCO,0,,0,1,,0,1,307383,560000,550000,500000,t
3109,TR3116,LAVAMANOS MILANO SIN PEDESTAL BLANCO,0,,0,1,,0,1,67095,170000,160000,150000,t
3110,TR3119,CINTA TRASPARENTE BASIC 48MM X 100M,0,,0,1,,0,1,6379.349677,11200,10200,9300,t
3111,TR3121,BALINERA ETK 22309 CMW 33C3,0,,0,1,,0,1,84034,135000,130000,125000,t
3112,TR3125,PVC TEE SANI 4,0,,0,1,,0,1,4732,8000,7500,7200,t
3113,TR3127,IMPERMEABLE NEGRO 2 PZ T: XXL,0,,0,1,,0,1,48909.83,77000,73600,71900,t
3114,TR3128,INVERSOR SOLDADOR ESAB LHN 280I,0,,0,1,,0,1,2504202,3300100,3287900,3278000,t
3115,TR3129,CORREA B 43,0,,0,1,,0,1,10417,17500,16500,15500,t
3116,TR3130,CORREA B 47,0,,0,1,,0,1,11386,20500,19500,18500,t
3117,TR3131,REMACHE 404,0,,0,1,,0,1,1008,0,0,0,t
3118,TR3132,"TORNILLO HEX 5/8 X 2"" G-5",0,,0,1,,0,1,1681,3500,3000,2500,t
3119,TR3133,CORREA B 168,0,,0,1,,0,1,40698,62000,61000,60000,t
3120,TR3134,BOQUILLA ACEITILENO #1-2-3,0,,0,1,,0,1,6471,12000,11000,10000,t
3121,TR3135,TORNILLO EXA G-5 RO NEGRO 5/8 X 2 1/2,0,,0,1,,0,1,1849,3200,2950,2750,t
3122,TR3136,GUASA 5/8,0,,0,1,,0,1,168,450,350,250,t
3123,TR3137,MALLA INOXIDABLE 8X8 1MM X 1MTS,0,,0,1,,0,1,50420,45000,44000,43000,t
3124,TR3138,CORREA A 30,0,,0,1,,0,1,5042,8500,8000,7500,t
3125,TR3139,"POLEA ALUMINIO 6"" X 25 MM",0,,0,1,,0,1,63866,94000,92000,90000,t
3126,TR3140,CINTA AISLANTE ACCEL SUPER 33 X 20M,0,,0,1,,0,1,9243,16100,12100,12100,t
3127,TR3141,"TUBO CUADRADO CR 1"" C-20 0.80MM",0,,0,1,,0,1,16807,0,0,0,t
3128,TR3142,REGULADOR GAS EQUIPMENT,0,,0,1,,0,1,7815.2,0,0,0,t
3129,TR3143,ESTUCO ACRILICO EXTERIOR BLANCO GL X 6KL,0,,0,1,,0,1,22689.4,0,0,0,t
3130,TR3144,ACOPLE 5HP FE 2 50-3 REF-25393,0,,0,1,,0,1,269748,0,0,0,t
3131,TR3145,TEJA ZINC GALVALUM IMPORT CL-35 X 3 MTS (3.45KL),0,,0,1,,0,1,17647.4,0,0,0,t
3132,TR3146,BALINERA NSK 6310,0,,0,1,,0,1,107205,150000,145000,141000,t
3133,TR3147,"BOLSA AIRE 6"" X KL",0,,0,1,,0,1,15126,26100,24100,22600,t
3134,TR3148,"VALVULA O GRANADA PVC ROSCA 3""",0,,0,1,,0,1,61750,95000,93000,90000,t
3135,TR3149,"PVC TAPON PSI LISO DE 2""",0,,0,1,,0,1,1441,3000,2500,2200,t
3136,TR3150,CABO ECONOMICO DE PICA,0,,0,1,,0,1,6807,0,0,0,t
3137,TR3151,"LLAVE DE PASO VERONI 2""",0,,0,1,,0,1,70016.54,130000,125000,122000,t
3138,TR3152,"LLAVE ESPANSIVA 12"" STANLEY",0,,0,1,,0,1,50388,85000,800000,75000,t
3139,TR3153,"TRONZADORA EINHELL 14"" TC-MC 355",0,,0,1,,0,1,609450,922800,899700,876700,t
3140,TR3154,CORREA B 53,0,,0,1,,0,1,12839.01,21500,20500,19500,t
3141,TR3156,"TUBO GALVANIZADO T.L 3/4 1,5MM",0,,0,1,,0,1,34453.7,0,0,0,t
3142,TR3159,COPA MAGNETICA DE 3/8,0,,0,1,,0,1,2177.03,4500,4000,3500,t
3143,TR3160,"PULIDORA GLADIADOR 4 1/2"" 18V REF: AA-815 (MINI - INALAMBRICA)",0,,0,1,,0,1,490165,720000,710000,700000,t
3144,TR3161,MALLA EXR 12 CR C-12 X MTS,0,,0,1,,0,1,21900,37000,35000,32500,t
3145,TR3162,REP. MARTILLO YO20 CYLINDER #14 RATCHET PAWL (ALETAS),0,,0,1,,0,1,2941.2,0,0,0,t
3146,TR3163,TUBO GALVANIZADO T.P AGUA 3/4 2.3MM 7.52KL,0,,0,1,,0,1,68907.7,0,0,0,t
3147,TR3164,FILTRO DE AIRE SAKURA COMPLETO A8506 A8565 SULLAIR,0,,0,1,,0,1,107563,165000,160000,155000,t
3148,TR3165,FILTRO PARTMO COMBUSTIBLE P346P,0,,0,1,,0,1,25210,45000,40000,37500,t
3149,TR3167,TEE ELECTRICA NARANJA,0,,0,1,,0,1,4202,7000,6500,6200,t
3150,TR3169,FILTRO SAKURA SEPARADOR DE AGUA SFC1902,0,,0,1,,0,1,71429,115000,110000,105000,t
3151,TR3170,LANZA ROYAL CONDOR REGULABLE DE 1/2X 91CM,0,,0,1,,0,1,26567,45000,40000,39000,t
3152,TR3171,LANZA ROYAL CONDOR REGULABLE DE 1/2X1.5CM FT,0,,0,1,,0,1,22481,38000,35000,32000,t
3153,TR3172,ESTUFA  2PT- 4PT  REF-1301 - 4343,0,,0,1,,0,1,264706,0,0,0,t
3154,TR3173,"MANGUERA PVC BALESTIL DE 2"" X 50 PSI",0,,0,1,,0,1,13445,25000,22000,20000,t
3155,TR3176,CEMENTO BLANCO X 20 KL ARGOS,0,,0,1,,0,1,31512.61,44000,43000,42000,t
3156,TR3177,"TUBO CUADRADO CR 1"" C-18 (1.0MM) 4.9KL",0,,0,1,,0,1,21429,0,0,0,t
3157,TR3178,TORNILLO AUTOPER 14 X 2+ ARANDELA,0,,0,1,,0,1,168.067142,0,0,0,t
3158,TR3179,JUEGO DE BROCAS HIERRO KANGARO 13 PZS REF-JB13P,0,,0,1,,0,1,11513,0,0,0,t
3159,TR3180,CORREA B 104,0,,0,1,,0,1,26248.5,39500,38500,37500,t
3160,TR3181,"POLEA ALUMINIO 4"" X 19MM CANAL B",0,,0,1,,0,1,42017,0,0,0,t
3161,TR3182,LLAVE BRISTOL (L) LARGA 7/32,0,,0,1,,0,1,4680,8500,8000,7700,t
3162,TR3183,REP GUADAÑA SHINDAIWA - KIT EMPAQUE CILINDRO B45-C35,0,,0,1,,0,1,2100.84,4000,3500,3200,t
3163,TR3184,MANGUERA ATOXICA 1 1/2 X 50,0,,0,1,,0,1,6386,11500,10500,9500,t
3164,TR3188,FILTRO BALDWIN REF: B161S (C8807) ACEITE,0,,0,1,,0,1,26275.179487,40000,38000,36500,t
3165,TR3189,FILTRO PARKER COMBUSTIBLE REC817,0,,0,1,,0,1,71429,110000,105000,102000,t
3166,TR3192,COMBO PULIDORA BRUSH 26PZS,0,,0,1,,0,1,378151,550000,530000,515000,t
3167,TR3193,"TALADRO MAGNUM 1/2"" 600W",0,,0,1,,0,1,119915,190000,180000,170000,t
3168,TR3194,JUEGO DE RIATAS TRUPER REF: 19285,0,,0,1,,0,1,41405,70000,65000,61000,t
3169,TR3195,CABLES PASA CORRIENTE 3M 8AWG TRUPER REF: 17543,0,,0,1,,0,1,33119,60000,55000,49000,t
3170,TR3196,"TUBO GAL T.L 2"" 1,9MM 16.55KL C-14",0,,0,1,,0,1,71344.54,0,0,0,t
3171,TR3199,"VARILLA TODO ROSCA GRADO 8 DE 1/2 """,0,,0,1,,0,1,7143,0,0,0,t
3172,TR3200,TRONILLO NEGRO 1/4 X 3.1/2 COMPLETO,0,,0,1,,0,1,546.4,0,0,0,t
3173,TR3201,TORNILLO NEGRO 5/16 X 3.1/2 COMPLETO,0,,0,1,,0,1,1050.1,0,0,0,t
3174,TR3202,GRASERA 3/8 RECTA,0,,0,1,,0,1,2101,0,0,0,t
3175,TR3204,ARNES MULTIPROPOSITO 4ARG A0350X ARMADURA,0,,0,1,,0,1,135570.175439,217600,207700,197800,t
3176,TR3205,DISCO CORTE METAL FINO 4 1/2 STANLEY,0,,0,1,,0,1,1250,2500,2000,1800,t
3177,TR3206,"DISCO CORTE METAL FINO 7"" STANLEY",0,,0,1,,0,1,2800,4500,4200,4000,t
3178,TR3207,ENGRASADORA STANLEY 400G REF: 78-031,0,,0,1,,0,1,117054.25,174200,169400,164500,t
3179,TR3208,JUEGO DE BROCAS HIERRO WERK 29 PCS 1/16 - 1/2,0,,0,1,,0,1,234569,345000,340000,335000,t
3180,TR3209,"TIJERA MULTIUSO CORNETA 9.5"" PLASTICA",0,,0,1,,0,1,6857,12000,11000,10000,t
3181,TR3210,"UNION ALUMINIO REDUCCION 1/2"" X 3/4""",0,,0,1,,0,1,4356,7500,7000,6500,t
3182,TR3211,TERMINAL ESTAÑADO 4/0 AWG 1/2,0,,0,1,,0,1,8206.62,13700,12600,12600,t
3183,TR3212,TERMINAL ESTAÑADO 4 AWG 1/4,0,,0,1,,0,1,1520.879032,3200,2600,2300,t
3184,TR3213,TERMINAL ESTAÑADO 2 AWG 5/16,0,,0,1,,0,1,2437.04,4700,4200,3700,t
3185,TR3214,TERMINAL BIMETALICO # 4 AWG (5/16),0,,0,1,,0,1,4962.57,9000,8500,8000,t
3186,TR3215,TERMINAL BIMETALICO # 6 AWG (1/4),0,,0,1,,0,1,4484.22,7500,7000,6700,t
3187,TR3216,DISCO CORTE METAL FINO TOTAL 4 1/2,0,,0,1,,0,1,1487.39,3000,2400,2100,t
3188,TR3217,"GRATA COPA TRENZADA 3""",0,,0,1,,0,1,8170,14000,13000,12000,t
3189,TR3218,CARETA SOLDAR INTELIGENTE FURIUS,0,,0,1,,0,1,63025.4,110000,100000,90000,t
3190,TR3219,CARETA SEGURIDA CON MALLA TOTAL,0,,0,1,,0,1,15966.4,28000,25000,23500,t
3191,TR322,"TEJA ZINC GALVALUM IMPORT CL 35 X 3.60 MTS 4,14KL",0,,0,1,,0,1,0,0,0,0,t
3192,TR3220,"FORMON DE 1"" TOTAL",0,,0,1,,0,1,13546,25000,22000,20000,t
3193,TR3221,CUCHILLA BISTURI CAJITA X 10 UND,0,,0,1,,0,1,1428.6,2800,2500,2100,t
3194,TR3222,ALICATE MINI PUNTA FINA UYUSTOOLS 4 1/2,0,,0,1,,0,1,7371.43,14000,12000,11000,t
3195,TR3223,"LLAVE EXPANSIVA COVO CROMADA 8""",0,,0,1,,0,1,12614,22000,20000,18500,t
3196,TR3224,"LLAVE EXPANSIVA 15"" TOTAL CROMADA",0,,0,1,,0,1,50070.59,80000,75000,72000,t
3197,TR3225,"LLAVE EXPANSIVA 12"" COVO CROMADA",0,,0,1,,0,1,19754.62,33000,31000,29500,t
3198,TR3226,"LLAVE EXPANSIVA 10""COVO ENCAUCHETADA",0,,0,1,,0,1,16386.55,27000,25000,23500,t
3199,TR3227,POMADA ESTAÑO LA UNICA 8g,0,,0,1,,0,1,1969.9,4000,3500,3000,t
3200,TR3228,"PVC TAPON PSI ROSCADO 2""",0,,0,1,,0,1,1925,3500,3000,2700,t
3201,TR3229,BREKE ENCHUFABLE 2X60 LUMINEX,0,,0,1,,0,1,44982,75000,70000,65000,t
3202,TR3230,BREKE ENCHUFABLE 2X20 LUMINEX,0,,0,1,,0,1,37236,65000,60000,55000,t
3203,TR3231,PULSADOR TIMBRE FORTE REF. 43070,0,,0,1,,0,1,3917.9,7500,7000,6500,t
3204,TR3233,EXTENSION ELECTRICA NARANJA 3 MTS,0,,0,1,,0,1,5500,10000,9000,8000,t
3205,TR3234,EXTENSION ELECTRICA NARANJA 5 MTS,0,,0,1,,0,1,8730,15000,14000,13000,t
3206,TR3235,EXTENSION ELECTRICA NARANJA 8 MTS,0,,0,1,,0,1,11000,19600,17500,16400,t
3207,TR3236,EXTENSION ELECTRICA NARANJA 15 MTS,0,,0,1,,0,1,18400,32800,29600,27400,t
3208,TR3237,CAJA REDUCTORA SINFIN TAM 110 20-1,0,,0,1,,0,1,1031857.98,1550000,1499900,1450000,t
3209,TR3238,CINTA ENMASCARAR BLANCA TESA 18MM X 40M,0,,0,1,,0,1,3283,6000,5500,5000,t
3210,TR3239,PVC TAPON PSI ROSCA DE 1/2,0,,0,1,,0,1,193,600,500,350,t
3211,TR3240,TORNILLO HEX NEGRO G-5 5/8 X 1 1/2,0,,0,1,,0,1,1680.7,3000,2700,2400,t
3212,TR3242,TALADRO IMPACTO INGCO DE 1/2 110V REF-UIW10508,0,,0,1,,0,1,226655,350000,330000,320000,t
3213,TR3244,"ACOPLE ALUMINIO RAPIDO TP E 3""",0,,0,1,,0,1,28571.4,0,0,0,t
3214,TR3246,REGISTRO DUCHA GRIVAL PASO BOLA REF-3331,0,,0,1,,0,1,55180.51,100300,95000,90300,t
3215,TR3247,CORREA A 66,0,,0,1,,0,1,10924,0,0,0,t
3216,TR3248,TOMA INCRUSTAR PATA TRABADA 2 X 20 AMP,0,,0,1,,0,1,7830,13500,12500,11500,t
3217,TR3249,TOMA AEREA CAUCHO PATA TRABADA 2 X 20 AMP,0,,0,1,,0,1,5331,10000,9000,8000,t
3218,TR3250,CLAVIJA CAUCHO PATA TRABADA 3 X 20 AMP,0,,0,1,,0,1,4623,7500,7000,6500,t
3219,TR3251,CABLE COBRE AISLADO # 2/0,0,,0,1,,0,1,41074,60000,58000,56000,t
3220,TR3252,CABLE BATERIA # 2/0,0,,0,1,,0,1,45850,70000,68000,66000,t
3221,TR3257,PLATON BUGGY (5000),0,,0,1,,0,1,84990,143100,133500,124000,t
3222,TR3259,LLAVE BRISTOL (L) LARGA 14MM,0,,0,1,,0,1,60504.4,100000,95000,90000,t
3223,TR3260,LLAVE BRISTOL (L) CORTA 14MM,0,,0,1,,0,1,33613.4,50000,49000,48000,t
3224,TR3261,FILTRO DE AIRE EXTERNO IFP2570,0,,0,1,,0,1,64286.1,110000,105000,102000,t
3225,TR3262,FILTRO DE AIRE INTERNO IFP4570,0,,0,1,,0,1,41596.2,70000,68000,66000,t
3226,TR3263,PVC TUBO SANI 1 1/2 TP POLIPLEX,0,,0,1,,0,1,3865.7,0,0,0,t
3227,TR3264,PVC CODO SANI 1 1/2 CXC,0,,0,1,,0,1,756,0,0,0,t
3228,TR3265,PVC BUJE SANI 2 X 1 1/2,0,,0,1,,0,1,481,1900,1300,900,t
3229,TR3266,MANGUERA SUCCION 1 X 3 MTS,0,,0,1,,0,1,66600,117800,87200,87200,t
3230,TR3270,BASE ESFERA TAIWAN T-68-80,0,,0,1,,0,1,7633,9500,8500,7500,t
3231,TR3272,"NIPLE GALVANIZADO HG 1"" X 8""",0,,0,1,,0,1,4748.5875,9500,8500,7500,t
3232,TR3273,"TAPON MACHO GALVANIZADO 1""",0,,0,1,,0,1,1300,3000,2500,2000,t
3233,TR3274,"TAPON COPA GALVANIZADO 1""",0,,0,1,,0,1,1536.4375,3500,3000,2500,t
3234,TR3275,BARRENA SANDVIK INTEGRAL 1.60 CM,0,,0,1,,0,1,408382.333333,588700,579400,570000,t
3235,TR3276,BARRENA SANDVIK CONICA 1.80 CM,0,,0,1,,0,1,456065.233333,730000,700000,680000,t
3236,TR3278,FILTRO BALDWIN REF: BT237 ACEITE,0,,0,1,,0,1,37200,81200,67600,64900,t
3237,TR3279,MACHUELO ACERO 1/2 X 13,0,,0,1,,0,1,12121,18200,17400,16600,t
3238,TR3280,"ESMERIL DE BANCO TRUPER 8"" X 3/4 HP",0,,0,1,,0,1,357251.5,548400,536700,525100,t
3239,TR3281,JUEGO DE PIEDRAS 10 PCZ TRUPER REF-12445,0,,0,1,,0,1,19341,32000,30000,28500,t
3240,TR3282,"CAJA HERRAMIENTAS PRETUL 16""",0,,0,1,,0,1,23042,38000,36000,34000,t
3241,TR3283,"CAJA HERRAMIENTAS PRETUL 19""",0,,0,1,,0,1,30137,47000,45000,43000,t
3242,TR3284,LLAVE FILTRO DE ACEITE  TRUPER 1 1/2 B/HUELE (15818),0,,0,1,,0,1,38306,65000,60000,55000,t
3243,TR3285,"TORNILLO HEXA G-5 NEGRO 1/4 X 1""",0,,0,1,,0,1,168,500,400,300,t
3244,TR3286,GUASA 1/4,0,,0,1,,0,1,42,100,100,100,t
3245,TR3287,ARANDELA 1/4,0,,0,1,,0,1,84.13,200,200,150,t
3246,TR3288,PLUMAGRUA CON VALDE,0,,0,1,,0,1,2352941,3449800,3399900,3350000,t
3247,TR3289,LLAVE MIXTA STANLEY 23MM,0,,0,1,,0,1,23870.5,40000,38000,36000,t
3248,TR3290,GUARDACABO DE 1/2 T-PESADO,0,,0,1,,0,1,1176,0,0,0,t
3249,TR3291,FILTRO SAKURA DE AIRE EXTERNO A5108,0,,0,1,,0,1,63025,105000,100000,95000,t
3250,TR3292,GRAPA METALICA DOBLE OJO DE 1/2,0,,0,1,,0,1,420.17,0,0,0,t
3251,TR3293,TORNILLO DRYWALL 8 X 1 1/2,0,,0,1,,0,1,37.8151,0,0,0,t
3252,TR3295,CINTA PH 014,0,,0,1,,0,1,56302.6,0,0,0,t
3253,TR3296,REGLA BOQUILLERA PARA FRISAR 3 X 1 ET217,0,,0,1,,0,1,13613.5,0,0,0,t
3254,TR3297,CORREA C 169,0,,0,1,,0,1,64220,113600,84100,84100,t
3255,TR3298,CORREA C 122,0,,0,1,,0,1,46360,82000,60700,62000,t
3256,TR3299,CORREA C 162,0,,0,1,,0,1,61560,108900,80600,80600,t
3257,TR3300,CORREA C 148,0,,0,1,,0,1,56240,99500,73600,73600,t
3258,TR3301,CORREA C 94,0,,0,1,,0,1,49820,88100,65200,65200,t
3259,TR3302,"ANGULO 3/4 X 1/8 4,9KL",0,,0,1,,0,1,17647,0,0,0,t
3260,TR3303,TEJA ZINC CORPOACERO CL 17 X 2.14 MTS,0,,0,1,,0,1,15126,0,0,0,t
3261,TR3305,"POLEA HIERRO 6 X 2"" CANAL EN C HIERRO",0,,0,1,,0,1,137000,205000,200000,195000,t
3262,TR3306,MARTILLO MINI MANGO ENCAUCHETADO,0,,0,1,,0,1,7100,12500,11500,10500,t
3263,TR3307,JUEGO BROCAS MADERA 6 PZS OYUSTOOLS REF - BCM601,0,,0,1,,0,1,19838,31500,30000,29000,t
3264,TR3308,LIMA MOTOS. OREGON ORIGINAL 5/32,0,,0,1,,0,1,5726.6,9500,9000,8500,t
3265,TR3309,BALINERA 6313 2RS,0,,0,1,,0,1,66048,160000,140000,120000,t
3266,TR3311,NYLON GUADAÑADORA PLASTICA ROJA BELLOTA,0,,0,1,,0,1,363.27,800,700,550,t
3267,TR3313,"POLEA HIERRO 3.5"" X 2 CANAL B EJE 38MM",0,,0,1,,0,1,48000,80000,75000,70000,t
3268,TR3314,INVERSOR SOLDADADOR INVERTE NEO 10250 IMET,0,,0,1,,0,1,1481668.8,2599900,2550100,2499900,t
3269,TR3315,BEBEDERO TANKPLAST 250LTS,0,,0,1,,0,1,102353,0,0,0,t
3270,TR3316,TEJA ARQUITECTONICA ROJA CAL-31 X 6MTS (14.5 KL),0,,0,1,,0,1,71428.9,0,0,0,t
3271,TR3317,HIDROLAVADORA MASSO 1200W,0,,0,1,,0,1,260420,390000,380000,370000,t
3272,TR3318,"POLEA HIERRO 4"" X 2 CANAL B EJE 32MM",0,,0,1,,0,1,60000,95000,90000,85000,t
3273,TR3319,"ACOPLE ALUMINIO RAPIDO TP A 1 1/2"" HEMBRA",0,,0,1,,0,1,6975,11400,10600,9900,t
3274,TR3320,INVERSOR SOLDADOR ELITE SI7160XP 160AMP,0,,0,1,,0,1,622497,950000,900000,850000,t
3275,TR3321,INVERSOR SOLDADOR MINI FURIUS FW-182 CEL 180AMP,0,,0,1,,0,1,294117.65,450000,430000,420000,t
3276,TR3322,"TEJA ZINC GALVALUM IMPORT CL 35 X 3.60 MTS 4,14KL",0,,0,1,,0,1,21260.56,0,0,0,t
3277,TR3323,CINTA AISLANTE ACCEL AZUL X 10MTS,0,,0,1,,0,1,1550,3500,3000,2500,t
3278,TR3324,CUCHARA ALUMINIO 1 KILO,0,,0,1,,0,1,11765,0,0,0,t
3279,TR3325,"BOQUILLA ALUMINIO PUNTA BRONCE 3""",0,,0,1,,0,1,57750,95000,90000,85000,t
3280,TR3327,"TEE GALVANIZADA 2""",0,,0,1,,0,1,9009.15,15500,14500,13500,t
3281,TR3328,TALADRO INALAMBRICO INGCO 20V REF: UCIDLI20668,0,,0,1,,0,1,268583,385100,376100,367200,t
3282,TR3329,MINI COMPRESOR DE AIRE INGCO0 12V AAC2508,0,,0,1,,0,1,134900,210000,200000,195000,t
3283,TR3330,CARGADOR DE BATERIA INGCO 12/24 V UCB1601,0,,0,1,,0,1,198349.366667,300000,290000,280000,t
3284,TR3331,CINTA AUTOFUNDENTE ACCEL SUPER 23,0,,0,1,,0,1,21008,35000,32000,30000,t
3285,TR3332,BREKE RIEL 3X16 CHINT,0,,0,1,,0,1,28093.878049,53300,50400,48500,t
3286,TR3333,CORREA B 142,0,,0,1,,0,1,34400,53000,52000,51000,t
3287,TR3334,CAJA ELECTRICA 12 CTO BIFASICA,0,,0,1,,0,1,249204,370000,360000,350000,t
3288,TR3335,BEBEDERO TANKPLAST 1000LTS,0,,0,1,,0,1,315126,0,0,0,t
3289,TR3336,FLOTADOR ELECTRA PARA BEBEDERO,0,,0,1,,0,1,27731,0,0,0,t
3290,TR3338,CABLE COBRE DESNUDO #4 CENTELSA,0,,0,1,,0,1,14538,0,0,0,t
3291,TR3339,"POLEA HIERRO 16"" X 2 CANAL B EJE 2""",0,,0,1,,0,1,280000,390000,380000,370000,t
3292,TR3340,PRISIONERO 5/16 X 11/4 SIN CABEZA,0,,0,1,,0,1,283.5,1000,700,500,t
3293,TR3341,PRISIONERO 5/16 X 11/4 CON CABEZA,0,,0,1,,0,1,517.5,1200,1000,800,t
3294,TR3342,"MANGUERA PRESION SUCCION 1 1/2"" 145-435 PSI STRONG",0,,0,1,,0,1,36975,0,0,0,t
3295,TR3343,"ANGULO 1 1/4 X 1/8 8,1KL",0,,0,1,,0,1,37815.3,0,0,0,t
3296,TR3344,"PLATINA 2 X 1/8 7,14KL",0,,0,1,,0,1,38655,0,0,0,t
3297,TR3345,"TUBO CUAD. ESTRUC GRADO C 100X100 X 6M C-12 2,5MM 46,38KL",0,,0,1,,0,1,218487.3,0,0,0,t
3298,TR3346,THINNER CORRIENTE X 1L,0,,0,1,,0,1,19495.798319,0,0,0,t
3299,TR3347,"GALAPAGO COLLARIN 2 X 1""",0,,0,1,,0,1,9500,0,0,0,t
3300,TR3348,PISTOLA DE IMPACTO INALAMBRICA GLADIADOR LI-8400/18 C1,0,,0,1,,0,1,291591.6,430000,415000,400000,t
3301,TR3349,BREKE RIEL 2X50A CHINT,0,,0,1,,0,1,19838.293158,33900,31000,29100,t
3302,TR3350,GUARDA MOTOR MULTIVOLTAJE CHINT 13-18 AMP,0,,0,1,,0,1,84873.9725,0,0,0,t
3303,TR3351,PLATINA 2 X 3/16 11.1KL,0,,0,1,,0,1,48739,0,0,0,t
3304,TR3352,TOMA LEVINTON NARANJADOBLE ECO (HOSPITALARIA),0,,0,1,,0,1,8079,14000,13000,12000,t
3305,TR3353,INVERSOR MALACATE MARGIRIUS (40AMP),0,,0,1,,0,1,120168,0,0,0,t
3306,TR3359,"ACOPLE ALUMINIO REDUCCION 1"" X 1/2""",0,,0,1,,0,1,4752,8000,7500,7000,t
3307,TR3360,"CHUMACERA 207-20 1 1/4""",0,,0,1,,0,1,18925.16,38100,35400,31800,t
3308,TR3361,ESMERIL DE BANCO INGCO 150W REF-61502,0,,0,1,,0,1,122930,205000,190300,175700,t
3309,TR3362,LIBRE,0,,0,1,,0,1,0,53000,50000,48000,t
3310,TR3363,"TUBO DOBLE PARED CORRUGADO 8""",0,,0,1,,0,1,151261,0,0,0,t
3311,TR3364,"TORNILLO TIRAFONDO 3/8 X 4""",0,,0,1,,0,1,1008.4,0,0,0,t
3312,TR3365,INYECTOR ACPM COMPLETO LISTER 8/1 HP BOSCH,0,,0,1,,0,1,327731,0,0,0,t
3313,TR3366,BOMBA COMBUSTIBLE 6/8/12/16 LISTER,0,,0,1,,0,1,352941,0,0,0,t
3314,TR3367,EMPAQUE CULATA LISTER 8/1,0,,0,1,,0,1,77311,0,0,0,t
3315,TR3369,TALADRO INALAMBRICO DEWALT REF: DCD7781-D2,0,,0,1,,0,1,527235.333333,900000,780000,765000,t
3316,TR3370,DISCO CORTE CONTINUO VERDE PARA VIDRIO 4 1/2 FREE ZONE,0,,0,1,,0,1,8823,15000,14000,13000,t
3317,TR3371,DISCO CARBORUNDO TUNGSTENO 4 1/2 COVO,0,,0,1,,0,1,13445,23000,21000,19500,t
3318,TR3372,DISCO DIAMANTADO TURBO FINO 4 1/2 TOTAL,0,,0,1,,0,1,13529,23000,22000,20000,t
3319,TR3373,TALADRO INALAMBRICO TOTAL,0,,0,1,,0,1,285714.29,431900,413500,404300,t
3320,TR3374,JUEGO LLAVE L 7PCS REF-5B-17 BRICKELL,0,,0,1,,0,1,3059,9000,7000,5000,t
3321,TR3375,LLAVE COPA EN YEE #8-10-12,0,,0,1,,0,1,3496,7000,6000,5000,t
3322,TR3376,JUEGO ACOPLES COMPRESOR 17PCS BRICKELL REF-BK-1347,0,,0,1,,0,1,22353.048,38400,36300,33200,t
3323,TR3377,AMARRE PLASTICO NEGRO 7.0 X 400MM X 100,0,,0,1,,0,1,110,200,200,200,t
3324,TR3378,AMARRE PLASTICO NEGRO 7.0 X 550MM X 100,0,,0,1,,0,1,193.277,200,200,200,t
3325,TR3380,FORMON TOTAL 3/4,0,,0,1,,0,1,12672,22000,20000,18500,t
3326,TR3381,CONMUTADOR VOLTIO 160 AMP,0,,0,1,,0,1,234454,0,0,0,t
3327,TR3382,CABLE ALUMINIO TRENZADO #1/0,0,,0,1,,0,1,20168.07,0,0,0,t
3328,TR3383,PERROS 3/4 TIPO PESADO,0,,0,1,,0,1,9350,16000,15000,14000,t
3329,TR3384,BANDA CORRUGADA 3 LONAS 6 CMTS,0,,0,1,,0,1,23529.47,0,0,0,t
3330,TR3386,LIMPIADOR ELECTRONICO CRC 235ML,0,,0,1,,0,1,19167,29000,28000,27000,t
3331,TR3387,LIMPIADOR ELECTRONICO CRC 150ML,0,,0,1,,0,1,14447,25000,23000,21500,t
3332,TR3388,CINTA TAPA GOTERA 1 MT DE ALTO X MTS,0,,0,1,,0,1,32551,56800,51300,50100,t
3333,TR3389,CINTA TAPAGOTERA 30CM X 10MTS ALUMBAND,0,,0,1,,0,1,8963,15600,14000,13000,t
3334,TR3393,GATO HIDRAULICO 6 TON,0,,0,1,,0,1,67950,120000,110000,100000,t
3335,TR3394,EQUIPO OXICORTE  WELDING 1C016-0045,0,,0,1,,0,1,491000,720000,700000,670000,t
3336,TR3395,INVERSOR SOLDADOR 4 EN 1 GLADIADOR INVERTE,0,,0,1,,0,1,1408497.6,1999900,1950000,1900000,t
3337,TR3398,"VALVULA O GRANADA ALUMINIO TIP J 4""",0,,0,1,,0,1,179056,0,0,0,t
3338,TR3399,FILTRO DE ACEITE JX1008AE,0,,0,1,,0,1,30000,55000,50000,45000,t
3339,TR3400,MARTILLO TY-29,0,,0,1,,0,1,1172269,2000100,1900100,1800000,t
3340,TR3401,COLUMNA MARTILLO YT-29,0,,0,1,,0,1,508403,900100,800000,700000,t
3341,TR3402,REP MARTILLO YT29 - ALETAS,0,,0,1,,0,1,2521,8000,7000,6000,t
3342,TR3403,AUTOMATICO DE PALANCA,0,,0,1,,0,1,19837,40000,35000,30000,t
3343,TR3404,JUEGO DE LLAVES MIXTA 14PCZ BRICKELL,0,,0,1,,0,1,62425,110000,100000,90000,t
3344,TR3405,JUEGO DE BROCAS MIXTAS 9PCZ COVO (MADERA -MURO-HIERRO),0,,0,1,,0,1,16454,28000,26000,24000,t
3345,TR3406,JUEGO COPAS CORNETA X 12 PZS,0,,0,1,,0,1,73180.11,120000,115000,105000,t
3346,TR3407,"TELEVISOR SMART HIUNDAY 55"" LED 4K",0,,0,1,,0,1,1242544,1760100,1729900,1699900,t
3347,TR3408,CORREA B 118,0,,0,1,,0,1,28586,44500,43500,42500,t
3348,TR3409,"PVC SEMICODO PSI 3""",0,,0,1,,0,1,11261,0,0,0,t
3349,TR3411,TALADRO PERCUTOR MAKITA REF: HP1630,0,,0,1,,0,1,267226.89,418700,398800,388800,t
3350,TR3412,MALLA ESLABONADA 2 X 10MTS C-10,0,,0,1,,0,1,347058.82,0,0,0,t
3351,TR3413,CORREA B 160,0,,0,1,,0,1,38760,59500,58500,57500,t
3352,TR3414,CORREA B 127,0,,0,1,,0,1,30766,47500,46500,45500,t
3353,TR3415,"PVC SIFON SANI 3""",0,,0,1,,0,1,3041,5400,5000,4500,t
3354,TR3416,"KIT LINEA DE VIDA ENCISO 2 1/2"" CIERDA 16MM X 30 MTS",0,,0,1,,0,1,518400,680000,650000,620000,t
3355,TR3419,"ANGULO DE 1 1/2 X 1/8 10,9 KL",0,,0,1,,0,1,31092,0,0,0,t
3356,TR3420,CABLE PARABOLICA COAXIAL ACCEL,0,,0,1,,0,1,504.1,0,0,0,t
3357,TR3421,TERMINAL COAXIAL PARABOLICA COMPACTA,0,,0,1,,0,1,1261,0,0,0,t
3358,TR3422,"TEJA ZINC ACESCO CL 35 X 3.60 MTS (4,17)",0,,0,1,,0,1,31092.44,0,0,0,t
3359,TR3424,COMBO PULIDORA GW850 + TALADO GBS550 BOSCH,0,,0,1,,0,1,372195,550000,530000,520000,t
3360,TR3425,TALADRO EINHELL TC-ID 710E,0,,0,1,,0,1,113900,180000,170000,165000,t
3361,TR3426,VISOR PARA CARETA TRASPARENTE,0,,0,1,,0,1,7000,13000,11500,10000,t
3362,TR3427,VISOR PARA CARETA DE MALLA,0,,0,1,,0,1,10000,19000,17000,15000,t
3363,TR3428,"MANGUERA LINEA AZUL 3"" CAL:100 90MM RD17 PN10 X 50MTS",0,,0,1,,0,1,756302.5,0,0,0,t
3364,TR3429,"MANGUERA RIEGO CAL 60 2"" X 200 MTS",0,,0,1,,0,1,760000,890000,870000,850000,t
3365,TR3431,REDUCCION COPA GALVANIZADA 2 X 1/2,0,,0,1,,0,1,5565.8,15400,12300,10300,t
3366,TR3432,"REDUCCION BUCHI GALVANIZADO 1"" X 3/8""",0,,0,1,,0,1,1994.1,4000,3500,3200,t
3367,TR3433,LADRILLO REFRECTARIO ARCO #22 U-33 CUÑA MEDIA,0,,0,1,,0,1,11764.74,0,0,0,t
3368,TR3434,LAMINA GALVANIZADA C-18 2X1 1.10MM 18.1KLS,0,,0,1,,0,1,85714,0,0,0,t
3369,TR3435,CINTA ENMASCARAR BLANCA TESA 12MM X 40M (1/2),0,,0,1,,0,1,2525,5000,4500,3800,t
3370,TR3436,IMPULSOR ROBUSTA 7.5 HP,0,,0,1,,0,1,136379,220000,210000,200000,t
3371,TR3441,"MANGUERA PRESION SUCCION 3"" 145-150 PSI",0,,0,1,,0,1,74790,0,0,0,t
3372,TR3442,GRATA CIRCULAR TRENZADA CORNETA,0,,0,1,,0,1,9008,17000,15000,13000,t
3373,TR3443,CANDADO GATO 63MM,0,,0,1,,0,1,19669,37000,35000,32000,t
3374,TR3444,CORREA C 168,0,,0,1,,0,1,140000,200000,195000,190000,t
3375,TR3453,TOTALIZADOR CHINT 200 AMP,0,,0,1,,0,1,142994,275300,260000,249600,t
3376,TR3464,MALLA ELECTROSOLDAR #4 X 6 MTS,0,,0,1,,0,1,77311,0,0,0,t
3377,TR3465,TERMINAL CONDUIT 1-1/2,0,,0,1,,0,1,1429,0,0,0,t
3378,TR3469,"TORNILLO HEX G5-RO 7/16 X 2""",0,,0,1,,0,1,672,0,0,0,t
3379,TR3470,TUERCA G-5 RO 7/16,0,,0,1,,0,1,210,0,0,0,t
3380,TR3471,"MANGUERA RIEGO CAL 40  3/4"" X 300MTS",0,,0,1,,0,1,67500,88300,83400,78500,t
3381,TR3472,TUERCA 7/8,0,,0,1,,0,1,798.3,0,0,0,t
3382,TR3473,KIT FILTROS PLANTA 75KVA,0,,0,1,,0,1,225210,0,0,0,t
3383,TR3474,BROCA BERBIQUI IRWIN 3/8,0,,0,1,,0,1,9469,18000,16000,14000,t
3384,TR3475,CORREA B 132,0,,0,1,,0,1,31947.5,49500,48500,47500,t
3385,TR3476,ALMADANA 3 LB COLIMA,0,,0,1,,0,1,23454,38000,36000,34000,t
3386,TR3477,"PVC UNION PSI 3""",0,,0,1,,0,1,5194,9100,8500,7700,t
3387,TR3479,"VALVULA O GRANADA PVC ROSCA 4""",0,,0,1,,0,1,79450,125000,120000,115000,t
3388,TR3480,ASPIRADORA TRUPER 5HP,0,,0,1,,0,1,672269,940000,920000,900000,t
3389,TR3481,"CANAL U T.L 3"" (31.6 KL)",0,,0,1,,0,1,148824,0,0,0,t
3390,TR3483,BARRENA CONICA 120 ROCK TOOLS,0,,0,1,,0,1,182550.132,283900,273400,262900,t
3391,TR3484,DIFERENCIAL ELEC./GUAYA /WINCHER 500-1000K * 12 MTS 110V,0,,0,1,,0,1,892900,1319900,1300000,1280000,t
3392,TR3485,DINAMOMETRO 50KG,0,,0,1,,0,1,26611,44000,42000,40000,t
3393,TR3486,INVERSOR SOLDADOR ESAB ROGUE 220V,0,,0,1,,0,1,2605042,0,0,0,t
3394,TR3488,PISTOLA PINTAR ELECTRICA INGCO 450W REF-3508,0,,0,1,,0,1,87400,150000,140000,130000,t
3395,TR3489,SOPLADORA INALAMBRICA INGCO 20V REF-20781,0,,0,1,,0,1,112100,200000,180000,170000,t
3396,TR3490,INVERSOR SOLDADOR INGCO 200 AMP REF-200691,0,,0,1,,0,1,560500,850000,820000,800000,t
3397,TR3491,AIRE ACONDICIONADO INVERTE MABE 220V,0,,0,1,,0,1,1039975,1600000,1550000,1499900,t
3398,TR3492,ESTACION DE MANDO 2 PULSADORES + PARADA EBC,0,,0,1,,0,1,33613.32,59500,56400,55000,t
3399,TR3496,PLASTICO NEGRO 12 MTS,0,,0,1,,0,1,27731,48000,45000,42000,t
3400,TR3498,"KIT LINEA DE VIDA ENCISO 2 1/2"" CUERDA  16MM X 70MTS",0,,0,1,,0,1,669120,1254100,1157700,1061200,t
3401,TR3499,VIGA HEA 140MM 148.2 KLS,0,,0,1,,0,1,672269,1060000,1000000,960000,t
3402,TR3502,PVC TUBO SANI 1 1/2 T.L ECOPLEX,0,,0,1,,0,1,1933,4000,3500,3200,t
3403,TR3503,ABRAZADERA INDUSTRIAL REF:504,0,,0,1,,0,1,6807,12500,11500,10500,t
3404,TR3505,TIRFOR X 1600 KG,0,,0,1,,0,1,845145,1165700,1088000,1010300,t
3405,TR3507,"VIGA IPE 7"" 180MM",0,,0,1,,0,1,522689,850000,800000,750000,t
3406,TR3508,CABLE ENCAUCHETADO 2X14,0,,0,1,,0,1,4459,9000,8000,7000,t
3407,TR3509,LIMPIADOR DE  BOQULLA,0,,0,1,,0,1,6058.82,20000,15000,10000,t
3408,TR3510,FILTRO DE AIRE EXTERNO AF2756 (CONICO),0,,0,1,,0,1,92437,165800,151300,137500,t
3409,TR3511,MANGUERA OXICORTE 1/4 ACOPLADA X 6,0,,0,1,,0,1,109243.7,39700,34000,31800,t
3410,TR3512,"SIFON SANI 4""",0,,0,1,,0,1,7487,13100,12700,12300,t
3411,TR3513,"PVC CODO SANI 2"" CXE",0,,0,1,,0,1,764,2900,2000,1500,t
3412,TR3514,"PVC SIFON SANI 2""",0,,0,1,,0,1,1520,5000,4000,3000,t
3413,TR3515,"PVC ADAPTADOR HEMBRA PSI 4""",0,,0,1,,0,1,10142,18200,17700,16600,t
3414,TR3516,CANASTILLA PLASTICA CON SIFON,0,,0,1,,0,1,8493,19500,16600,14600,t
3415,TR3517,BARRENA SANDVIK INTEGRAL 1.80CM,0,,0,1,,0,1,518987,791700,745200,726500,t
3416,TR3518,FLEXOMETRO SUPERIOR X 3 MTS,0,,0,1,,0,1,4231.3,8400,8000,7100,t
3417,TR3519,MINERAL AZUL X 500G FERROXIDO,0,,0,1,,0,1,3865.6,0,0,0,t
3418,TR3520,"TUBO RECTA ESTRUC 4"" X 1 1/2"" C-16 1.5MM (32,7KL)",0,,0,1,,0,1,85714.16,0,0,0,t
3419,TR3522,ASIENTO PARA BAÑO BLANCO (BISCOCHO),0,,0,1,,0,1,17647,30800,28900,23100,t
3420,TR3523,FILTRO BALDWIN REF: B7350,0,,0,1,,0,1,105042,0,0,0,t
3421,TR3525,LLAVE COPA EN TEE #13 SATA,0,,0,1,,0,1,31092,0,0,0,t
3422,TR3526,MALLA ESLABONADA 1.50 X 20MT C-13,0,,0,1,,0,1,267227,0,0,0,t
3423,TR35274,"TUBO CERRAMIENTO NEGRO 1 1/2"" (1.5MM)  10,3KLS",0,,0,1,,0,1,65546,0,0,0,t
3424,TR3528,"TUBO CERRAMIENTO NEGRO 1"" (1.5MM) 9,61KLS",0,,0,1,,0,1,41176,0,0,0,t
3425,TR3530,CADENA ESLABONADA 1/8 X 100MTS,0,,0,1,,0,1,2730,6000,4600,4500,t
3426,TR3531,CADENA ESLABONADA 3/16 X 100MTS,0,,0,1,,0,1,6060,13200,10600,9900,t
3427,TR3532,CADENA ESLABONADA 5/32 X 100MTS,0,,0,1,,0,1,4090,8900,7100,6700,t
3428,TR3533,COMPRESOR MAXWELLD 2.5 HP 30LT 110V ZB2030,0,,0,1,,0,1,410200,894900,715900,671200,t
3429,TR3534,COMPRESOR MAXWELLD 2HP 110V ZB2024,0,,0,1,,0,1,388100,705600,677400,635000,t
3430,TR3535,FILTRO ACEITE  HCX-22,0,,0,1,,0,1,38000,49700,62200,59900,t
3431,TR3536,FILTRO COMBUSTIBLE HCX-7104G,0,,0,1,,0,1,45000,78500,73600,71000,t
3432,TR3537,CORREA C 190,0,,0,1,,0,1,72200,126000,121200,118100,t
3433,TR3538,CRISOL CORONA AGF No 50,0,,0,1,,0,1,921008,1205600,1565700,1507000,t
3434,TR3539,GOZNES ALETA 5/8,0,,0,1,,0,1,7143,9400,12100,11700,t
3435,TR3540,"PVC TAPON SANI PRUEBA 1 1/2""",0,,0,1,,0,1,252,400,400,400,t
3436,TR3541,INVERSOR SOLDADOR SWEISS SKYARC 2560,0,,0,1,,0,1,1774454,3226100,3016600,2903500,t
3437,TR3542,"TUBO RECTA CLL 4"" X 1 1/2"" C-18 1MM (10,6KLS)",0,,0,1,,0,1,63866,83600,108600,104500,t
3438,TR3543,"ACOPLE ALUMINIO RAPIDO TP E 1 1/2""",0,,0,1,,0,1,9243.8,16100,15500,15100,t
3439,TR3546,FILTRO BALDWIN REF: B10-AL (TRAMPA),0,,0,1,,0,1,226891,0,0,0,t
3440,TR3547,TERMINAL ESTAÑADO 8 AWG 1/4,0,,0,1,,0,1,1152.56,2700,2200,1800,t
3441,TR3548,TEJA ARQUITECTONICA CAL-28 (AZUL) 1X6 MTS,0,,0,1,,0,1,205462.18,368400,358600,324000,t
3442,TR3551,GUARDA MOTOR MULTIVOLTAJE 17-23 AMP,0,,0,1,,0,1,87395,114400,143000,134600,t
3443,TR3552,GUARDAMOTOR MULTIVOLTAJE 6-10 AMP,0,,0,1,,0,1,87395,114400,143000,134600,t
3444,TR3553,GUARDAMOTOR MULTIVOLTAJE 20-25 AMP,0,,0,1,,0,1,78992,103400,129300,121600,t
3445,TR3556,PERFIL PLACA FACIL X 6MTS 28.14KL,0,,0,1,,0,1,108403.36,184300,177400,171000,t
3446,TR3557,"BROCHA GAVILAN 4""",0,,0,1,,0,1,11261,19700,18400,17300,t
3447,TR3558,ANGULO 1 X 1/8 5.59 KL,0,,0,1,,0,1,22689,49900,46700,44000,t
3448,TR3562,MARCO SEGUETA TOTAL,0,,0,1,,0,1,9478.99,17700,15900,14900,t
3449,TR3563,"DISCO CORTE METAL FINO 7"" TOTAL",0,,0,1,,0,1,3546.22,7100,5600,5100,t
3450,TR3564,JUEGO LLAVES BRISTOL TOTAL X 8 PIEZAS THT-1826,0,,0,1,,0,1,11848.74,22500,20700,19400,t
3451,TR3565,JUEGO DE FORMON MINI 3-PIEZA,0,,0,1,,0,1,23361.34,43700,40800,39200,t
3452,TR3566,JUEGO DESTORNILLADOR TOLTA X 8 PIEZAS REF: 0826,0,,0,1,,0,1,30588.24,57200,53400,50100,t
3453,TR3567,"HOMBRESOLO UYUSTOOL 10"" RECTO",0,,0,1,,0,1,15126.05,27100,25400,24800,t
3454,TR3568,MULTIMETRO DIGITAL BRICKEL BK-1099,0,,0,1,,0,1,26470.59,49500,46200,43900,t
3455,TR3569,"PULIDORA TOTAL 4 1/2"" 900W REF: UTG-5565",0,,0,1,,0,1,130252.1,243600,227300,215800,t
3456,TR3570,PULIDORA TOTAL 960W REF: UTG-1576,0,,0,1,,0,1,138655.46,259300,242000,229700,t
3457,TR3571,SOPLADORA BRICKELL INALAMBRICA BK-165,0,,0,1,,0,1,109243.7,195900,185700,178800,t
3458,TR3572,SOPLADORA COVO 600W CFV-0609,0,,0,1,,0,1,96638.66,173300,166400,158100,t
3459,TR3573,BASCULA DIGITAL HARBOR HT-80148 40KL,0,,0,1,,0,1,90336.13,162000,155600,147800,t
3460,TR3576,CARETA SOLDAR SUMO SW-380,0,,0,1,,0,1,56700,99000,95200,92800,t
3461,TR3579,JUEGO DESTRONILLADOR IMPACTO MASSO 6PCZ,0,,0,1,,0,1,11408.285714,35800,33400,31400,t
3462,TR3580,TOTALIZADOR CHINT 150 AMP,0,,0,1,,0,1,142994.24,260000,252900,240000,t
3463,TR3581,TALADRO IMPACTO TOTAL 1/2 20V REF: UTIDLI20668,0,,0,1,,0,1,314300,0,0,0,t
3464,TR3582,"PULIDORA TOTAL 4 1/2"" 710W REF: UTG10711576",0,,0,1,,0,1,89400,152000,144500,134500,t
3465,TR3583,TALADRO TOTAL 710W REF: UTG1071366,0,,0,1,,0,1,80100,139800,131100,123400,t
3466,TR3584,NIVEL LASER 0-30M WADFOW REF: WLE2M03,0,,0,1,,0,1,120200,234800,218500,209800,t
3467,TR3585,"DISCO SIERRA INCOLMA 7"" X 24 DIENT",0,,0,1,,0,1,20150.14,39400,35200,33000,t
3468,TR3586,"DISCO SIERRA INCOLMA 7"" X 40 DIENT",0,,0,1,,0,1,25884.87,50600,45200,42400,t
3469,TR3587,BALINERA 6212 2RS,0,,0,1,,0,1,21993.64,60000,50000,40000,t
3470,TR3588,BALINERA 6305 2RS,0,,0,1,,0,1,7928.34,24000,19000,14000,t
3471,TR3589,BALINERA 6314 2RS,0,,0,1,,0,1,69382.22,180000,150000,130000,t
3472,TR3591,ESLINGA ARAMDURA 90CM REF: 0359,0,,0,1,,0,1,135000,242100,226600,210400,t
3473,TR3593,ANGULO 1 1/2 X 1/8  10.9KL,0,,0,1,,0,1,33613.444444,0,0,0,t
3474,TR3594,"MANGUERA RIEGO CAL 100  1 1/2""  X 100MTS",0,,0,1,,0,1,805000,1200000,1150000,1100000,t
3475,TR3595,ARANDELA 7/8,0,,0,1,,0,1,924.4,0,0,0,t
3476,TR3596,RUTEADORA TC-RO 1100W REF: 1155E,0,,0,1,,0,1,293000,525400,491700,467700,t
3477,TR3597,LLAVE MIXTA STANLEY 18MM,0,,0,1,,0,1,10116,25500,22400,19200,t
3478,TR3598,"PULIDORA EINHELL 4 1/2"" REF: TE-GA 115/750 (MINI)",0,,0,1,,0,1,168000,314200,293200,265000,t
3479,TR3599,"MANGUERA OXICORTE 1/4"" X 100MTS",0,,0,1,,0,1,6460,14100,12100,11300,t
3480,TR3600,TALADRO IMPACTO INGCO 20V REF: 2050 (ILNALAMBRICO),0,,0,1,,0,1,408000,667600,628300,606900,t
3481,TR3601,PISTOLA DE PINTAR INGCO 550W 110V REF: 5008,0,,0,1,,0,1,119700,211700,200900,188800,t
3482,TR3602,JUEGO DE FRESAS X 5 PZS TUNGSTENO INGCO REF: 0051,0,,0,1,,0,1,91200,161300,155000,149200,t
3483,TR3603,FILTRO DE AIRE EXTERNO AF1524,0,,0,1,,0,1,63025,79200,79200,79200,t
3484,TR3604,FILTRO DE AIRE INTERNO AF1524SY,0,,0,1,,0,1,42017,52800,52800,52800,t
3485,TR3606,REP FUMIGA MOTOR - KIT EMPAQUE COMPLETO BOMBA,0,,0,1,,0,1,5882.35,15400,12800,11000,t
3486,TR3607,REP FUMIGA MOTOR - MANGUERA COMBUSTIBLE TU-26,0,,0,1,,0,1,3361.34,8800,7300,6300,t
3487,TR3608,REP FUMIGA MOTOR -CAJA FILTRO AIRE COMPLETA TU-26,0,,0,1,,0,1,5882.35,15400,12800,11000,t
3488,TR3610,COMPRESOR ACOPLE MACHO 1 X 1 NPT,0,,0,1,,0,1,8403,11000,11000,11000,t
3489,TR3611,ABRAZADERA CREMALLERA REF:16-25,0,,0,1,,0,1,840,1100,1100,1100,t
3490,TR3612,SOLDADURA WES-ARCO 6013X 1/8,0,,0,1,,0,1,19858.3,38800,36100,31700,t
3491,TR3613,SOLDADURA WES-ARCO 6011 X 1/8,0,,0,1,,0,1,17067.75,33300,31000,27200,t
3492,TR3614,"POLEA HIERRO 24"" X 2 CANAL B 50MM (2"")",0,,0,1,,0,1,550000,1000000,950100,900100,t
3493,TR3615,TANQUE PIPETA 100 GL,0,,0,1,,0,1,1250000,2100000,2000000,1950100,t
3494,TR3616,AZADON CURVO COLIMA REF-3753 #2,0,,0,1,,0,1,23379,36000,33800,31800,t
3495,TR3617,"BARRENO DE MANO INCOLMA 1 X 20""",0,,0,1,,0,1,38696,67500,63300,59600,t
3496,TR3618,"BARRENO DE MANO INCOLMA 3/4 X 20""",0,,0,1,,0,1,35167,61400,55500,54200,t
3497,TR3619,"SERRUCHO COLIMA 20""",0,,0,1,,0,1,17226,30100,28200,26500,t
3498,TR3622,RELES TERMICO CHINT 17-25 AMP,0,,0,1,,0,1,53782,0,0,0,t
3499,TR3623,BARRENA CONICA IMPOR 80CM,0,,0,1,,0,1,152478,237600,229400,219300,t
3500,TR3624,CODO GALVANIZADO 1 1/2,0,,0,1,,0,1,5798,0,0,0,t
3501,TR3625,BREKE RIEL 1X32 CHINT,0,,0,1,,0,1,10252,0,0,0,t
3502,TR3626,CORREA B 149,0,,0,1,,0,1,36094.96,47200,47200,47200,t
3503,TR3627,CORREA B 129,0,,0,1,,0,1,31250,40900,40900,40900,t
3504,TR3628,IMPERMEABILIZANTE INVECRYL 500 X 4KL,0,,0,1,,0,1,55462,0,0,0,t
3505,TR3629,MALLA INOXIDABLE 250X250 0.04MM,0,,0,1,,0,1,38655,0,0,0,t
3506,TR3630,BARRENA CONICA KEMAICO 1.20MTS,0,,0,1,,0,1,267479,0,0,0,t
3507,TR3637,AGUA BATERIA X GL,0,,0,1,,0,1,12605,22000,20600,19400,t
3508,TR3638,ORINAL BLANCO GD,0,,0,1,,0,1,107563,187700,176000,165600,t
3509,TR3639,TORNILLO GOLOSO 6 X 1/2,0,,0,1,,0,1,42,100,100,100,t
3510,TR3640,"POLEA ALUMINIO 2"" X 2 CANAL A 19MM",0,,0,1,,0,1,21513,0,0,0,t
3511,TR3641,CORREA C 198,0,,0,1,,0,1,174700,304400,285400,268600,t
3512,TR3642,CORREA C 171,0,,0,1,,0,1,154400,269500,252600,237800,t
3513,TR3643,CHUMACERA 214 70MM,0,,0,1,,0,1,83863.76,168900,156800,140700,t
3514,TR3644,"HILO CONSTRUCCION N°5,9,15 COLORES X 100MTS",0,,0,1,,0,1,7059,0,0,0,t
3515,TR3645,"TUBO GALVANIZADO T.P 4"" 3.6MM 59.1KL",0,,0,1,,0,1,498319,0,0,0,t
3516,TR3646,CAJA ELECTRICA 6 CTO BIFASICA,0,,0,1,,0,1,70000,0,0,0,t
3517,TR3647,YESO MOLDURA X KL,0,,0,1,,0,1,1596.64,0,0,0,t
3518,TR3649,CORREA C 175,0,,0,1,,0,1,156100,272400,255400,240400,t
3519,TR3650,COMPRESOR DEWALT 150PSI D2002M-K,0,,0,1,,0,1,866000,1511500,1417000,1333600,t
3520,TR3651,BATERIA CARRO 850 AMP,0,,0,1,,0,1,260937,416500,401800,392600,t
3521,TR3652,BATERIA CARRO 750 AMP,0,,0,1,,0,1,251765,401900,387700,378800,t
3522,TR3653,BATERIA CARRO 800 AMP,0,,0,1,,0,1,242504,387100,373500,364900,t
3523,TR3654,"PULIDORA MAGNUM 4 1/2"" 900W REF: 57818102",0,,0,1,,0,1,112000,0,0,0,t
3524,TR3655,"TUBO GALV T.L 4"" 2MM 32.1KLS",0,,0,1,,0,1,190756,0,0,0,t
3525,TR3656,TEJA TRANSPARENTE TP ETERNIT 3MTS GERFOR,0,,0,1,,0,1,71429,0,0,0,t
3526,TR3657,"LLAVE DE PASO AYRON 4"" METALICA",0,,0,1,,0,1,390750,511500,511500,511500,t
3527,TR3658,TALADRO FORTE 1/2 850W,0,,0,1,,0,1,82800,108400,108400,108400,t
3528,TR3659,TALADRO FORTE 1/2 1050W,0,,0,1,,0,1,189367,247900,247900,247900,t
3529,TR3660,MINI PULIDORA FORTE 4-1/2850W,0,,0,1,,0,1,90467,118400,118400,118400,t
3530,TR3661,"MINI PULIDORA FORTE 5"" 1200W",0,,0,1,,0,1,113467,148500,148500,148500,t
3531,TR3662,TALADRO INALAMBRICO FORTE 1/2 21V,0,,0,1,,0,1,265267,347200,347200,347200,t
3532,TR3664,REGULADOR OXIGENO HCW-22H,0,,0,1,,0,1,194000,253900,253900,253900,t
3533,TR3665,REGULADOR ACETILENO HCW-22H,0,,0,1,,0,1,194000,253900,253900,253900,t
3534,TR3666,CORREA A 36,0,,0,1,,0,1,5378,0,0,0,t
3535,TR3667,"POLEA HIERRO 2.5"" X 2 CANAL B EJE 24MM",0,,0,1,,0,1,48739,0,0,0,t
3536,TR3679,"REGLA BOQUILLERA PARA FRISAR 3 X 1 1/2""",0,,0,1,,0,1,58739,0,0,0,t
3537,TR3683,"DISCO SIERRA CORNETA 4 1/2"" X 24 DIENT",0,,0,1,,0,1,6627,0,0,0,t
3538,TR3684,"DISCO SIERRA CORNETA 4 1/2"" X 40 DIENT",0,,0,1,,0,1,10412,0,0,0,t
3539,TR3685,"PVC ADAPTADOR MACHO PSI 3""",0,,0,1,,0,1,10924,0,0,0,t
3540,TR3686,"GUANTE NITRILO NEGRO ""T:M"" X 100UND ETERNA ZUBI-OLA",0,,0,1,,0,1,22689,0,0,0,t
3541,TR3687,FILTRO DONALDSON COMBUSTIBLE P550881,0,,0,1,,0,1,64286.1,0,0,0,t
3542,TR3688,FILTRO ELEMFIL DE ACEITE DO3000SP,0,,0,1,,0,1,49159.8,0,0,0,t
3543,TR3689,FILTRO FLEETGUARD DE AGUA REFRI WF2071,0,,0,1,,0,1,45378,0,0,0,t
3544,TR3690,MANGUERA LINEA AZUL 1 1/2 C-100 50MM RDE17 X 100MTS,0,,0,1,,0,1,449496,0,0,0,t
3545,TR3691,"TUBO DOBLE PARED CORRUGADO 18""",0,,0,1,,0,1,760504.2,0,0,0,t
3546,TR3692,TORNILLO EXA G-5 1/2 X 7 NEGRO,0,,0,1,,0,1,3193,0,0,0,t
3547,TR3693,TORNILLO EXA G-5 3/8 X 2 1/2 NEGRO,0,,0,1,,0,1,588.5,0,0,0,t
3548,TR3694,REP MARTILLO YO-18 CILYNDER #1 MUFLE,0,,0,1,,0,1,0,0,0,0,t
3549,TR3701,"TUBO DOBLE PARED CORRUGADO 16""",0,,0,1,,0,1,0,0,0,0,t
3550,TR3702,TORNILLO HEX G-8 1/2 X 2 1/2,0,,0,1,,0,1,0,0,0,0,t
3551,TR3703,ORDON GRAFITADO 1/2,0,,0,1,,0,1,0,0,0,0,t
3552,TR3706,PVC BUJE PSI 3X2,0,,0,1,,0,1,0,0,0,0,t
3553,TR3707,"PVC SEMICODO PSI 4""",0,,0,1,,0,1,0,0,0,0,t
3554,TR3709,TOMA CODELCA INCRUSTAR 15 AMP 250V CARECHINA CO-03,0,,0,1,,0,1,0,0,0,0,t
3555,TR1854,W FILTRO ACEITE JD350WDP,0,,0,1,,0,1,39296.6,75000,70000,65000,t
3556,TR1882,REP PLANTA 2500/3500: CARBURADOR GENERADOR,0,,0,1,,0,1,50400,100000,90000,85000,t
3557,TR1884,REP PLANTA 2500/3500: ESCOBILLAS,0,,0,1,,0,1,7200,20000,15000,12000,t
3558,TR1804,"REP MARTILLO YT28 #42,43,61,51 CODO AGUA COMPLETO",0,,0,1,,0,1,11764.71,0,0,0,t
3559,TR1860,"TALADRO PROFE MAGNUM 1/2"" 750W",0,,0,1,,0,1,137143,270000,250000,230000,t
3560,TR0480,"MANGUERA RIEGO CAL 40  1"" X 100MTS",0,,0,1,,0,1,95521.73913,140700,135500,130300,t
3561,TR1862,"NIVEL CORNETA ALUMINIO 24"" PROFESIONAL",0,,0,1,,0,1,21144.765,40800,37700,35700,t
3562,TR0022,ACEITE 3 EN UNO 90ML REF:45751,0,,0,1,,0,1,5785,10000,9200,8800,t
3563,TR0031,ACEITE MOBIL DELVAC 15W40 X GL,0,,0,1,,0,1,85000,116900,114000,110000,t
3564,TR0032,ACEITE MOBIL DELVAC 15W40 X QUINTO,0,,0,1,,0,1,358797.385621,465800,450000,435200,t
3565,TR0043,ACEITE RIMULA 50 X 1/4,0,,0,1,,0,1,17640.61,30800,28800,27500,t
3566,TR0045,ACEITE STIHL X 1/4,0,,0,1,,0,1,35918.532263,48300,46600,44500,t
3567,TR0046,ACEITE STIHL X GL,0,,0,1,,0,1,135675.546976,176900,170900,167100,t
3568,TR0048,ACEITE TERPEL ULTREK 15W40 X GL,0,,0,1,,0,1,65415.358779,92100,89700,84300,t
3569,TR0345,GRASA LUBRY COPA ROJA 3  X QUINTO,0,,0,1,,0,1,229170.4,360100,345300,331700,t
3570,TR1403,VALVULINA LUBEMAX SAE 90 X GL (GILB),0,,0,1,,0,1,29593.846154,40000,38000,36000,t
3571,TR1431,ACEITE LUBRY ECO DIESEL 15W40 X GL,0,,0,1,,0,1,56815,77300,75200,69800,t
3572,TR1740,ACEITE STIHL X PINTA,0,,0,1,,0,1,15100,20700,19600,18600,t
3573,TR1927,GRASA LUBRY NANO ALTA TEMPERATURA X 16K,0,,0,1,,0,1,434362,652600,631900,621600,t
3574,TR2247,GRASA LUBEMAX ROJA X 2KL,0,,0,1,,0,1,20948.558761,40000,23100,23100,t
3575,TR2248,GRASA LUBEMAX ROJA X 15KL,0,,0,1,,0,1,129995.3875,270000,250000,230000,t
3576,TR2289,ACEITE STIHL X OZ,0,,0,1,,0,1,5488.743951,8000,7500,7000,t
3577,TR2768,GRASA GUADAÑADORA X400GR MOTOBORDA,0,,0,1,,0,1,8710,0,0,0,t
3578,TR2957,ACEITE ARIES CHEVRON 20LT,0,,0,1,,0,1,543000,700000,690000,680000,t
3579,TR3001,ACEITE RIMULA 50 R2 X BALDE,0,,0,1,,0,1,288135,450000,440000,400000,t
3580,TR3096,GRASA TERPEL N.3 X 20L (GRIS),0,,0,1,,0,1,269091,321900,313200,304500,t
3581,TR3423,ACEITE MOBIL DELVAC 15W40 X 1/4,0,,0,1,,0,1,25000,32000,30000,29000,t
3582,TR3561,ACEITE TERPEL ULTREK MONOGRADO 50 X QUINTO,0,,0,1,,0,1,298538.52,643900,395700,381900,t
3583,TR0021,ACEITE 3 EN UNO 30ML REF:45750,0,,0,1,,0,1,3095.037143,5400,5000,4700,t
3584,TR0023,ACEITE ASOMUGRE SAE 50 LUBRIMAX  X GL,0,,0,1,,0,1,29750.454546,44600,42900,40200,t
3585,TR0024,ACEITE ASOMUGRE SAE 50 LUBRIMAX  X QUINTO,0,,0,1,,0,1,140069.264069,208100,192500,181200,t
3586,TR0025,ACEITE ENERMAX 10W30 X 1/4,0,,0,1,,0,1,16397.214377,29900,27200,25200,t
3587,TR0026,ACEITE ENERMAX 15W40 X 1/4,0,,0,1,,0,1,16353.19209,30000,27000,25400,t
3588,TR0027,ACEITE HIDRAULICO LUBRY X 1/4,0,,0,1,,0,1,5200,8200,7600,7100,t
3589,TR0028,ACEITE MAXTER 15W40 X QUINTO,0,,0,1,,0,1,288221.138167,386200,372600,364000,t
3590,TR0029,ACEITE MAXTER 25W50 X QUINTO,0,,0,1,,0,1,282444.8,378900,369900,361300,t
3591,TR0030,ACEITE MAXTER 50 X GL,0,,0,1,,0,1,63600,87500,85300,82300,t
3592,TR0033,ACEITE MOBIL HIDRAULICO 68 X 1/4,0,,0,1,,0,1,18455.113524,21800,21300,20500,t
3593,TR0034,ACEITE MOBIL HIDRAULICO 68 X GL,0,,0,1,,0,1,56975.094444,83600,76400,70400,t
3594,TR0035,ACEITE MOBIL HIDRAULICO 68 X QUINTO,0,,0,1,,0,1,331000,391000,367900,359400,t
3595,TR0036,ACEITE MOTOBORDA 2T X 1/4,0,,0,1,,0,1,23100,31800,30600,29900,t
3596,TR0037,ACEITE MOTOBORDA 4T 20W50 X 1/4,0,,0,1,,0,1,20790,30500,28600,26900,t
3597,TR0038,ACEITE REFRIGERANTE TERPEL X QUINTO,0,,0,1,,0,1,62091,108400,101600,95600,t
3598,TR0039,ACEITE RIMULA 15W40 X 1/4,0,,0,1,,0,1,19524.766052,34200,31900,30100,t
3599,TR0040,ACEITE RIMULA 15W40 X GL,0,,0,1,,0,1,73123.881736,108300,126700,117500,t
3600,TR0041,ACEITE RIMULA 40 X 1/4,0,,0,1,,0,1,23068,33800,31700,29900,t
3601,TR0042,ACEITE RIMULA 40 X GL,0,,0,1,,0,1,91630,134400,126000,118600,t
3602,TR0044,ACEITE RIMULA 50 X GL,0,,0,1,,0,1,67202.32,117200,109900,102300,t
3603,TR0047,ACEITE SUPER MOTO 2T X PINTA,0,,0,1,,0,1,13500,13700,12900,12100,t
3604,TR0049,ACEITE TITAN HIDRAULICO 68 X QUINTO,0,,0,1,,0,1,140000,200000,187800,181200,t
3605,TR0344,GRASA LUBEMAX ROJA/AZUL X 1LB,0,,0,1,,0,1,5000,10100,9500,9100,t
3606,TR0346,GRASA NANO AZUL LITIO X 16KG,0,,0,1,,0,1,380780,631800,623500,615400,t
3607,TR1404,VALVULINA SAE 140 DICXOIL X QUINTO,0,,0,1,,0,1,220692.911444,323800,318900,314000,t
3608,TR1423,ACEITE LUBRY ECO DIESEL 15W40 X TAMBOR,0,,0,1,,0,1,2485281,2950000,2900000,2850100,t
3609,TR1450,ACEITE RIMULA 15W40 X QUINTO,0,,0,1,,0,1,302227.271867,437500,427100,416700,t
3610,TR1597,ACEITE ENERMAX 15W40 X GL,0,,0,1,,0,1,50291.519282,100000,95000,90000,t
3611,TR1619,ACEITE HUSQVARNA 2T X GL,0,,0,1,,0,1,109700,140000,130000,120000,t
3612,TR1626,ACEITE HUSQVARNA 2T X 1/4,0,,0,1,,0,1,26600,38000,35000,33000,t
3613,TR2168,ACEITE TERPEL ULTREK MONOGRADO 50 X 1/4,0,,0,1,,0,1,15416.66,28000,25000,23000,t
3614,TR2225,ACEITE REFRIGERANTE TERPEL X GL,0,,0,1,,0,1,15854.798319,35000,30000,28000,t
3615,TR2318,ACEITE TERPEL ULTREK 15W40 X 1/4,0,,0,1,,0,1,16124.592895,32000,30000,28000,t
3616,TR2341,ACEITE HIDRAULICO LUBRY X 1/4 CON CHUPA,0,,0,1,,0,1,8538,18000,15000,13000,t
3617,TR2456,ACEITE HIDRAULICO LUBEMAX  X 1/4,0,,0,1,,0,1,5010.89875,10000,9000,8000,t
3618,TR2457,VALVULINA LUBEMAX SAE 140 X GL (GILB),0,,0,1,,0,1,29394.57049,50000,45000,43000,t
3619,TR2499,ACEITE BONLIFE BIDON X  20LT,0,,0,1,,0,1,137716.175545,250000,240000,230000,t
3620,TR2642,ACEITE TERPEL ULTREK MONOGRADO 50 X GL,0,,0,1,,0,1,62086.29,85000,82000,80000,t
3621,TR2648,ACEITE TERPEL ULTREK 15W40 X QUINTO,0,,0,1,,0,1,289453.0096,390000,380000,370000,t
3622,TR2748,ACEITE PENETRANTE CORNETA 450ML,0,,0,1,,0,1,7451.96,15000,14000,12000,t
3623,TR2786,ACEITE HIDRAULICO LUBRIMAX XGL,0,,0,1,,0,1,30000,42000,40000,38000,t
3624,TR2831,VALVULINA LUBRYMAX 140 X QUINTO,0,,0,1,,0,1,160000,250000,240000,225000,t
3625,TR2951,ACEITE ENERMAX 20W50 X 1/4,0,,0,1,,0,1,16500,32000,30000,28000,t
3626,TR2952,ACEITE ENERMAX 20W50 GL,0,,0,1,,0,1,58184,101800,97000,92100,t
3627,TR3155,ACEITE SUPER MOTO 2T X 1/4,0,,0,1,,0,1,24000,0,0,0,t
3628,TR3368,ACEITE ADVANCE 20W-50 X 1/4,0,,0,1,,0,1,19256.52,30000,28000,26500,t
3629,TR3482,ACEITE MAXTER 15W40 GL,0,,0,1,,0,1,66867.84,85000,80000,77000,t
3630,TR3559,ACEITE TAMBOR MOBIL 15W40 MX MODERN FULL*55G,0,,0,1,,0,1,3500000,4529400,4375000,4230800,t
3631,TR3708,LUBRICANTE WD40 X 191 ML,0,,0,1,,0,1,0,0,0,0,t
3632,TR1402,VALVULINA LUBRYMAX SAE 140 X GL (DISM),0,,0,1,,0,1,29884.142857,46000,43000,41500,t
3633,TR0096,ARREGLO MANOMETRO,0,,0,1,,0,1,60750,0,0,0,t
3634,TR3495,CABLE BATERIA #4 600V,0,,0,1,,0,1,19328,33000,30000,28000,t
3635,TR0098,AZADON COLIMA AZADONETA REF: 3120,0,,0,1,,0,1,26590,38400,37400,36100,t
3636,TR0099,PALIN HERRAGO SANTANDER #2 REF: 3753,0,,0,1,,0,1,19544,30100,28200,27500,t
3637,TR0138,PALA PAPAGAYO REDONDA #4,0,,0,1,,0,1,13863.618778,19800,18200,17200,t
3638,TR0251,DISCO DESBROZADORA BELLOTA CADENA MOTOSIERRA 25 X 235MM,0,,0,1,,0,1,60953,93900,91400,86900,t
3639,TR0318,FUMIGADORA BATERIA ROYAL CONDOR,0,,0,1,,0,1,792652,1052300,1017200,1006100,t
3640,TR0319,FUMIGADORA ESTACIONARIA 6.5HP ALTERMAN 25LTS INCORPORADO DIRECTO,0,,0,1,,0,1,1229000,1631600,1577200,1559900,t
3641,TR0320,FUMIGADORA ESTACIONARIA 6.5HP FORTE 30LTS 500PSI REF: TF30E-GM200K,0,,0,1,,0,1,1234678.5,1677700,1620500,1567100,t
3642,TR0321,FUMIGADORA ESTACIONARIA 6.5HP FORTE ORUS 24LTS REF: TO-328CZ-1ML,0,,0,1,,0,1,950000,1469100,1246900,1205800,t
3643,TR0322,FUMIGADORA ESTACIONARIA 6.5HP ROYAL CONDOR SIN GRASERAS CABEZOTE REF: BB1836,0,,0,1,,0,1,1913651,2600300,2511700,2428900,t
3644,TR0323,FUMIGADORA ESTACIONARIA 7HP KTC GASOLINA REF: 429-GSP30-2,0,,0,1,,0,1,1102000,1497400,1446400,1398700,t
3645,TR0324,FUMIGADORA HANDY ROYAL CONDOR 10LT RC REF: CO-046,0,,0,1,,0,1,112575,162500,153000,146100,t
3646,TR0325,FUMIGADORA HANDY ROYAL CONDOR 5LT RC REF: CO-044,0,,0,1,,0,1,98516,142200,133900,125000,t
3647,TR0326,FUMIGADORA MANUAL ROYAL CONDOR ACTIVA,0,,0,1,,0,1,245084,377500,367600,345200,t
3648,TR0327,FUMIGADORA MOTOR COAGRO 2T CO-768FG-E,0,,0,1,,0,1,520238,801200,780400,751100,t
3649,TR0328,FUMIGADORA MOTOR KTC 1.5HP T2 REF: 499-K768,0,,0,1,,0,1,464762,745600,671000,617000,t
3650,TR0329,FUMIGADORA MOTOR MITSUBISHI TU 26,0,,0,1,,0,1,1249250,1658500,1621200,1585600,t
3651,TR0330,FUMIGADORA MOTOR ROYAL CONDOR DE LANZA REF: FML-900TS,0,,0,1,,0,1,814304,1175700,1106500,1045000,t
3652,TR0499,MELAZA X BOLSA 30KG,0,,0,1,,0,1,38095,55000,53000,50000,t
3653,TR0530,PALA AGROTEK REDONDA #2,0,,0,1,,0,1,10225.461538,14200,13800,13400,t
3654,TR0531,PALA AGROTEK REDONDA #4,0,,0,1,,0,1,11777.462185,17000,16500,16000,t
3655,TR1544,HACHA COLIMA CON MANGO 4LBS 4310,0,,0,1,,0,1,46667,70000,65000,60000,t
3656,TR1629,MOTOFRENO DIXUS 10HP 1800 RPM TRIFASICO B14,0,,0,1,,0,1,3571436,5300000,5200200,5099800,t
3657,TR1636,"RULA GAVILAN NARANJA 24""",0,,0,1,,0,1,16202,25300,23300,21300,t
3658,TR1723,"MACHETE - PEINILLA AGUILA CORNETA 3 CAN. 18"" REF: 65175218",0,,0,1,,0,1,17683.5,25000,24000,23000,t
3659,TR1731,MOTOSIERRA STIHL MS-180,0,,0,1,,0,1,806722.69,1250000,1200000,1150000,t
3660,TR1868,"MACHETE - PEINILLA AGUILA CORNETA 3 CAN. 20"" REF: 65175220",0,,0,1,,0,1,17174,23000,22000,21500,t
3661,TR1875,"MACHETE - PEINILLA AGUILA CORNETA 3 CAN. 16"" REF: 65175216",0,,0,1,,0,1,19928,27500,26400,25300,t
3662,TR1885,PALA HERRAGRO REDONDA #2,0,,0,1,,0,1,18950.913043,31100,29100,27200,t
3663,TR1888,PALA HERRAGRO REDONDA #4,0,,0,1,,0,1,20339.073529,33400,31500,30500,t
3664,TR1895,PALIN HOYADOR HERRAGO  5406,0,,0,1,,0,1,18833,32600,29300,27100,t
3665,TR1896,BARRA 3205 18 LBS,0,,0,1,,0,1,106440.75,144500,139500,134500,t
3666,TR2235,PALIN HOYADOR ARAMA,0,,0,1,,0,1,13544.6,28000,25000,23000,t
3667,TR2250,"MACHETE - PEINILLA AGUILA CORNETA 3 CAN. 14"" REF: 65175214",0,,0,1,,0,1,17252,24000,23000,22000,t
3668,TR2251,BARRA 3205 16 LBS,0,,0,1,,0,1,100272,145000,135300,130500,t
3669,TR2266,PALA HERRAGRO CUADRADA #2,0,,0,1,,0,1,28571,35000,32000,30000,t
3670,TR2270,PALA ARAMA REDONDA #2,0,,0,1,,0,1,12381,25000,22000,19000,t
3671,TR2477,PICA HERRAGRO SIN CABO 5LB  RFE: 3105,0,,0,1,,0,1,32449,48000,45000,42000,t
3672,TR2540,BARRA 3205 14 LBS,0,,0,1,,0,1,92641.28125,146900,143500,140000,t
3673,TR2596,REP ESTACIONARIA - CABEZOTE 30L ACERO,0,,0,1,,0,1,474197,730300,671900,644600,t
3674,TR2758,AZADON CURVA AGROTEK 3LB,0,,0,1,,0,1,20095,30000,28000,26000,t
3675,TR2769,FUMIGADORA MOTOR MITSUBISHI TB 26,0,,0,1,,0,1,1495242,1950100,1900000,1850000,t
3676,TR2772,AZADON RECTO ARAMA REF: 3120,0,,0,1,,0,1,22000,0,0,0,t
3677,TR2773,AZADON CURVO ARAMA REF: 3753,0,,0,1,,0,1,22000,0,0,0,t
3678,TR2779,AZADON CURVO AGROTEK,0,,0,1,,0,1,16270.263158,30000,27000,24000,t
3679,TR2835,PALADRAGA CABO MADERA REDONDO BELLOTA/AGROTEK,0,,0,1,,0,1,50440,87300,81900,76400,t
3680,TR2959,"CORTADOR DE RAMAS GAVILAN  14""",0,,0,1,,0,1,67619,100000,95000,90000,t
3681,TR2981,PALA BELLOTA REDONDA # 2,0,,0,1,,0,1,13700,22000,20000,18000,t
3682,TR2982,PALA BELLOTA REDONDA #4,0,,0,1,,0,1,15600,24000,22000,20000,t
3683,TR2983,FUMIGADORA MANUAL BELLOTA  FCE-20,0,,0,1,,0,1,247194,350100,338000,326000,t
3684,TR2985,FUMIGADORA MOTOR BELLOTA PL2500N-S,0,,0,1,,0,1,710000,1047600,989300,931100,t
3685,TR2990,"TIJERA PODAR BELLOTA 3501 - 9""",0,,0,1,,0,1,24540,38000,36000,33000,t
3686,TR3027,FUMIGADORA ROYAL CONDOR LA PLUS CO-055 RC,0,,0,1,,0,1,321792,420000,410000,405000,t
3687,TR3040,FUMIGADORA JARDINERA TRUPER 2LTS REF-10235,0,,0,1,,0,1,14218,25000,23000,21000,t
3688,TR3046,FUMIGADORA ESTACIONARIA ROYAL CONDOR INCORPORADA FS-7C-TRN,0,,0,1,,0,1,1832214,2250100,2200000,2200000,t
3689,TR3066,BARRA 3205 12 LBS,0,,0,1,,0,1,81823.75,95100,93300,91500,t
3690,TR3067,AZADON CURVO HERRAGRO,0,,0,1,,0,1,35175,46200,45000,43800,t
3691,TR3088,PALA SANTANDEER BELLOTA REF-5512-S,0,,0,1,,0,1,11000,16900,15500,14500,t
