id_producto,id_bodega,cantidad,pendientes,costo_promedio,updated_at
1,1,3600,0,4655.823359,2026-04-27 09:38:11.625
2,1,4150,0,4440.238441,2026-04-27 09:38:11.625
3,1,44,0,12387.677419,2026-04-27 09:38:11.625
4,1,0,0,4201.7,2026-04-27 09:38:11.625
5,1,0,0,18629.461538,2026-04-27 09:38:11.625
6,1,105,0,12890.311026,2026-04-27 09:38:11.625
7,1,5850,0,4470.509526,2026-04-27 09:38:11.625
8,1,5385,0,4400.462192,2026-04-27 09:38:11.625
9,1,0,0,7059,2026-04-27 09:38:11.625
10,1,24,0,12007.075167,2026-04-27 09:38:11.625
11,1,4550,0,4616.601237,2026-04-27 09:38:11.625
12,1,77,0,12577.918321,2026-04-27 09:38:11.625
13,1,0,0,4201.7,2026-04-27 09:38:11.625
14,1,44,0,6385.54,2026-04-27 09:38:11.625
15,1,0,0,5714.25,2026-04-27 09:38:11.625
16,1,87.1,0,14268.088144,2026-04-27 09:38:11.625
17,1,1350,0,4572.117638,2026-04-27 09:38:11.625
18,1,0,0,9159.7,2026-04-27 09:38:11.625
19,1,81,0,12774.531296,2026-04-27 09:38:11.625
20,1,4700,0,4399.172657,2026-04-27 09:38:11.625
21,1,20,0,24370.511905,2026-04-27 09:38:11.625
22,1,66,0,13455.354978,2026-04-27 09:38:11.625
23,1,23,0,12282.933105,2026-04-27 09:38:11.625
24,1,359,0,4508.879607,2026-04-27 09:38:11.625
25,1,40,0,12475.325,2026-04-27 09:38:11.625
26,1,300,0,6082.846667,2026-04-27 09:38:11.625
27,1,0,0,2100.84,2026-04-27 09:38:11.625
28,1,1291,0,4766.071161,2026-04-27 09:38:11.625
29,1,1032,0,3063.103248,2026-04-27 09:38:11.625
30,1,170,0,7921.043574,2026-04-27 09:38:11.625
31,1,0,0,37081.8,2026-04-27 09:38:11.625
32,1,940,0,2115.254545,2026-04-27 09:38:11.625
33,1,0,0,6288.612903,2026-04-27 09:38:11.625
34,1,337,0,14547.467137,2026-04-27 09:38:11.625
35,1,71,0,8492.762839,2026-04-27 09:38:11.625
36,1,0,0,40000,2026-04-27 09:38:11.625
37,1,0,0,15966.4,2026-04-27 09:38:11.625
38,1,0,0,1848.74,2026-04-27 09:38:11.625
39,1,137,0,21154,2026-04-27 09:38:11.625
40,1,899,0,3304.431871,2026-04-27 09:38:11.625
41,1,79,0,680,2026-04-27 09:38:11.625
42,1,0,0,1765.07,2026-04-27 09:38:11.625
43,1,178,0,1133.7735,2026-04-27 09:38:11.625
44,1,191,0,1546.816779,2026-04-27 09:38:11.625
45,1,0,0,3361.4,2026-04-27 09:38:11.625
46,1,200,0,1601.04235,2026-04-27 09:38:11.625
47,1,0,0,31933,2026-04-27 09:38:11.625
48,1,0,0,21900,2026-04-27 09:38:11.625
49,1,0,0,446,2026-04-27 09:38:11.625
50,1,0,0,31933,2026-04-27 09:38:11.625
51,1,0,0,46218,2026-04-27 09:38:11.625
52,1,0,0,3697.485714,2026-04-27 09:38:11.625
53,1,238,0,7998,2026-04-27 09:38:11.625
54,1,0,0,16600,2026-04-27 09:38:11.625
55,1,374,0,599.825007,2026-04-27 09:38:11.625
56,1,0,0,2521,2026-04-27 09:38:11.625
57,1,62,0,5163.538462,2026-04-27 09:38:11.625
58,1,0,0,7983,2026-04-27 09:38:11.625
59,1,0,0,2689,2026-04-27 09:38:11.625
60,1,169,0,9448.716513,2026-04-27 09:38:11.625
61,1,80,0,14612.622522,2026-04-27 09:38:11.625
62,1,53,0,1025,2026-04-27 09:38:11.625
63,1,400,0,4520.8875,2026-04-27 09:38:11.625
64,1,215.5,0,800.072689,2026-04-27 09:38:11.625
65,1,0,0,13773,2026-04-27 09:38:11.625
66,1,505,0,4720.259085,2026-04-27 09:38:11.625
67,1,677,0,2960.116668,2026-04-27 09:38:11.625
68,1,572,0,3965.61,2026-04-27 09:38:11.625
69,1,660,0,7973.050532,2026-04-27 09:38:11.625
70,1,1672,0,1851.868252,2026-04-27 09:38:11.625
71,1,500,0,1512.235714,2026-04-27 09:38:11.625
72,1,500,0,2055.201582,2026-04-27 09:38:11.625
73,1,0,0,27731.2,2026-04-27 09:38:11.625
74,1,-6,0,84033.5,2026-04-27 09:38:11.625
75,1,0,0,142857,2026-04-27 09:38:11.625
76,1,0,0,1260.6,2026-04-27 09:38:11.625
77,1,-1.902,0,147643.656351,2026-04-27 09:38:11.625
78,1,0,0,26891,2026-04-27 09:38:11.625
79,1,0,0,8233.683908,2026-04-27 09:38:11.625
80,1,206,0,6111.502805,2026-04-27 09:38:11.625
81,1,47,0,3951,2026-04-27 09:38:11.625
82,1,1699,0,1310.38024,2026-04-27 09:38:11.625
83,1,49,0,588.076768,2026-04-27 09:38:11.625
84,1,105,0,2736.938777,2026-04-27 09:38:11.625
85,1,15,0,50593.681911,2026-04-27 09:38:11.625
86,1,35,0,9741,2026-04-27 09:38:11.625
87,1,204,0,1616.276214,2026-04-27 09:38:11.625
88,1,27,0,3075.713514,2026-04-27 09:38:11.625
89,1,0,0,42017,2026-04-27 09:38:11.625
90,1,87,0,3670,2026-04-27 09:38:11.625
91,1,80,0,1185,2026-04-27 09:38:11.625
92,1,388,0,1285.463918,2026-04-27 09:38:11.625
93,1,0,0,5882.35,2026-04-27 09:38:11.625
94,1,0,0,323530,2026-04-27 09:38:11.625
95,1,200,0,7355.39881,2026-04-27 09:38:11.625
96,1,0,0,109244,2026-04-27 09:38:11.625
97,1,37,0,6982.291796,2026-04-27 09:38:11.625
98,1,42,0,5652,2026-04-27 09:38:11.625
99,1,0,0,262,2026-04-27 09:38:11.625
100,1,29.5,0,3144.3,2026-04-27 09:38:11.625
101,1,9.018,0,83992,2026-04-27 09:38:11.625
102,1,0,0,372.38,2026-04-27 09:38:11.625
103,1,0,0,5882.38,2026-04-27 09:38:11.625
104,1,0,0,7311,2026-04-27 09:38:11.625
105,1,195,0,8287.270117,2026-04-27 09:38:11.625
106,1,-6,0,11596.675926,2026-04-27 09:38:11.625
107,1,0,0,5798.3,2026-04-27 09:38:11.625
108,1,0,0,57142.7,2026-04-27 09:38:11.625
109,1,12,0,17305,2026-04-27 09:38:11.625
110,1,0,0,3613.2,2026-04-27 09:38:11.625
111,1,0,0,2341,2026-04-27 09:38:11.625
112,1,534,0,3131.325082,2026-04-27 09:38:11.625
113,1,190,0,1342.82145,2026-04-27 09:38:11.625
114,1,1169,0,2194.58434,2026-04-27 09:38:11.625
115,1,1062,0,7803.807165,2026-04-27 09:38:11.625
116,1,0,0,2622,2026-04-27 09:38:11.625
117,1,474,0,1256.728502,2026-04-27 09:38:11.625
118,1,82,0,2944.995628,2026-04-27 09:38:11.625
119,1,22,0,3113.207547,2026-04-27 09:38:11.625
120,1,200,0,4929.431707,2026-04-27 09:38:11.625
121,1,6,0,13506.692644,2026-04-27 09:38:11.625
122,1,0.001,0,21848.75069,2026-04-27 09:38:11.625
123,1,62,0,800,2026-04-27 09:38:11.625
124,1,-6,0,31937.37859,2026-04-27 09:38:11.625
125,1,0,0,37689,2026-04-27 09:38:11.625
126,1,4,0,5051,2026-04-27 09:38:11.625
127,1,90,0,2437,2026-04-27 09:38:11.625
128,1,0,0,53782,2026-04-27 09:38:11.625
129,1,20,0,15865.33749,2026-04-27 09:38:11.625
130,1,243.5,0,360.937337,2026-04-27 09:38:11.625
131,1,0,0,55462,2026-04-27 09:38:11.625
132,1,1,0,60832,2026-04-27 09:38:11.625
133,1,2,0,53334,2026-04-27 09:38:11.625
134,1,1,0,854273,2026-04-27 09:38:11.625
135,1,1,0,14039,2026-04-27 09:38:11.625
136,1,0,0,12884,2026-04-27 09:38:11.625
137,1,15,0,12692,2026-04-27 09:38:11.625
138,1,4,0,13402,2026-04-27 09:38:11.625
139,1,1,0,228293,2026-04-27 09:38:11.625
140,1,1,0,1228572,2026-04-27 09:38:11.625
141,1,12,0,38765,2026-04-27 09:38:11.625
142,1,6,0,37134,2026-04-27 09:38:11.625
143,1,12,0,53550,2026-04-27 09:38:11.625
144,1,6,0,38124,2026-04-27 09:38:11.625
145,1,0,0,459664,2026-04-27 09:38:11.625
146,1,-2,0,440000,2026-04-27 09:38:11.625
147,1,0,0,11907,2026-04-27 09:38:11.625
148,1,0,0,429916,2026-04-27 09:38:11.625
149,1,0,0,152548,2026-04-27 09:38:11.625
150,1,0,0,485376,2026-04-27 09:38:11.625
151,1,0,0,582475,2026-04-27 09:38:11.625
152,1,0,0,18214,2026-04-27 09:38:11.625
153,1,0,0,10703,2026-04-27 09:38:11.625
154,1,47,0,14139.075667,2026-04-27 09:38:11.625
155,1,2,0,3025210,2026-04-27 09:38:11.625
156,1,2,0,387184.85,2026-04-27 09:38:11.625
157,1,0,0,2622475.916667,2026-04-27 09:38:11.625
158,1,5,0,424994.283738,2026-04-27 09:38:11.625
159,1,0,0,673756,2026-04-27 09:38:11.625
160,1,4,0,268000,2026-04-27 09:38:11.625
161,1,4,0,152135.142857,2026-04-27 09:38:11.625
162,1,21,0,285491.6,2026-04-27 09:38:11.625
163,1,0,0,688500,2026-04-27 09:38:11.625
164,1,1,0,2483352.9,2026-04-27 09:38:11.625
165,1,0,0,296092,2026-04-27 09:38:11.625
166,1,0,0,796617,2026-04-27 09:38:11.625
167,1,0,0,651000,2026-04-27 09:38:11.625
168,1,0,0,1150000,2026-04-27 09:38:11.625
169,1,0,0,1162964,2026-04-27 09:38:11.625
170,1,-1,0,3918530,2026-04-27 09:38:11.625
171,1,0,0,1831092,2026-04-27 09:38:11.625
172,1,0,0,1277087,2026-04-27 09:38:11.625
173,1,0,0,1548739,2026-04-27 09:38:11.625
174,1,0,0,2699123,2026-04-27 09:38:11.625
175,1,0,0,738810,2026-04-27 09:38:11.625
176,1,0,0,358334.333333,2026-04-27 09:38:11.625
177,1,5,0,258000,2026-04-27 09:38:11.625
178,1,0,0,1859355,2026-04-27 09:38:11.625
179,1,0,0,2773109,2026-04-27 09:38:11.625
180,1,9,0,15300,2026-04-27 09:38:11.625
181,1,15,0,57806.058824,2026-04-27 09:38:11.625
182,1,0,0,1780000,2026-04-27 09:38:11.625
183,1,0,0,472269,2026-04-27 09:38:11.625
184,1,0,0,2261000,2026-04-27 09:38:11.625
185,1,3,0,60717.111436,2026-04-27 09:38:11.625
186,1,3,0,64800,2026-04-27 09:38:11.625
187,1,0,0,21315,2026-04-27 09:38:11.625
188,1,1,0,13134,2026-04-27 09:38:11.625
189,1,5,0,5000,2026-04-27 09:38:11.625
190,1,3,0,45000,2026-04-27 09:38:11.625
191,1,9,0,35000,2026-04-27 09:38:11.625
192,1,34,0,24950.478469,2026-04-27 09:38:11.625
193,1,5,0,15000,2026-04-27 09:38:11.625
194,1,2,0,111408,2026-04-27 09:38:11.625
195,1,2,0,90550.071429,2026-04-27 09:38:11.625
196,1,7,0,14819.666667,2026-04-27 09:38:11.625
197,1,7,0,5000,2026-04-27 09:38:11.625
198,1,0,0,9639,2026-04-27 09:38:11.625
199,1,1,0,48655.759241,2026-04-27 09:38:11.625
200,1,2,0,93428.142857,2026-04-27 09:38:11.625
201,1,0,0,105042,2026-04-27 09:38:11.625
202,1,7,0,20531.25,2026-04-27 09:38:11.625
203,1,4,0,16200,2026-04-27 09:38:11.625
204,1,0,0,200000,2026-04-27 09:38:11.625
205,1,12,0,139000,2026-04-27 09:38:11.625
206,1,12,0,9775.75,2026-04-27 09:38:11.625
207,1,11,0,21000,2026-04-27 09:38:11.625
208,1,8,0,81205.75,2026-04-27 09:38:11.625
209,1,7,0,7634.285714,2026-04-27 09:38:11.625
210,1,6,0,26000,2026-04-27 09:38:11.625
211,1,7,0,12500,2026-04-27 09:38:11.625
212,1,57,0,16493.628852,2026-04-27 09:38:11.625
213,1,3,0,5446,2026-04-27 09:38:11.625
214,1,1,0,12252,2026-04-27 09:38:11.625
215,1,1,0,13614,2026-04-27 09:38:11.625
216,1,24,0,1930.448889,2026-04-27 09:38:11.625
217,1,10,0,7802.5,2026-04-27 09:38:11.625
218,1,0,0,9842.125,2026-04-27 09:38:11.625
219,1,0,0,20335,2026-04-27 09:38:11.625
220,1,0,0,21060,2026-04-27 09:38:11.625
221,1,0,0,8168,2026-04-27 09:38:11.625
222,1,2,0,1362,2026-04-27 09:38:11.625
223,1,3,0,6480,2026-04-27 09:38:11.625
224,1,1,0,8168,2026-04-27 09:38:11.625
225,1,0,0,9530,2026-04-27 09:38:11.625
226,1,1,0,6480,2026-04-27 09:38:11.625
227,1,20,0,2727.864286,2026-04-27 09:38:11.625
228,1,11,0,3277.31,2026-04-27 09:38:11.625
229,1,18,0,3059,2026-04-27 09:38:11.625
230,1,0,0,2606.714286,2026-04-27 09:38:11.625
231,1,8,0,7383,2026-04-27 09:38:11.625
232,1,0,0,238,2026-04-27 09:38:11.625
233,1,0,0,3455,2026-04-27 09:38:11.625
234,1,0,0,9720,2026-04-27 09:38:11.625
235,1,3,0,4764,2026-04-27 09:38:11.625
236,1,4,0,4764,2026-04-27 09:38:11.625
237,1,0,0,8168,2026-04-27 09:38:11.625
238,1,2,0,2382,2026-04-27 09:38:11.625
239,1,7,0,3790.666667,2026-04-27 09:38:11.625
240,1,1,0,5446,2026-04-27 09:38:11.625
241,1,6,0,4084,2026-04-27 09:38:11.625
242,1,2,0,5446,2026-04-27 09:38:11.625
243,1,1,0,1021,2026-04-27 09:38:11.625
244,1,22,0,7677.590909,2026-04-27 09:38:11.625
245,1,2,0,6806,2026-04-27 09:38:11.625
246,1,1,0,3063,2026-04-27 09:38:11.625
247,1,4,0,816,2026-04-27 09:38:11.625
248,1,2,0,1569.375,2026-04-27 09:38:11.625
249,1,17,0,2265.217647,2026-04-27 09:38:11.625
250,1,0,0,4084,2026-04-27 09:38:11.625
251,1,1,0,5446,2026-04-27 09:38:11.625
252,1,4,0,136950.5,2026-04-27 09:38:11.625
253,1,0,0,37437,2026-04-27 09:38:11.625
254,1,28,0,34,2026-04-27 09:38:11.625
255,1,0,0,367,2026-04-27 09:38:11.625
256,1,0,0,34,2026-04-27 09:38:11.625
257,1,34,0,1260.5,2026-04-27 09:38:11.625
258,1,0,0,10210,2026-04-27 09:38:11.625
259,1,0,0,28977,2026-04-27 09:38:11.625
260,1,0,0,8678,2026-04-27 09:38:11.625
261,1,0,0,11340,2026-04-27 09:38:11.625
262,1,3,0,1230,2026-04-27 09:38:11.625
263,1,4,0,5084,2026-04-27 09:38:11.625
264,1,13,0,57830,2026-04-27 09:38:11.625
265,1,2,0,5084,2026-04-27 09:38:11.625
266,1,2,0,11660,2026-04-27 09:38:11.625
267,1,0,0,3760,2026-04-27 09:38:11.625
268,1,11,0,12290,2026-04-27 09:38:11.625
269,1,1,0,59762,2026-04-27 09:38:11.625
270,1,1,0,11962,2026-04-27 09:38:11.625
271,1,1,0,37958,2026-04-27 09:38:11.625
272,1,6,0,20192,2026-04-27 09:38:11.625
273,1,6,0,998,2026-04-27 09:38:11.625
274,1,4,0,930,2026-04-27 09:38:11.625
275,1,11,0,4005,2026-04-27 09:38:11.625
276,1,9,0,4545,2026-04-27 09:38:11.625
277,1,14,0,3414.823529,2026-04-27 09:38:11.625
278,1,0,0,5366,2026-04-27 09:38:11.625
279,1,2,0,17917,2026-04-27 09:38:11.625
280,1,5,0,16069,2026-04-27 09:38:11.625
281,1,0,0,1032,2026-04-27 09:38:11.625
282,1,7,0,4100,2026-04-27 09:38:11.625
283,1,1,0,10830,2026-04-27 09:38:11.625
284,1,3,0,2832,2026-04-27 09:38:11.625
285,1,3,0,4513,2026-04-27 09:38:11.625
286,1,1,0,3347,2026-04-27 09:38:11.625
287,1,1,0,26972,2026-04-27 09:38:11.625
288,1,2,0,1438,2026-04-27 09:38:11.625
289,1,0,0,8456,2026-04-27 09:38:11.625
290,1,4,0,8456,2026-04-27 09:38:11.625
291,1,6,0,1732,2026-04-27 09:38:11.625
292,1,1,0,21167,2026-04-27 09:38:11.625
293,1,3,0,6148,2026-04-27 09:38:11.625
294,1,9,0,4627,2026-04-27 09:38:11.625
295,1,0,0,3654,2026-04-27 09:38:11.625
296,1,5,0,2981,2026-04-27 09:38:11.625
297,1,5,0,746,2026-04-27 09:38:11.625
298,1,5,0,866,2026-04-27 09:38:11.625
299,1,5,0,13038.8,2026-04-27 09:38:11.625
300,1,6,0,5798,2026-04-27 09:38:11.625
301,1,0,0,14974,2026-04-27 09:38:11.625
302,1,1,0,18630,2026-04-27 09:38:11.625
303,1,20,0,2521.01,2026-04-27 09:38:11.625
304,1,0,0,448.3825,2026-04-27 09:38:11.625
305,1,25,0,997.036842,2026-04-27 09:38:11.625
306,1,0,0,54454,2026-04-27 09:38:11.625
307,1,0,0,7488,2026-04-27 09:38:11.625
308,1,3,0,3063,2026-04-27 09:38:11.625
309,1,0,0,13614,2026-04-27 09:38:11.625
310,1,12,0,1362,2026-04-27 09:38:11.625
311,1,0,0,14974,2026-04-27 09:38:11.625
312,1,22,0,16395.252164,2026-04-27 09:38:11.625
313,1,15,0,3279.102564,2026-04-27 09:38:11.625
314,1,10,0,9113,2026-04-27 09:38:11.625
315,1,1,0,6607.25,2026-04-27 09:38:11.625
316,1,1,0,62856,2026-04-27 09:38:11.625
317,1,0,0,5358.461538,2026-04-27 09:38:11.625
318,1,2,0,58375,2026-04-27 09:38:11.625
319,1,3,0,56120,2026-04-27 09:38:11.625
320,1,4,0,141869.754286,2026-04-27 09:38:11.625
321,1,17,0,10755,2026-04-27 09:38:11.625
322,1,38,0,1482.105263,2026-04-27 09:38:11.625
323,1,4,0,729,2026-04-27 09:38:11.625
324,1,7,0,61491.428571,2026-04-27 09:38:11.625
325,1,29,0,20770,2026-04-27 09:38:11.625
326,1,15,0,2995,2026-04-27 09:38:11.625
327,1,27,0,6310.967742,2026-04-27 09:38:11.625
328,1,25,0,2790,2026-04-27 09:38:11.625
329,1,31,0,1381.569893,2026-04-27 09:38:11.625
330,1,30,0,3006,2026-04-27 09:38:11.625
331,1,28,0,3033.333333,2026-04-27 09:38:11.625
332,1,17,0,49325.541883,2026-04-27 09:38:11.625
333,1,19,0,74859.309265,2026-04-27 09:38:11.625
334,1,1,0,101440,2026-04-27 09:38:11.625
335,1,4,0,47883.107607,2026-04-27 09:38:11.625
336,1,44,0,13412.045723,2026-04-27 09:38:11.625
337,1,2,0,85605.714286,2026-04-27 09:38:11.625
338,1,41,0,6557.398374,2026-04-27 09:38:11.625
339,1,2,0,15595.448983,2026-04-27 09:38:11.625
340,1,2,0,70360,2026-04-27 09:38:11.625
341,1,41,0,3455.609756,2026-04-27 09:38:11.625
342,1,2,0,83790,2026-04-27 09:38:11.625
343,1,2,0,119633.25,2026-04-27 09:38:11.625
344,1,14,0,2081.714286,2026-04-27 09:38:11.625
345,1,40,0,2782.769231,2026-04-27 09:38:11.625
346,1,1,0,395550,2026-04-27 09:38:11.625
347,1,1,0,120000,2026-04-27 09:38:11.625
348,1,36,0,1225,2026-04-27 09:38:11.625
349,1,8,0,748,2026-04-27 09:38:11.625
350,1,5,0,6440,2026-04-27 09:38:11.625
351,1,23,0,1294,2026-04-27 09:38:11.625
352,1,17,0,3760,2026-04-27 09:38:11.625
353,1,61,0,1053.007452,2026-04-27 09:38:11.625
354,1,2,0,19388,2026-04-27 09:38:11.625
355,1,34,0,1014.117647,2026-04-27 09:38:11.625
356,1,12,0,3284.642857,2026-04-27 09:38:11.625
357,1,19,0,2919.945652,2026-04-27 09:38:11.625
358,1,13,0,476,2026-04-27 09:38:11.625
359,1,6,0,4424,2026-04-27 09:38:11.625
360,1,6,0,14288,2026-04-27 09:38:11.625
361,1,4,0,8214,2026-04-27 09:38:11.625
362,1,1,0,4050,2026-04-27 09:38:11.625
363,1,6,0,640,2026-04-27 09:38:11.625
364,1,1,0,43542,2026-04-27 09:38:11.625
365,1,52,0,14705.35861,2026-04-27 09:38:11.625
366,1,1,0,21858.3125,2026-04-27 09:38:11.625
367,1,0,0,173988,2026-04-27 09:38:11.625
368,1,2,0,4941,2026-04-27 09:38:11.625
369,1,2,0,2025,2026-04-27 09:38:11.625
370,1,1,0,20020,2026-04-27 09:38:11.625
371,1,3,0,122671,2026-04-27 09:38:11.625
372,1,1,0,46899,2026-04-27 09:38:11.625
373,1,5,0,11502,2026-04-27 09:38:11.625
374,1,4,0,6399,2026-04-27 09:38:11.625
375,1,0,0,87189,2026-04-27 09:38:11.625
376,1,4,0,16200,2026-04-27 09:38:11.625
377,1,18,0,3696,2026-04-27 09:38:11.625
378,1,2,0,33466.5,2026-04-27 09:38:11.625
379,1,1,0,41472,2026-04-27 09:38:11.625
380,1,4,0,2793,2026-04-27 09:38:11.625
381,1,2,0,23652,2026-04-27 09:38:11.625
382,1,3,0,49361.75,2026-04-27 09:38:11.625
383,1,14,0,7650,2026-04-27 09:38:11.625
384,1,12,0,13335,2026-04-27 09:38:11.625
385,1,2,0,195363,2026-04-27 09:38:11.625
386,1,10,0,1458,2026-04-27 09:38:11.625
387,1,10,0,3645,2026-04-27 09:38:11.625
388,1,17,0,1813,2026-04-27 09:38:11.625
389,1,11,0,1780.727273,2026-04-27 09:38:11.625
390,1,10,0,1762.285714,2026-04-27 09:38:11.625
391,1,4,0,3119,2026-04-27 09:38:11.625
392,1,4,0,2268,2026-04-27 09:38:11.625
393,1,3,0,8627,2026-04-27 09:38:11.625
394,1,4,0,5792,2026-04-27 09:38:11.625
395,1,21,0,3696,2026-04-27 09:38:11.625
396,1,5,0,1458,2026-04-27 09:38:11.625
397,1,2,0,128068,2026-04-27 09:38:11.625
398,1,14,0,19459.984224,2026-04-27 09:38:11.625
399,1,6,0,77831.5,2026-04-27 09:38:11.625
400,1,3,0,4698,2026-04-27 09:38:11.625
401,1,12,0,6159,2026-04-27 09:38:11.625
402,1,3,0,5508,2026-04-27 09:38:11.625
403,1,16,0,1724.25,2026-04-27 09:38:11.625
404,1,3,0,56629,2026-04-27 09:38:11.625
405,1,1,0,11826,2026-04-27 09:38:11.625
406,1,1,0,10206,2026-04-27 09:38:11.625
407,1,1,0,5103,2026-04-27 09:38:11.625
408,1,4,0,54178.8,2026-04-27 09:38:11.625
409,1,1,0,5792,2026-04-27 09:38:11.625
410,1,1,0,4819.5,2026-04-27 09:38:11.625
411,1,6,0,1442,2026-04-27 09:38:11.625
412,1,2,0,1175,2026-04-27 09:38:11.625
413,1,11,0,1890,2026-04-27 09:38:11.625
414,1,4,0,16929,2026-04-27 09:38:11.625
415,1,2,0,23652,2026-04-27 09:38:11.625
416,1,1,0,142492,2026-04-27 09:38:11.625
417,1,3,0,25753,2026-04-27 09:38:11.625
418,1,3,0,6926,2026-04-27 09:38:11.625
419,1,14,0,9250.64,2026-04-27 09:38:11.625
420,1,10,0,9991.63125,2026-04-27 09:38:11.625
421,1,2,0,126812,2026-04-27 09:38:11.625
422,1,1,0,100800,2026-04-27 09:38:11.625
423,1,3,0,5873,2026-04-27 09:38:11.625
424,1,2,0,12612,2026-04-27 09:38:11.625
425,1,1,0,18428,2026-04-27 09:38:11.625
426,1,0,0,10935,2026-04-27 09:38:11.625
427,1,3,0,12231,2026-04-27 09:38:11.625
428,1,0,0,11900,2026-04-27 09:38:11.625
429,1,0,0,12612,2026-04-27 09:38:11.625
430,1,0,0,13041,2026-04-27 09:38:11.625
431,1,0,0,28362.333333,2026-04-27 09:38:11.625
432,1,2,0,18900,2026-04-27 09:38:11.625
433,1,0,0,25232,2026-04-27 09:38:11.625
434,1,0,0,16200,2026-04-27 09:38:11.625
435,1,0,0,21344,2026-04-27 09:38:11.625
436,1,0,0,3531,2026-04-27 09:38:11.625
437,1,0,0,2361,2026-04-27 09:38:11.625
438,1,1,0,12231,2026-04-27 09:38:11.625
439,1,4,0,70000,2026-04-27 09:38:11.625
440,1,5,0,121917.6,2026-04-27 09:38:11.625
441,1,4,0,111149.75,2026-04-27 09:38:11.625
442,1,2,0,4865,2026-04-27 09:38:11.625
443,1,3,0,13608,2026-04-27 09:38:11.625
444,1,3,0,24705,2026-04-27 09:38:11.625
445,1,1,0,2939,2026-04-27 09:38:11.625
446,1,14,0,12634.5,2026-04-27 09:38:11.625
447,1,13,0,34765.818861,2026-04-27 09:38:11.625
448,1,0,0,523251.4,2026-04-27 09:38:11.625
449,1,3,0,114068.5,2026-04-27 09:38:11.625
450,1,1,0,34020,2026-04-27 09:38:11.625
451,1,19,0,14687.75,2026-04-27 09:38:11.625
452,1,0,0,42906.5,2026-04-27 09:38:11.625
453,1,0,0,12925.22,2026-04-27 09:38:11.625
454,1,10,0,10183.304444,2026-04-27 09:38:11.625
455,1,3,0,4395.3,2026-04-27 09:38:11.625
456,1,-1,0,105531.45,2026-04-27 09:38:11.625
457,1,0,0,20930,2026-04-27 09:38:11.625
458,1,0,0,235175,2026-04-27 09:38:11.625
459,1,2,0,16848,2026-04-27 09:38:11.625
460,1,3,0,26227,2026-04-27 09:38:11.625
461,1,5,0,16744,2026-04-27 09:38:11.625
462,1,9,0,34223.666667,2026-04-27 09:38:11.625
463,1,5,0,127673,2026-04-27 09:38:11.625
464,1,5,0,2323,2026-04-27 09:38:11.625
465,1,1,0,142472,2026-04-27 09:38:11.625
466,1,8,0,9719.16,2026-04-27 09:38:11.625
467,1,1,0,48139,2026-04-27 09:38:11.625
468,1,4,0,10710,2026-04-27 09:38:11.625
469,1,9,0,10696.11,2026-04-27 09:38:11.625
470,1,3,0,10465,2026-04-27 09:38:11.625
471,1,3,0,13604.5,2026-04-27 09:38:11.625
472,1,0,0,7651,2026-04-27 09:38:11.625
473,1,11,0,2492.9696,2026-04-27 09:38:11.625
474,1,1,0,11340,2026-04-27 09:38:11.625
475,1,2,0,5670,2026-04-27 09:38:11.625
476,1,0,0,8100,2026-04-27 09:38:11.625
477,1,3,0,32400,2026-04-27 09:38:11.625
478,1,0,0,123529,2026-04-27 09:38:11.625
479,1,18,0,10134.2688,2026-04-27 09:38:11.625
480,1,0,0,243851,2026-04-27 09:38:11.625
481,1,0,0,8168,2026-04-27 09:38:11.625
482,1,6,0,15184,2026-04-27 09:38:11.625
483,1,0,0,6075,2026-04-27 09:38:11.625
484,1,0,0,1620,2026-04-27 09:38:11.625
485,1,1,0,63302,2026-04-27 09:38:11.625
486,1,7,0,13213.072727,2026-04-27 09:38:11.625
487,1,0,0,4455,2026-04-27 09:38:11.625
488,1,0,0,6480,2026-04-27 09:38:11.625
489,1,6,0,18092,2026-04-27 09:38:11.625
490,1,0,0,107563,2026-04-27 09:38:11.625
491,1,5,0,18630,2026-04-27 09:38:11.625
492,1,8,0,6126,2026-04-27 09:38:11.625
493,1,4,0,6126,2026-04-27 09:38:11.625
494,1,1,0,58538,2026-04-27 09:38:11.625
495,1,3,0,34278,2026-04-27 09:38:11.625
496,1,8,0,29950,2026-04-27 09:38:11.625
497,1,0,0,58520.168571,2026-04-27 09:38:11.625
498,1,1,0,20318.571429,2026-04-27 09:38:11.625
499,1,2,0,1296,2026-04-27 09:38:11.625
500,1,4,0,31702.216,2026-04-27 09:38:11.625
501,1,4,0,38798,2026-04-27 09:38:11.625
502,1,0,0,104490,2026-04-27 09:38:11.625
503,1,0,0,20405.663636,2026-04-27 09:38:11.625
504,1,9,0,14937.584314,2026-04-27 09:38:11.625
505,1,3,0,11889.7375,2026-04-27 09:38:11.625
506,1,0,0,19945.558333,2026-04-27 09:38:11.625
507,1,1,0,45121.808333,2026-04-27 09:38:11.625
508,1,2,0,1701,2026-04-27 09:38:11.625
509,1,0,0,14974,2026-04-27 09:38:11.625
510,1,0,0,71470,2026-04-27 09:38:11.625
511,1,1,0,5042.02,2026-04-27 09:38:11.625
512,1,0,0,162000,2026-04-27 09:38:11.625
513,1,0,0,10210,2026-04-27 09:38:11.625
514,1,0,0,6075,2026-04-27 09:38:11.625
515,1,4,0,20052,2026-04-27 09:38:11.625
516,1,2,0,10210,2026-04-27 09:38:11.625
517,1,0,0,268908,2026-04-27 09:38:11.625
518,1,3,0,276600,2026-04-27 09:38:11.625
519,1,1,0,2094950,2026-04-27 09:38:11.625
520,1,2,0,2312687.533333,2026-04-27 09:38:11.625
521,1,1,0,2121318,2026-04-27 09:38:11.625
522,1,0,0,1364850,2026-04-27 09:38:11.625
523,1,1,0,1806723,2026-04-27 09:38:11.625
524,1,0,0,1258740,2026-04-27 09:38:11.625
525,1,2,0,1080000,2026-04-27 09:38:11.625
526,1,0,0,1702350,2026-04-27 09:38:11.625
527,1,0,0,2406935,2026-04-27 09:38:11.625
528,1,0,0,1538190,2026-04-27 09:38:11.625
529,1,1,0,55000,2026-04-27 09:38:11.625
530,1,0,0,25462.184873,2026-04-27 09:38:11.625
531,1,1,0,3430252.08,2026-04-27 09:38:11.625
532,1,6,0,27623.447991,2026-04-27 09:38:11.625
533,1,4,0,123144,2026-04-27 09:38:11.625
534,1,2,0,918000,2026-04-27 09:38:11.625
535,1,0,0,1450000,2026-04-27 09:38:11.625
536,1,2,0,1292180.4,2026-04-27 09:38:11.625
537,1,3,0,380854,2026-04-27 09:38:11.625
538,1,4,0,305105,2026-04-27 09:38:11.625
539,1,2,0,1220214,2026-04-27 09:38:11.625
540,1,4,0,2358500.2,2026-04-27 09:38:11.625
541,1,0,0,2280000.1,2026-04-27 09:38:11.625
542,1,1,0,3132839,2026-04-27 09:38:11.625
543,1,2,0,1977333.4,2026-04-27 09:38:11.625
544,1,1,0,676482.066667,2026-04-27 09:38:11.625
545,1,0,0,1052217.757686,2026-04-27 09:38:11.625
546,1,0,0,1551153.5,2026-04-27 09:38:11.625
547,1,6,0,516764.632444,2026-04-27 09:38:11.625
548,1,1,0,1633450,2026-04-27 09:38:11.625
549,1,7,0,45714,2026-04-27 09:38:11.625
550,1,1,0,340670.566667,2026-04-27 09:38:11.625
551,1,1235,0,1665.820961,2026-04-27 09:38:11.625
552,1,2,0,2759750,2026-04-27 09:38:11.625
553,1,4,0,1147938.154558,2026-04-27 09:38:11.625
554,1,1,0,1666056,2026-04-27 09:38:11.625
555,1,0,0,765126,2026-04-27 09:38:11.625
556,1,0,0,740336,2026-04-27 09:38:11.625
557,1,0,0,1612773,2026-04-27 09:38:11.625
558,1,0,0,1200840,2026-04-27 09:38:11.625
559,1,0,0,1555210,2026-04-27 09:38:11.625
560,1,0,0,2640756,2026-04-27 09:38:11.625
561,1,1,0,635042,2026-04-27 09:38:11.625
562,1,5,0,15497.56,2026-04-27 09:38:11.625
563,1,156,0,1718.781379,2026-04-27 09:38:11.625
564,1,5,0,6520,2026-04-27 09:38:11.625
565,1,7,0,6578.214286,2026-04-27 09:38:11.625
566,1,12,0,49236.98,2026-04-27 09:38:11.625
567,1,9,0,354000,2026-04-27 09:38:11.625
568,1,12,0,103750,2026-04-27 09:38:11.625
569,1,13,0,11000,2026-04-27 09:38:11.625
570,1,8,0,44000,2026-04-27 09:38:11.625
571,1,7,0,85000,2026-04-27 09:38:11.625
572,1,12,0,11500,2026-04-27 09:38:11.625
573,1,3,0,47739.3,2026-04-27 09:38:11.625
574,1,0,0,10710,2026-04-27 09:38:11.625
575,1,1,0,31610,2026-04-27 09:38:11.625
576,1,1,0,33164,2026-04-27 09:38:11.625
577,1,0,0,392437,2026-04-27 09:38:11.625
578,1,0,0,247899,2026-04-27 09:38:11.625
579,1,0,0,2872000,2026-04-27 09:38:11.625
580,1,0,0,840.3,2026-04-27 09:38:11.625
581,1,0,0,1681,2026-04-27 09:38:11.625
582,1,4,0,1056709.375,2026-04-27 09:38:11.625
583,1,2,0,1075656.5,2026-04-27 09:38:11.625
584,1,0,0,493277.31,2026-04-27 09:38:11.625
585,1,0,0,19328,2026-04-27 09:38:11.625
586,1,1106,0,1554.432374,2026-04-27 09:38:11.625
587,1,13,0,393227.005273,2026-04-27 09:38:11.625
588,1,4,0,1322259.75,2026-04-27 09:38:11.625
589,1,4,0,1461389,2026-04-27 09:38:11.625
590,1,0,0,2270588,2026-04-27 09:38:11.625
591,1,1,0,1671303.4,2026-04-27 09:38:11.625
592,1,1,0,1624642.5,2026-04-27 09:38:11.625
593,1,0,0,869999.9,2026-04-27 09:38:11.625
594,1,0,0,289800,2026-04-27 09:38:11.625
595,1,0,0,388500,2026-04-27 09:38:11.625
596,1,1,0,834400,2026-04-27 09:38:11.625
597,1,0,0,1784873,2026-04-27 09:38:11.625
598,1,0,0,1381512,2026-04-27 09:38:11.625
599,1,1,0,504497.5,2026-04-27 09:38:11.625
600,1,0,0,5893,2026-04-27 09:38:11.625
601,1,4,0,6807,2026-04-27 09:38:11.625
602,1,2,0,18571,2026-04-27 09:38:11.625
603,1,6,0,12185,2026-04-27 09:38:11.625
604,1,1,0,699148,2026-04-27 09:38:11.625
605,1,8,0,1174924,2026-04-27 09:38:11.625
606,1,2,0,1890000,2026-04-27 09:38:11.625
607,1,0,0,494341,2026-04-27 09:38:11.625
608,1,0,0,2345712,2026-04-27 09:38:11.625
609,1,2,0,2583337.67,2026-04-27 09:38:11.625
610,1,1,0,1990000,2026-04-27 09:38:11.625
611,1,2,0,1197000,2026-04-27 09:38:11.625
612,1,-1,0,1263500,2026-04-27 09:38:11.625
613,1,0,0,2348739.48,2026-04-27 09:38:11.625
614,1,2,0,19600,2026-04-27 09:38:11.625
615,1,2,0,9011.25,2026-04-27 09:38:11.625
616,1,2,0,10259.9125,2026-04-27 09:38:11.625
617,1,0,0,651260.5,2026-04-27 09:38:11.625
618,1,12,0,95000,2026-04-27 09:38:11.625
619,1,1,0,3077620,2026-04-27 09:38:11.625
620,1,0,0,2849580,2026-04-27 09:38:11.625
621,1,0,0,388500,2026-04-27 09:38:11.625
622,1,1,0,4529200,2026-04-27 09:38:11.625
623,1,0,0,3806723,2026-04-27 09:38:11.625
624,1,2,0,22300.272109,2026-04-27 09:38:11.625
625,1,0,0,54175.69,2026-04-27 09:38:11.625
626,1,0,0,4614.54,2026-04-27 09:38:11.625
627,1,0,0,33613.33,2026-04-27 09:38:11.625
628,1,0,0,98604.99,2026-04-27 09:38:11.625
629,1,0,0,8621.16,2026-04-27 09:38:11.625
630,1,0,0,40336.13,2026-04-27 09:38:11.625
631,1,6,0,47988,2026-04-27 09:38:11.625
632,1,0,0,29254.95,2026-04-27 09:38:11.625
633,1,0,0,28872.87,2026-04-27 09:38:11.625
634,1,0,0,8158.98,2026-04-27 09:38:11.625
635,1,0,0,13543.6,2026-04-27 09:38:11.625
636,1,0,0,8036.87,2026-04-27 09:38:11.625
637,1,11,0,13711.3,2026-04-27 09:38:11.625
638,1,0,0,88506,2026-04-27 09:38:11.625
639,1,0,0,1689076,2026-04-27 09:38:11.625
640,1,0,0,2524138,2026-04-27 09:38:11.625
641,1,0,0,3846659,2026-04-27 09:38:11.625
642,1,0,0,149435,2026-04-27 09:38:11.625
643,1,1,0,1068892,2026-04-27 09:38:11.625
644,1,0,0,2310924.37,2026-04-27 09:38:11.625
645,1,0,0,114240.34,2026-04-27 09:38:11.625
646,1,0,0,24369.7,2026-04-27 09:38:11.625
647,1,0,0,67266,2026-04-27 09:38:11.625
648,1,1,0,624060,2026-04-27 09:38:11.625
649,1,3,0,120999.9,2026-04-27 09:38:11.625
650,1,0,0,37000000,2026-04-27 09:38:11.625
651,1,0,0,4095798,2026-04-27 09:38:11.625
652,1,0,0,1932773,2026-04-27 09:38:11.625
653,1,0,0,2521,2026-04-27 09:38:11.625
654,1,5,0,14520.1,2026-04-27 09:38:11.625
655,1,3,0,764750,2026-04-27 09:38:11.625
656,1,0,0,20168,2026-04-27 09:38:11.625
657,1,1,0,1680672,2026-04-27 09:38:11.625
658,1,0,0,90000,2026-04-27 09:38:11.625
659,1,0,0,45000000,2026-04-27 09:38:11.625
660,1,0,0,302888.16,2026-04-27 09:38:11.625
661,1,1,0,1678197,2026-04-27 09:38:11.625
662,1,0,0,1396.55,2026-04-27 09:38:11.625
663,1,5,0,11345,2026-04-27 09:38:11.625
664,1,4,0,10924,2026-04-27 09:38:11.625
665,1,0,0,5378,2026-04-27 09:38:11.625
666,1,0,0,160176,2026-04-27 09:38:11.625
667,1,27,0,2560.777778,2026-04-27 09:38:11.625
668,1,0,0,2470588,2026-04-27 09:38:11.625
669,1,53,0,10257.833693,2026-04-27 09:38:11.625
670,1,0,0,4285714,2026-04-27 09:38:11.625
671,1,0,0,1077479,2026-04-27 09:38:11.625
672,1,0,0,292436.97,2026-04-27 09:38:11.625
673,1,1,0,443044,2026-04-27 09:38:11.625
674,1,1,0,1092700,2026-04-27 09:38:11.625
675,1,1,0,142492,2026-04-27 09:38:11.625
676,1,0,0,3249458.8,2026-04-27 09:38:11.625
677,1,0,0,1597,2026-04-27 09:38:11.625
678,1,9,0,17840,2026-04-27 09:38:11.625
679,1,0,0,1680672,2026-04-27 09:38:11.625
680,1,6,0,38296.666667,2026-04-27 09:38:11.625
681,1,-1,0,1932773,2026-04-27 09:38:11.625
682,1,0,0,3841440,2026-04-27 09:38:11.625
683,1,0,0,12605,2026-04-27 09:38:11.625
684,1,21,0,10924.4,2026-04-27 09:38:11.625
685,1,1,0,28125.333333,2026-04-27 09:38:11.625
686,1,0,0,1353681,2026-04-27 09:38:11.625
687,1,4,0,12600,2026-04-27 09:38:11.625
688,1,4,0,10500,2026-04-27 09:38:11.625
689,1,0,0,107683,2026-04-27 09:38:11.625
690,1,4,0,36400,2026-04-27 09:38:11.625
691,1,0,0,43866,2026-04-27 09:38:11.625
692,1,4,0,11868,2026-04-27 09:38:11.625
693,1,0,0,71760,2026-04-27 09:38:11.625
694,1,5,0,21748,2026-04-27 09:38:11.625
695,1,5,0,35140,2026-04-27 09:38:11.625
696,1,5,0,3944,2026-04-27 09:38:11.625
697,1,5,0,8650,2026-04-27 09:38:11.625
698,1,2,0,60053,2026-04-27 09:38:11.625
699,1,10,0,16135,2026-04-27 09:38:11.625
700,1,4,0,13810,2026-04-27 09:38:11.625
701,1,10,0,761.8,2026-04-27 09:38:11.625
702,1,10,0,15801,2026-04-27 09:38:11.625
703,1,6,0,59920,2026-04-27 09:38:11.625
704,1,10,0,15000,2026-04-27 09:38:11.625
705,1,11,0,21008.4,2026-04-27 09:38:11.625
706,1,5,0,21848.74,2026-04-27 09:38:11.625
707,1,1,0,60504.2,2026-04-27 09:38:11.625
708,1,1,0,1631700,2026-04-27 09:38:11.625
709,1,0,0,908460,2026-04-27 09:38:11.625
710,1,0,0,597744,2026-04-27 09:38:11.625
711,1,1,0,1249906,2026-04-27 09:38:11.625
712,1,0,0,84033.61,2026-04-27 09:38:11.625
713,1,10,0,1260.5,2026-04-27 09:38:11.625
714,1,6,0,20168.07,2026-04-27 09:38:11.625
715,1,0,0,3782.3,2026-04-27 09:38:11.625
716,1,8,0,2227,2026-04-27 09:38:11.625
717,1,3,0,10924,2026-04-27 09:38:11.625
718,1,0,0,24286,2026-04-27 09:38:11.625
719,1,12,0,10906,2026-04-27 09:38:11.625
720,1,5,0,7382,2026-04-27 09:38:11.625
721,1,0,0,42000,2026-04-27 09:38:11.625
722,1,3,0,5600,2026-04-27 09:38:11.625
723,1,3,0,11970,2026-04-27 09:38:11.625
724,1,0,0,57890,2026-04-27 09:38:11.625
725,1,4,0,8823.53,2026-04-27 09:38:11.625
726,1,2,0,10388,2026-04-27 09:38:11.625
727,1,0,0,24138,2026-04-27 09:38:11.625
728,1,0,0,1962989,2026-04-27 09:38:11.625
729,1,0,0,1450299.16,2026-04-27 09:38:11.625
730,1,6,0,16912,2026-04-27 09:38:11.625
731,1,0,0,1233834,2026-04-27 09:38:11.625
732,1,1,0,1090000,2026-04-27 09:38:11.625
733,1,0,0,1624000,2026-04-27 09:38:11.625
734,1,1,0,332394.826667,2026-04-27 09:38:11.625
735,1,0,0,892437,2026-04-27 09:38:11.625
736,1,4,0,1946750,2026-04-27 09:38:11.625
737,1,1,0,61345,2026-04-27 09:38:11.625
738,1,3,0,33613,2026-04-27 09:38:11.625
739,1,4,0,25210,2026-04-27 09:38:11.625
740,1,2,0,28571.386667,2026-04-27 09:38:11.625
741,1,2,0,67227,2026-04-27 09:38:11.625
742,1,3,0,2749999.7,2026-04-27 09:38:11.625
743,1,0,0,13445,2026-04-27 09:38:11.625
744,1,1,0,1868908,2026-04-27 09:38:11.625
745,1,0,0,1119300,2026-04-27 09:38:11.625
746,1,0,0,354200,2026-04-27 09:38:11.625
747,1,0,0,6218487,2026-04-27 09:38:11.625
748,1,0,0,3422699.111111,2026-04-27 09:38:11.625
749,1,0,0,2176200,2026-04-27 09:38:11.625
750,1,51,0,1008.41,2026-04-27 09:38:11.625
751,1,0,0,52941,2026-04-27 09:38:11.625
752,1,0,0,2941.18,2026-04-27 09:38:11.625
753,1,6,0,6231.151515,2026-04-27 09:38:11.625
754,1,1,0,218403,2026-04-27 09:38:11.625
755,1,1,0,1019000,2026-04-27 09:38:11.625
756,1,0,0,2480450,2026-04-27 09:38:11.625
757,1,1,0,23950,2026-04-27 09:38:11.625
758,1,0,0,1621848.66666,2026-04-27 09:38:11.625
759,1,0,0,327731.09,2026-04-27 09:38:11.625
760,1,0,0,2638759,2026-04-27 09:38:11.625
761,1,0,0,580672,2026-04-27 09:38:11.625
762,1,6,0,25000,2026-04-27 09:38:11.625
763,1,8,0,24500,2026-04-27 09:38:11.625
764,1,7,0,49571.428571,2026-04-27 09:38:11.625
765,1,7,0,27428.571429,2026-04-27 09:38:11.625
766,1,0,0,2162101,2026-04-27 09:38:11.625
767,1,-1,0,1453782,2026-04-27 09:38:11.625
768,1,0,0,91480,2026-04-27 09:38:11.625
769,1,0,0,1180264,2026-04-27 09:38:11.625
770,1,6,0,1442,2026-04-27 09:38:11.625
771,1,1,0,33613.45,2026-04-27 09:38:11.625
772,1,4,0,2521,2026-04-27 09:38:11.625
773,1,1,0,16806.72,2026-04-27 09:38:11.625
774,1,1,0,2909412,2026-04-27 09:38:11.625
775,1,0,0,1394789.92,2026-04-27 09:38:11.625
776,1,0,0,1512.62,2026-04-27 09:38:11.625
777,1,0,0,1465546,2026-04-27 09:38:11.625
778,1,1,0,3220000,2026-04-27 09:38:11.625
779,1,0,0,134666,2026-04-27 09:38:11.625
780,1,0,0,1848739.48,2026-04-27 09:38:11.625
781,1,2,0,22400,2026-04-27 09:38:11.625
782,1,2,0,24500,2026-04-27 09:38:11.625
783,1,2,0,10500,2026-04-27 09:38:11.625
784,1,4,0,3452,2026-04-27 09:38:11.625
785,1,1,0,20168,2026-04-27 09:38:11.625
786,1,0,0,115126,2026-04-27 09:38:11.625
787,1,4,0,48319,2026-04-27 09:38:11.625
788,1,0,0,2473109,2026-04-27 09:38:11.625
789,1,0,0,4706723,2026-04-27 09:38:11.625
790,1,0,0,798320,2026-04-27 09:38:11.625
791,1,3,0,58800,2026-04-27 09:38:11.625
792,1,4,0,1077033,2026-04-27 09:38:11.625
793,1,0,0,2260177,2026-04-27 09:38:11.625
794,1,1,0,755300,2026-04-27 09:38:11.625
795,1,1,0,1799850,2026-04-27 09:38:11.625
796,1,1,0,427706,2026-04-27 09:38:11.625
797,1,0,0,5210,2026-04-27 09:38:11.625
798,1,0,0,5799999.4,2026-04-27 09:38:11.625
799,1,0,0,1445378.15,2026-04-27 09:38:11.625
800,1,0,0,211765,2026-04-27 09:38:11.625
801,1,0,0,2404202,2026-04-27 09:38:11.625
802,1,0,0,828243,2026-04-27 09:38:11.625
803,1,3,0,935900,2026-04-27 09:38:11.625
804,1,0,0,1303659,2026-04-27 09:38:11.625
805,1,0,0,1731092.3,2026-04-27 09:38:11.625
806,1,1,0,3957983,2026-04-27 09:38:11.625
807,1,2,0,23529.41,2026-04-27 09:38:11.625
808,1,0,0,446500,2026-04-27 09:38:11.625
809,1,6,0,71400,2026-04-27 09:38:11.625
810,1,1,0,1470000,2026-04-27 09:38:11.625
811,1,1,0,101696,2026-04-27 09:38:11.625
812,1,2,0,432600,2026-04-27 09:38:11.625
813,1,1,0,1200500,2026-04-27 09:38:11.625
814,1,2,0,289800,2026-04-27 09:38:11.625
815,1,0,0,647058.82,2026-04-27 09:38:11.625
816,1,1,0,913768,2026-04-27 09:38:11.625
817,1,0,0,364949,2026-04-27 09:38:11.625
818,1,4,0,18663.2,2026-04-27 09:38:11.625
819,1,0,0,35294,2026-04-27 09:38:11.625
820,1,1,0,267155,2026-04-27 09:38:11.625
821,1,3,0,23180,2026-04-27 09:38:11.625
822,1,8,0,7900,2026-04-27 09:38:11.625
823,1,0,0,3193277,2026-04-27 09:38:11.625
824,1,0,0,10500,2026-04-27 09:38:11.625
825,1,0,0,22960,2026-04-27 09:38:11.625
826,1,1,0,3697232,2026-04-27 09:38:11.625
827,1,0,0,3083696,2026-04-27 09:38:11.625
828,1,0,0,79832,2026-04-27 09:38:11.625
829,1,0,0,109244,2026-04-27 09:38:11.625
830,1,6,0,11337,2026-04-27 09:38:11.625
831,1,1,0,9799,2026-04-27 09:38:11.625
832,1,3,0,90284,2026-04-27 09:38:11.625
833,1,0,0,1134454,2026-04-27 09:38:11.625
834,1,0,0,980000,2026-04-27 09:38:11.625
835,1,2,0,56000,2026-04-27 09:38:11.625
836,1,2,0,35000,2026-04-27 09:38:11.625
837,1,0,0,2965546,2026-04-27 09:38:11.625
838,1,2,0,147119,2026-04-27 09:38:11.625
839,1,6,0,15801,2026-04-27 09:38:11.625
840,1,7,0,40196.857143,2026-04-27 09:38:11.625
841,1,15,0,16563.8,2026-04-27 09:38:11.625
842,1,6,0,132790,2026-04-27 09:38:11.625
843,1,6,0,53833.67,2026-04-27 09:38:11.625
844,1,4,0,48450.5,2026-04-27 09:38:11.625
845,1,6,0,63295,2026-04-27 09:38:11.625
846,1,20,0,4417.6,2026-04-27 09:38:11.625
847,1,6,0,25575,2026-04-27 09:38:11.625
848,1,2,0,76644,2026-04-27 09:38:11.625
849,1,1,0,135390,2026-04-27 09:38:11.625
850,1,5,0,4076,2026-04-27 09:38:11.625
851,1,1,0,465989,2026-04-27 09:38:11.625
852,1,4,0,165503.25,2026-04-27 09:38:11.625
853,1,3,0,69404,2026-04-27 09:38:11.625
854,1,2,0,210429,2026-04-27 09:38:11.625
855,1,10,0,18750,2026-04-27 09:38:11.625
856,1,2,0,53470,2026-04-27 09:38:11.625
857,1,4,0,60045,2026-04-27 09:38:11.625
858,1,2,0,114932,2026-04-27 09:38:11.625
859,1,2,0,97661,2026-04-27 09:38:11.625
860,1,0,0,22269,2026-04-27 09:38:11.625
861,1,0,0,16807,2026-04-27 09:38:11.625
862,1,0,0,25210,2026-04-27 09:38:11.625
863,1,2,0,295408,2026-04-27 09:38:11.625
864,1,0,0,1405000,2026-04-27 09:38:11.625
865,1,0,0,2577143,2026-04-27 09:38:11.625
866,1,2,0,2900.05,2026-04-27 09:38:11.625
867,1,0,0,584807,2026-04-27 09:38:11.625
868,1,0,0,1110000,2026-04-27 09:38:11.625
869,1,0,0,1193277,2026-04-27 09:38:11.625
870,1,0,0,2184874,2026-04-27 09:38:11.625
871,1,0,0,1699740,2026-04-27 09:38:11.625
872,1,1,0,1451030,2026-04-27 09:38:11.625
873,1,0,0,6386555,2026-04-27 09:38:11.625
874,1,0,0,3361.3,2026-04-27 09:38:11.625
875,1,0,0,137815,2026-04-27 09:38:11.625
876,1,0,0,448739.48,2026-04-27 09:38:11.625
877,1,6,0,11764.71,2026-04-27 09:38:11.625
878,1,6,0,6722.69,2026-04-27 09:38:11.625
879,1,6,0,840.34,2026-04-27 09:38:11.625
880,1,1,0,606773,2026-04-27 09:38:11.625
881,1,1,0,1274051,2026-04-27 09:38:11.625
882,1,0,0,78000000,2026-04-27 09:38:11.625
883,1,0,0,1014997,2026-04-27 09:38:11.625
884,1,5,0,20496,2026-04-27 09:38:11.625
885,1,1,0,89529,2026-04-27 09:38:11.625
886,1,2,0,65000,2026-04-27 09:38:11.625
887,1,5,0,54000,2026-04-27 09:38:11.625
888,1,10,0,15000,2026-04-27 09:38:11.625
889,1,12,0,8000,2026-04-27 09:38:11.625
890,1,6,0,10000,2026-04-27 09:38:11.625
891,1,6,0,4000,2026-04-27 09:38:11.625
892,1,3,0,4000,2026-04-27 09:38:11.625
893,1,2,0,30000,2026-04-27 09:38:11.625
894,1,12,0,40000,2026-04-27 09:38:11.625
895,1,3,0,268907.666666,2026-04-27 09:38:11.625
896,1,1,0,250000,2026-04-27 09:38:11.625
897,1,0,0,641000,2026-04-27 09:38:11.625
898,1,0,0,87000,2026-04-27 09:38:11.625
899,1,19,0,7492.08,2026-04-27 09:38:11.625
900,1,0,0,10000,2026-04-27 09:38:11.625
901,1,1,0,27227,2026-04-27 09:38:11.625
902,1,18,0,20402,2026-04-27 09:38:11.625
903,1,5,0,32027.666667,2026-04-27 09:38:11.625
904,1,0,0,46206.857143,2026-04-27 09:38:11.625
905,1,18,0,41685.491147,2026-04-27 09:38:11.625
906,1,2,0,882353,2026-04-27 09:38:11.625
907,1,0,0,78728,2026-04-27 09:38:11.625
908,1,0,0,109244,2026-04-27 09:38:11.625
909,1,0,0,183193.28,2026-04-27 09:38:11.625
910,1,400,0,114.285,2026-04-27 09:38:11.625
911,1,0,0,99990,2026-04-27 09:38:11.625
912,1,0,0,679000,2026-04-27 09:38:11.625
913,1,5,0,145000,2026-04-27 09:38:11.625
914,1,741,0,449,2026-04-27 09:38:11.625
915,1,116,0,447.937008,2026-04-27 09:38:11.625
916,1,160,0,462.306569,2026-04-27 09:38:11.625
917,1,54,0,1590.3,2026-04-27 09:38:11.625
918,1,56,0,1501.153846,2026-04-27 09:38:11.625
919,1,22,0,1570.363636,2026-04-27 09:38:11.625
920,1,12,0,1560.407407,2026-04-27 09:38:11.625
921,1,68,0,5868.972852,2026-04-27 09:38:11.625
922,1,57,0,7632.772855,2026-04-27 09:38:11.625
923,1,77,0,17323.253149,2026-04-27 09:38:11.625
924,1,12,0,6019.101275,2026-04-27 09:38:11.625
925,1,123,0,6129.407145,2026-04-27 09:38:11.625
926,1,48,0,6028,2026-04-27 09:38:11.625
927,1,39,0,6112,2026-04-27 09:38:11.625
928,1,80,0,6285.260211,2026-04-27 09:38:11.625
929,1,44,0,6038.61537,2026-04-27 09:38:11.625
930,1,166,0,6309.431546,2026-04-27 09:38:11.625
931,1,24,0,6113.534483,2026-04-27 09:38:11.625
932,1,72,0,5628.878966,2026-04-27 09:38:11.625
933,1,24,0,6453.091837,2026-04-27 09:38:11.625
934,1,140,0,6377.957112,2026-04-27 09:38:11.625
935,1,135,0,6042.217092,2026-04-27 09:38:11.625
936,1,122,0,4397.886481,2026-04-27 09:38:11.625
937,1,196,0,5171.561956,2026-04-27 09:38:11.625
938,1,0,0,7491,2026-04-27 09:38:11.625
939,1,17,0,4818,2026-04-27 09:38:11.625
940,1,0,0,3630,2026-04-27 09:38:11.625
941,1,29,0,9570,2026-04-27 09:38:11.625
942,1,2,0,16405.5,2026-04-27 09:38:11.625
943,1,25,0,4356,2026-04-27 09:38:11.625
944,1,6,0,23496,2026-04-27 09:38:11.625
945,1,33,0,18352.027027,2026-04-27 09:38:11.625
946,1,0,0,16807,2026-04-27 09:38:11.625
947,1,1,0,35462.2,2026-04-27 09:38:11.625
948,1,0,0,43697,2026-04-27 09:38:11.625
949,1,7,0,13925.428571,2026-04-27 09:38:11.625
950,1,3,0,6344.666667,2026-04-27 09:38:11.625
951,1,26,0,13324,2026-04-27 09:38:11.625
952,1,0,0,14520,2026-04-27 09:38:11.625
953,1,6,0,26221.59596,2026-04-27 09:38:11.625
954,1,9,0,13447.201765,2026-04-27 09:38:11.625
955,1,4,0,5589,2026-04-27 09:38:11.625
956,1,18,0,14788.915592,2026-04-27 09:38:11.625
957,1,22,0,5630.55228,2026-04-27 09:38:11.625
958,1,24,0,7739.434092,2026-04-27 09:38:11.625
959,1,1,0,31440,2026-04-27 09:38:11.625
960,1,0,0,42930,2026-04-27 09:38:11.625
961,1,2,0,25466.65,2026-04-27 09:38:11.625
962,1,2,0,27260.169286,2026-04-27 09:38:11.625
963,1,3,0,30787,2026-04-27 09:38:11.625
964,1,0,0,55647,2026-04-27 09:38:11.625
965,1,6,0,25866.18,2026-04-27 09:38:11.625
966,1,0,0,30161,2026-04-27 09:38:11.625
967,1,8,0,32032.128368,2026-04-27 09:38:11.625
968,1,327,0,27.072805,2026-04-27 09:38:11.625
969,1,401,0,36.160584,2026-04-27 09:38:11.625
970,1,297,0,39.33,2026-04-27 09:38:11.625
971,1,25,0,85.305263,2026-04-27 09:38:11.625
972,1,0,0,252.1,2026-04-27 09:38:11.625
973,1,2894,0,109.09444,2026-04-27 09:38:11.625
974,1,4909,0,81.641845,2026-04-27 09:38:11.625
975,1,2926,0,212.188368,2026-04-27 09:38:11.625
976,1,1775,0,95.88,2026-04-27 09:38:11.625
977,1,14,0,5260.527778,2026-04-27 09:38:11.625
978,1,17,0,7140,2026-04-27 09:38:11.625
979,1,16,0,11609.6475,2026-04-27 09:38:11.625
980,1,2,0,80626.75,2026-04-27 09:38:11.625
981,1,35,0,2005.692308,2026-04-27 09:38:11.625
982,1,0,0,6747,2026-04-27 09:38:11.625
983,1,118,0,3966.279434,2026-04-27 09:38:11.625
984,1,30,0,5703.620141,2026-04-27 09:38:11.625
985,1,5,0,8705.139406,2026-04-27 09:38:11.625
986,1,0,0,12016.81,2026-04-27 09:38:11.625
987,1,0,0,2304,2026-04-27 09:38:11.625
988,1,0,0,2309,2026-04-27 09:38:11.625
989,1,22,0,32802,2026-04-27 09:38:11.625
990,1,0,0,57143,2026-04-27 09:38:11.625
991,1,0,0,55982,2026-04-27 09:38:11.625
992,1,28,0,8835.836877,2026-04-27 09:38:11.625
993,1,19,0,15851.640937,2026-04-27 09:38:11.625
994,1,6,0,88582,2026-04-27 09:38:11.625
995,1,10,0,154878,2026-04-27 09:38:11.625
996,1,8,0,170662,2026-04-27 09:38:11.625
997,1,24,0,13004,2026-04-27 09:38:11.625
998,1,27,0,12764.344828,2026-04-27 09:38:11.625
999,1,21,0,12372.181818,2026-04-27 09:38:11.625
1000,1,10,0,83436.272727,2026-04-27 09:38:11.625
1001,1,20,0,103271.838044,2026-04-27 09:38:11.625
1002,1,26,0,27818.24,2026-04-27 09:38:11.625
1003,1,39,0,28208.960418,2026-04-27 09:38:11.625
1004,1,8,0,27818.24,2026-04-27 09:38:11.625
1005,1,0,0,37800,2026-04-27 09:38:11.625
1006,1,9,0,6716.935606,2026-04-27 09:38:11.625
1007,1,13,0,5608,2026-04-27 09:38:11.625
1008,1,0,0,4401.4,2026-04-27 09:38:11.625
1009,1,13,0,5533.384615,2026-04-27 09:38:11.625
1010,1,0,0,3460.69,2026-04-27 09:38:11.625
1011,1,0,0,3726,2026-04-27 09:38:11.625
1012,1,13,0,4997.52639,2026-04-27 09:38:11.625
1013,1,20,0,2241.727286,2026-04-27 09:38:11.625
1014,1,8,0,3623.06526,2026-04-27 09:38:11.625
1015,1,0,0,6361,2026-04-27 09:38:11.625
1016,1,0,0,268907.56,2026-04-27 09:38:11.625
1017,1,0,0,478445.8,2026-04-27 09:38:11.625
1018,1,3,0,6885,2026-04-27 09:38:11.625
1019,1,4,0,5711,2026-04-27 09:38:11.625
1020,1,3,0,10171.428571,2026-04-27 09:38:11.625
1021,1,91,0,6272.232323,2026-04-27 09:38:11.625
1022,1,45,0,3598.774275,2026-04-27 09:38:11.625
1023,1,15,0,112226.705882,2026-04-27 09:38:11.625
1024,1,0,0,6974.75,2026-04-27 09:38:11.625
1025,1,9,0,2438.294208,2026-04-27 09:38:11.625
1026,1,4,0,13003.92958,2026-04-27 09:38:11.625
1027,1,36,0,583,2026-04-27 09:38:11.625
1028,1,2,0,234151.833333,2026-04-27 09:38:11.625
1029,1,67,0,368.1,2026-04-27 09:38:11.625
1030,1,0,0,37815,2026-04-27 09:38:11.625
1031,1,5,0,5103,2026-04-27 09:38:11.625
1032,1,11,0,2916,2026-04-27 09:38:11.625
1033,1,2,0,6147.75,2026-04-27 09:38:11.625
1034,1,5,0,10799,2026-04-27 09:38:11.625
1035,1,2,0,15872.5,2026-04-27 09:38:11.625
1036,1,68,0,42000,2026-04-27 09:38:11.625
1037,1,40,0,54000,2026-04-27 09:38:11.625
1038,1,2,0,15118,2026-04-27 09:38:11.625
1039,1,0,0,18680,2026-04-27 09:38:11.625
1040,1,5,0,181011.115385,2026-04-27 09:38:11.625
1041,1,5,0,191009.942308,2026-04-27 09:38:11.625
1042,1,2,0,22680,2026-04-27 09:38:11.625
1043,1,0,0,28350,2026-04-27 09:38:11.625
1044,1,110,0,37566.037736,2026-04-27 09:38:11.625
1045,1,0,0,42000,2026-04-27 09:38:11.625
1046,1,0,0,62185,2026-04-27 09:38:11.625
1047,1,0,0,22275,2026-04-27 09:38:11.625
1048,1,50,0,14005.734468,2026-04-27 09:38:11.625
1049,1,0,0,3281,2026-04-27 09:38:11.625
1050,1,0,0,4050,2026-04-27 09:38:11.625
1051,1,3,0,38649.413333,2026-04-27 09:38:11.625
1052,1,77,0,36098.612446,2026-04-27 09:38:11.625
1053,1,4,0,71932.75,2026-04-27 09:38:11.625
1054,1,30,0,30973.177462,2026-04-27 09:38:11.625
1055,1,37,0,32270.079453,2026-04-27 09:38:11.625
1056,1,0,0,30187,2026-04-27 09:38:11.625
1057,1,86,0,112179.410934,2026-04-27 09:38:11.625
1058,1,6,0,9243,2026-04-27 09:38:11.625
1059,1,0,0,2703,2026-04-27 09:38:11.625
1060,1,212,0,5216.910079,2026-04-27 09:38:11.625
1061,1,4,0,44200.941176,2026-04-27 09:38:11.625
1062,1,26,0,8758.7,2026-04-27 09:38:11.625
1063,1,0,0,8439.888889,2026-04-27 09:38:11.625
1064,1,0,0,12880.162162,2026-04-27 09:38:11.625
1065,1,0,0,4050,2026-04-27 09:38:11.625
1066,1,152,0,1602.396724,2026-04-27 09:38:11.625
1067,1,9,0,1108,2026-04-27 09:38:11.625
1068,1,0,0,3402,2026-04-27 09:38:11.625
1069,1,1,0,34192,2026-04-27 09:38:11.625
1070,1,0,0,42809.33,2026-04-27 09:38:11.625
1071,1,0,0,1985,2026-04-27 09:38:11.625
1072,1,20,0,8739.48,2026-04-27 09:38:11.625
1073,1,3,0,508403,2026-04-27 09:38:11.625
1074,1,0,0,3781.5,2026-04-27 09:38:11.625
1075,1,20,0,3550.427778,2026-04-27 09:38:11.625
1076,1,1,0,530696,2026-04-27 09:38:11.625
1077,1,0,0,76950,2026-04-27 09:38:11.625
1078,1,0,0,40500,2026-04-27 09:38:11.625
1079,1,79,0,46227.37352,2026-04-27 09:38:11.625
1080,1,6,0,17927,2026-04-27 09:38:11.625
1081,1,33,0,20658.274949,2026-04-27 09:38:11.625
1082,1,5,0,21816.105762,2026-04-27 09:38:11.625
1083,1,16,0,22287,2026-04-27 09:38:11.625
1084,1,3,0,15886.6,2026-04-27 09:38:11.625
1085,1,18,0,6327.785165,2026-04-27 09:38:11.625
1086,1,17,0,6340.363636,2026-04-27 09:38:11.625
1087,1,47,0,7719.826913,2026-04-27 09:38:11.625
1088,1,0,0,620,2026-04-27 09:38:11.625
1089,1,0,0,316,2026-04-27 09:38:11.625
1090,1,0,0,588,2026-04-27 09:38:11.625
1091,1,40,0,247,2026-04-27 09:38:11.625
1092,1,0,0,662.205882,2026-04-27 09:38:11.625
1093,1,0,0,924.4,2026-04-27 09:38:11.625
1094,1,0,0,6075,2026-04-27 09:38:11.625
1095,1,0,0,7128,2026-04-27 09:38:11.625
1096,1,0,0,1539,2026-04-27 09:38:11.625
1097,1,0,0,58792,2026-04-27 09:38:11.625
1098,1,0,0,52650,2026-04-27 09:38:11.625
1099,1,0,0,2835,2026-04-27 09:38:11.625
1100,1,1,0,14887.356298,2026-04-27 09:38:11.625
1101,1,223,0,3005.950598,2026-04-27 09:38:11.625
1102,1,295,0,3647.575747,2026-04-27 09:38:11.625
1103,1,397,0,6532.895777,2026-04-27 09:38:11.625
1104,1,4,0,15000,2026-04-27 09:38:11.625
1105,1,0,0,12586.5,2026-04-27 09:38:11.625
1106,1,4,0,27911,2026-04-27 09:38:11.625
1107,1,2,0,15350,2026-04-27 09:38:11.625
1108,1,6,0,13770,2026-04-27 09:38:11.625
1109,1,19,0,5673.488722,2026-04-27 09:38:11.625
1110,1,0,0,19715,2026-04-27 09:38:11.625
1111,1,9,0,27955.5,2026-04-27 09:38:11.625
1112,1,2,0,15318,2026-04-27 09:38:11.625
1113,1,6,0,3040,2026-04-27 09:38:11.625
1114,1,6,0,1848.74,2026-04-27 09:38:11.625
1115,1,20,0,7180.26,2026-04-27 09:38:11.625
1116,1,12,0,7024,2026-04-27 09:38:11.625
1117,1,2,0,11242.785714,2026-04-27 09:38:11.625
1118,1,3,0,3525.3625,2026-04-27 09:38:11.625
1119,1,35,0,2310,2026-04-27 09:38:11.625
1120,1,61,0,2950.2,2026-04-27 09:38:11.625
1121,1,0,0,10580,2026-04-27 09:38:11.625
1122,1,0,0,120,2026-04-27 09:38:11.625
1123,1,0,0,157,2026-04-27 09:38:11.625
1124,1,0,0,161,2026-04-27 09:38:11.625
1125,1,0,0,100000,2026-04-27 09:38:11.625
1126,1,0,0,35826.230769,2026-04-27 09:38:11.625
1127,1,49,0,11765,2026-04-27 09:38:11.625
1128,1,0,0,13274.653846,2026-04-27 09:38:11.625
1129,1,21,0,9576.4125,2026-04-27 09:38:11.625
1130,1,54,0,8000,2026-04-27 09:38:11.625
1131,1,11,0,15447.715909,2026-04-27 09:38:11.625
1132,1,7,0,99000,2026-04-27 09:38:11.625
1133,1,0,0,183060,2026-04-27 09:38:11.625
1134,1,2,0,5587,2026-04-27 09:38:11.625
1135,1,2,0,8537,2026-04-27 09:38:11.625
1136,1,2,0,8556,2026-04-27 09:38:11.625
1137,1,4,0,24098,2026-04-27 09:38:11.625
1138,1,0,0,24699.466667,2026-04-27 09:38:11.625
1139,1,7,0,28400,2026-04-27 09:38:11.625
1140,1,16,0,42700,2026-04-27 09:38:11.625
1141,1,62,0,1529.972854,2026-04-27 09:38:11.625
1142,1,0,0,4907,2026-04-27 09:38:11.625
1143,1,10,0,5569.2,2026-04-27 09:38:11.625
1144,1,0,0,12920,2026-04-27 09:38:11.625
1145,1,11,0,6396.431123,2026-04-27 09:38:11.625
1146,1,18,0,9231.22807,2026-04-27 09:38:11.625
1147,1,19,0,18162.6,2026-04-27 09:38:11.625
1148,1,0,0,7567.55,2026-04-27 09:38:11.625
1149,1,4,0,10387,2026-04-27 09:38:11.625
1150,1,6,0,16901.45,2026-04-27 09:38:11.625
1151,1,15,0,72414.052632,2026-04-27 09:38:11.625
1152,1,0,0,9151.26,2026-04-27 09:38:11.625
1153,1,1,0,11988,2026-04-27 09:38:11.625
1154,1,2,0,26925,2026-04-27 09:38:11.625
1155,1,2,0,22648,2026-04-27 09:38:11.625
1156,1,0,0,185714,2026-04-27 09:38:11.625
1157,1,0,0,5439.272727,2026-04-27 09:38:11.625
1158,1,3,0,5655.230769,2026-04-27 09:38:11.625
1159,1,1,0,5699.7,2026-04-27 09:38:11.625
1160,1,5,0,34700,2026-04-27 09:38:11.625
1161,1,155,0,50039.375755,2026-04-27 09:38:11.625
1162,1,0,0,25920,2026-04-27 09:38:11.625
1163,1,0,0,54350,2026-04-27 09:38:11.625
1164,1,0,0,52450,2026-04-27 09:38:11.625
1165,1,3,0,78950,2026-04-27 09:38:11.625
1166,1,0,0,18651,2026-04-27 09:38:11.625
1167,1,0,0,5456.727273,2026-04-27 09:38:11.625
1168,1,9,0,5637.06,2026-04-27 09:38:11.625
1169,1,0,0,13851,2026-04-27 09:38:11.625
1170,1,7,0,5894.052857,2026-04-27 09:38:11.625
1171,1,5,0,10653,2026-04-27 09:38:11.625
1172,1,4,0,13038,2026-04-27 09:38:11.625
1173,1,6,0,23039.333333,2026-04-27 09:38:11.625
1174,1,0,0,60504,2026-04-27 09:38:11.625
1175,1,0,0,13326,2026-04-27 09:38:11.625
1176,1,0,0,30571,2026-04-27 09:38:11.625
1177,1,1265,0,5034.852392,2026-04-27 09:38:11.625
1178,1,4,0,117538.138571,2026-04-27 09:38:11.625
1179,1,0,0,35640,2026-04-27 09:38:11.625
1180,1,0,0,250000,2026-04-27 09:38:11.625
1181,1,269,0,2494.872907,2026-04-27 09:38:11.625
1182,1,0,0,24179,2026-04-27 09:38:11.625
1183,1,0,0,28107,2026-04-27 09:38:11.625
1184,1,0,0,25475,2026-04-27 09:38:11.625
1185,1,4,0,29509.389286,2026-04-27 09:38:11.625
1186,1,0,0,307563,2026-04-27 09:38:11.625
1187,1,25,0,42108.308866,2026-04-27 09:38:11.625
1188,1,10,0,24454.274,2026-04-27 09:38:11.625
1189,1,10,0,9194,2026-04-27 09:38:11.625
1190,1,0,0,16605,2026-04-27 09:38:11.625
1191,1,8,0,4278.6,2026-04-27 09:38:11.625
1192,1,0,0,11624,2026-04-27 09:38:11.625
1193,1,5,0,401334.66,2026-04-27 09:38:11.625
1194,1,0,0,128235,2026-04-27 09:38:11.625
1195,1,2,0,29333.15,2026-04-27 09:38:11.625
1196,1,3,0,25091.44,2026-04-27 09:38:11.625
1197,1,2,0,12184.87,2026-04-27 09:38:11.625
1198,1,6,0,68193.36,2026-04-27 09:38:11.625
1199,1,5,0,59795.46,2026-04-27 09:38:11.625
1200,1,0,0,26367,2026-04-27 09:38:11.625
1201,1,2,0,26367,2026-04-27 09:38:11.625
1202,1,2,0,179787,2026-04-27 09:38:11.625
1203,1,2,0,419890.8,2026-04-27 09:38:11.625
1204,1,0,0,19926,2026-04-27 09:38:11.625
1205,1,0,0,24503,2026-04-27 09:38:11.625
1206,1,0,0,13932,2026-04-27 09:38:11.625
1207,1,1,0,36450,2026-04-27 09:38:11.625
1208,1,2,0,17739,2026-04-27 09:38:11.625
1209,1,0,0,45743.666667,2026-04-27 09:38:11.625
1210,1,33,0,10204.425399,2026-04-27 09:38:11.625
1211,1,103,0,15126.04,2026-04-27 09:38:11.625
1212,1,0,0,891,2026-04-27 09:38:11.625
1213,1,0,0,729,2026-04-27 09:38:11.625
1214,1,0,0,1008,2026-04-27 09:38:11.625
1215,1,24,0,906.893939,2026-04-27 09:38:11.625
1216,1,46,0,976.075269,2026-04-27 09:38:11.625
1217,1,104,0,926.955307,2026-04-27 09:38:11.625
1218,1,5,0,909,2026-04-27 09:38:11.625
1219,1,33,0,1073.02439,2026-04-27 09:38:11.625
1220,1,56,0,5786.039519,2026-04-27 09:38:11.625
1221,1,50,0,3101,2026-04-27 09:38:11.625
1222,1,43,0,5380.255319,2026-04-27 09:38:11.625
1223,1,19,0,3779.4,2026-04-27 09:38:11.625
1224,1,4,0,75330,2026-04-27 09:38:11.625
1225,1,93,0,100841.847409,2026-04-27 09:38:11.625
1226,1,0,0,11552.333333,2026-04-27 09:38:11.625
1227,1,1,0,64705.04,2026-04-27 09:38:11.625
1228,1,4,0,1423.285714,2026-04-27 09:38:11.625
1229,1,0,0,1398.2,2026-04-27 09:38:11.625
1230,1,0,0,1536,2026-04-27 09:38:11.625
1231,1,0,0,1823,2026-04-27 09:38:11.625
1232,1,0,0,3215.260638,2026-04-27 09:38:11.625
1233,1,1,0,10170,2026-04-27 09:38:11.625
1234,1,0,0,3404,2026-04-27 09:38:11.625
1235,1,0,0,9450,2026-04-27 09:38:11.625
1236,1,0,0,13025.21,2026-04-27 09:38:11.625
1237,1,3,0,57372,2026-04-27 09:38:11.625
1238,1,0,0,9397,2026-04-27 09:38:11.625
1239,1,0,0,4172,2026-04-27 09:38:11.625
1240,1,0,0,7300,2026-04-27 09:38:11.625
1241,1,1,0,7377.283636,2026-04-27 09:38:11.625
1242,1,0,0,35632,2026-04-27 09:38:11.625
1243,1,0,0,12150,2026-04-27 09:38:11.625
1244,1,6,0,74750,2026-04-27 09:38:11.625
1245,1,103,0,33100,2026-04-27 09:38:11.625
1246,1,35,0,12450,2026-04-27 09:38:11.625
1247,1,7,0,114550,2026-04-27 09:38:11.625
1248,1,42,0,18386.914286,2026-04-27 09:38:11.625
1249,1,34,0,8835.388889,2026-04-27 09:38:11.625
1250,1,64,0,3999.53959,2026-04-27 09:38:11.625
1251,1,28,0,12785.623909,2026-04-27 09:38:11.625
1252,1,45,0,7811.945413,2026-04-27 09:38:11.625
1253,1,53,0,3795.667996,2026-04-27 09:38:11.625
1254,1,0,0,14789.916666,2026-04-27 09:38:11.625
1255,1,23,0,2650,2026-04-27 09:38:11.625
1256,1,2,0,39516,2026-04-27 09:38:11.625
1257,1,0,0,61670,2026-04-27 09:38:11.625
1258,1,0,0,16929.493333,2026-04-27 09:38:11.625
1259,1,0,0,19076,2026-04-27 09:38:11.625
1260,1,0,0,54873.95,2026-04-27 09:38:11.625
1261,1,0,0,10611,2026-04-27 09:38:11.625
1262,1,0,0,13019.724286,2026-04-27 09:38:11.625
1263,1,0,0,56945.85,2026-04-27 09:38:11.625
1264,1,4,0,105783.25,2026-04-27 09:38:11.625
1265,1,4,0,145381.175,2026-04-27 09:38:11.625
1266,1,2,0,83210,2026-04-27 09:38:11.625
1267,1,0,0,1620,2026-04-27 09:38:11.625
1268,1,5,0,1852,2026-04-27 09:38:11.625
1269,1,3,0,26484.939583,2026-04-27 09:38:11.625
1270,1,9,0,4487.292308,2026-04-27 09:38:11.625
1271,1,0,0,21930,2026-04-27 09:38:11.625
1272,1,10,0,13464,2026-04-27 09:38:11.625
1273,1,5,0,2382,2026-04-27 09:38:11.625
1274,1,3,0,7740,2026-04-27 09:38:11.625
1275,1,3,0,71585.666667,2026-04-27 09:38:11.625
1276,1,1,0,9724.305,2026-04-27 09:38:11.625
1277,1,3,0,11988,2026-04-27 09:38:11.625
1278,1,2,0,14378,2026-04-27 09:38:11.625
1279,1,0,0,206550,2026-04-27 09:38:11.625
1280,1,7,0,175604.269841,2026-04-27 09:38:11.625
1281,1,6,0,40000,2026-04-27 09:38:11.625
1282,1,5,0,204881.135506,2026-04-27 09:38:11.625
1283,1,25,0,46970.791557,2026-04-27 09:38:11.625
1284,1,7,0,295000,2026-04-27 09:38:11.625
1285,1,26,0,66145.857988,2026-04-27 09:38:11.625
1286,1,10,0,156159.116301,2026-04-27 09:38:11.625
1287,1,11,0,93428.571429,2026-04-27 09:38:11.625
1288,1,0,0,275625,2026-04-27 09:38:11.625
1289,1,25,0,96070.72434,2026-04-27 09:38:11.625
1290,1,8,0,133011.757573,2026-04-27 09:38:11.625
1291,1,0,0,280000,2026-04-27 09:38:11.625
1292,1,0,0,13251,2026-04-27 09:38:11.625
1293,1,31,0,16690,2026-04-27 09:38:11.625
1294,1,0,0,19158,2026-04-27 09:38:11.625
1295,1,0,0,19280,2026-04-27 09:38:11.625
1296,1,0,0,14418,2026-04-27 09:38:11.625
1297,1,1,0,798319,2026-04-27 09:38:11.625
1298,1,0,0,1668067,2026-04-27 09:38:11.625
1299,1,43,0,5574,2026-04-27 09:38:11.625
1300,1,0,0,2600,2026-04-27 09:38:11.625
1301,1,0,0,50420,2026-04-27 09:38:11.625
1302,1,0,0,83434.45,2026-04-27 09:38:11.625
1303,1,1,0,1537654,2026-04-27 09:38:11.625
1304,1,0,0,20821,2026-04-27 09:38:11.625
1305,1,1,0,8374,2026-04-27 09:38:11.625
1306,1,1,0,10336,2026-04-27 09:38:11.625
1307,1,9,0,3408.5,2026-04-27 09:38:11.625
1308,1,8,0,1767.084615,2026-04-27 09:38:11.625
1309,1,6,0,11945.9,2026-04-27 09:38:11.625
1310,1,0,0,2041.65,2026-04-27 09:38:11.625
1311,1,4,0,17885,2026-04-27 09:38:11.625
1312,1,1,0,19643.14,2026-04-27 09:38:11.625
1313,1,0,0,31272,2026-04-27 09:38:11.625
1314,1,5,0,5265,2026-04-27 09:38:11.625
1315,1,0,0,12151,2026-04-27 09:38:11.625
1316,1,0,0,15616.25,2026-04-27 09:38:11.625
1317,1,0,0,4202,2026-04-27 09:38:11.625
1318,1,9,0,12040.333333,2026-04-27 09:38:11.625
1319,1,0,0,46393,2026-04-27 09:38:11.625
1320,1,259,0,5085.33064,2026-04-27 09:38:11.625
1321,1,126,0,2151,2026-04-27 09:38:11.625
1322,1,166,0,3964.172984,2026-04-27 09:38:11.625
1323,1,27,0,2732,2026-04-27 09:38:11.625
1324,1,176,0,8143.097115,2026-04-27 09:38:11.625
1325,1,0,0,2764,2026-04-27 09:38:11.625
1326,1,0,0,5589,2026-04-27 09:38:11.625
1327,1,0,0,41439,2026-04-27 09:38:11.625
1328,1,0,0,19440,2026-04-27 09:38:11.625
1329,1,4,0,9550,2026-04-27 09:38:11.625
1330,1,2,0,13461.04,2026-04-27 09:38:11.625
1331,1,0,0,17743,2026-04-27 09:38:11.625
1332,1,0,0,299629,2026-04-27 09:38:11.625
1333,1,0,0,56473.75,2026-04-27 09:38:11.625
1334,1,0,0,45508.875,2026-04-27 09:38:11.625
1335,1,0,0,523529,2026-04-27 09:38:11.625
1336,1,9,0,46000,2026-04-27 09:38:11.625
1337,1,31,0,61000,2026-04-27 09:38:11.625
1338,1,6,0,80573.261818,2026-04-27 09:38:11.625
1339,1,0,0,90000,2026-04-27 09:38:11.625
1340,1,0,0,100000,2026-04-27 09:38:11.625
1341,1,3,0,10777,2026-04-27 09:38:11.625
1342,1,0,0,8505,2026-04-27 09:38:11.625
1343,1,6,0,28300,2026-04-27 09:38:11.625
1344,1,5,0,35849.237037,2026-04-27 09:38:11.625
1345,1,3,0,8951,2026-04-27 09:38:11.625
1346,1,1,0,9445,2026-04-27 09:38:11.625
1347,1,4,0,106400,2026-04-27 09:38:11.625
1348,1,3,0,351875.333333,2026-04-27 09:38:11.625
1349,1,213,0,768.391392,2026-04-27 09:38:11.625
1350,1,11,0,2351.7,2026-04-27 09:38:11.625
1351,1,0,0,40840,2026-04-27 09:38:11.625
1352,1,29,0,52979.274118,2026-04-27 09:38:11.625
1353,1,0,0,309611.5,2026-04-27 09:38:11.625
1354,1,0,0,215315.561905,2026-04-27 09:38:11.625
1355,1,0,0,824265,2026-04-27 09:38:11.625
1356,1,1,0,213883,2026-04-27 09:38:11.625
1357,1,9,0,16726.68,2026-04-27 09:38:11.625
1358,1,0,0,1904,2026-04-27 09:38:11.625
1359,1,115,0,911,2026-04-27 09:38:11.625
1360,1,178,0,3129.249874,2026-04-27 09:38:11.625
1361,1,172,0,2493.378808,2026-04-27 09:38:11.625
1362,1,190,0,2514.061453,2026-04-27 09:38:11.625
1363,1,198,0,2592.698866,2026-04-27 09:38:11.625
1364,1,192,0,2537.387062,2026-04-27 09:38:11.625
1365,1,0,0,5028.522462,2026-04-27 09:38:11.625
1366,1,31,0,5038.594293,2026-04-27 09:38:11.625
1367,1,23,0,771.965517,2026-04-27 09:38:11.625
1368,1,153,0,231.4,2026-04-27 09:38:11.625
1369,1,12,0,1865,2026-04-27 09:38:11.625
1370,1,0,0,1810,2026-04-27 09:38:11.625
1371,1,26,0,591,2026-04-27 09:38:11.625
1372,1,41,0,1769.933715,2026-04-27 09:38:11.625
1373,1,0,0,991,2026-04-27 09:38:11.625
1374,1,20,0,356.84,2026-04-27 09:38:11.625
1375,1,13,0,175,2026-04-27 09:38:11.625
1376,1,113,0,896.689619,2026-04-27 09:38:11.625
1377,1,162,0,156,2026-04-27 09:38:11.625
1378,1,35,0,3040,2026-04-27 09:38:11.625
1379,1,5,0,3529.451885,2026-04-27 09:38:11.625
1380,1,60,0,3125.981633,2026-04-27 09:38:11.625
1381,1,105,0,184,2026-04-27 09:38:11.625
1382,1,160,0,419.685714,2026-04-27 09:38:11.625
1383,1,14,0,5170,2026-04-27 09:38:11.625
1384,1,72,0,2578.959459,2026-04-27 09:38:11.625
1385,1,0,0,109243.6,2026-04-27 09:38:11.625
1386,1,0,0,176471,2026-04-27 09:38:11.625
1387,1,46,0,531.272727,2026-04-27 09:38:11.625
1388,1,67,0,127,2026-04-27 09:38:11.625
1389,1,60,0,1487,2026-04-27 09:38:11.625
1390,1,0,0,408,2026-04-27 09:38:11.625
1391,1,137,0,1059,2026-04-27 09:38:11.625
1392,1,10,0,2548.33125,2026-04-27 09:38:11.625
1393,1,6,0,1477,2026-04-27 09:38:11.625
1394,1,1,0,487.39,2026-04-27 09:38:11.625
1395,1,3,0,34000,2026-04-27 09:38:11.625
1396,1,5,0,2534.7,2026-04-27 09:38:11.625
1397,1,6,0,9147.7,2026-04-27 09:38:11.625
1398,1,5,0,3355.8,2026-04-27 09:38:11.625
1399,1,6,0,3092.3,2026-04-27 09:38:11.625
1400,1,11,0,30143.87574,2026-04-27 09:38:11.625
1401,1,7,0,46808.4,2026-04-27 09:38:11.625
1402,1,12,0,54137.134827,2026-04-27 09:38:11.625
1403,1,20,0,16579.869048,2026-04-27 09:38:11.625
1404,1,6,0,9674.75,2026-04-27 09:38:11.625
1405,1,0,0,35021,2026-04-27 09:38:11.625
1406,1,2,0,15960,2026-04-27 09:38:11.625
1407,1,1,0,18314,2026-04-27 09:38:11.625
1408,1,108,0,6953.819734,2026-04-27 09:38:11.625
1409,1,17,0,5629.529412,2026-04-27 09:38:11.625
1410,1,0,0,0,2026-04-27 09:38:11.625
1411,1,54,0,4412.525813,2026-04-27 09:38:11.625
1412,1,0,0,2722,2026-04-27 09:38:11.625
1413,1,0,0,6126,2026-04-27 09:38:11.625
1414,1,13,0,3240,2026-04-27 09:38:11.625
1415,1,10,0,2425.70028,2026-04-27 09:38:11.625
1416,1,12,0,2623.722857,2026-04-27 09:38:11.625
1417,1,0,0,2430,2026-04-27 09:38:11.625
1418,1,28,0,2080.621176,2026-04-27 09:38:11.625
1419,1,54,0,657.743,2026-04-27 09:38:11.625
1420,1,2,0,33120.325,2026-04-27 09:38:11.625
1421,1,3,0,31326.048,2026-04-27 09:38:11.625
1422,1,3,0,48600,2026-04-27 09:38:11.625
1423,1,1,0,52650,2026-04-27 09:38:11.625
1424,1,4,0,1702,2026-04-27 09:38:11.625
1425,1,3,0,1702,2026-04-27 09:38:11.625
1426,1,7,0,74005.666667,2026-04-27 09:38:11.625
1427,1,0,0,69255,2026-04-27 09:38:11.625
1428,1,34,0,2088.738722,2026-04-27 09:38:11.625
1429,1,2,0,20250,2026-04-27 09:38:11.625
1430,1,14,0,33779.680952,2026-04-27 09:38:11.625
1431,1,0,0,3240,2026-04-27 09:38:11.625
1432,1,0,0,1317,2026-04-27 09:38:11.625
1433,1,8,0,17907.714124,2026-04-27 09:38:11.625
1434,1,4,0,272,2026-04-27 09:38:11.625
1435,1,10,0,810,2026-04-27 09:38:11.625
1436,1,23,0,7146.12685,2026-04-27 09:38:11.625
1437,1,2,0,4424,2026-04-27 09:38:11.625
1438,1,2,0,24300,2026-04-27 09:38:11.625
1439,1,16,0,9565.273109,2026-04-27 09:38:11.625
1440,1,9,0,12664.076,2026-04-27 09:38:11.625
1441,1,1,0,13614,2026-04-27 09:38:11.625
1442,1,5,0,5639.181711,2026-04-27 09:38:11.625
1443,1,21,0,5456.764069,2026-04-27 09:38:11.625
1444,1,0,0,2382,2026-04-27 09:38:11.625
1445,1,0,0,4860,2026-04-27 09:38:11.625
1446,1,3,0,2382,2026-04-27 09:38:11.625
1447,1,7,0,810,2026-04-27 09:38:11.625
1448,1,11,0,4455,2026-04-27 09:38:11.625
1449,1,8,0,680,2026-04-27 09:38:11.625
1450,1,1,0,4050,2026-04-27 09:38:11.625
1451,1,0,0,0,2026-04-27 09:38:11.625
1452,1,43,0,971.367089,2026-04-27 09:38:11.625
1453,1,18,0,1513,2026-04-27 09:38:11.625
1454,1,12,0,3966.3,2026-04-27 09:38:11.625
1455,1,2,0,2382,2026-04-27 09:38:11.625
1456,1,18,0,2870.65,2026-04-27 09:38:11.625
1457,1,0,0,12150,2026-04-27 09:38:11.625
1458,1,0,0,4050,2026-04-27 09:38:11.625
1459,1,0,0,41310,2026-04-27 09:38:11.625
1460,1,60,0,1252.253115,2026-04-27 09:38:11.625
1461,1,31,0,462.18,2026-04-27 09:38:11.625
1462,1,4,0,89501.5,2026-04-27 09:38:11.625
1463,1,0,0,23529,2026-04-27 09:38:11.625
1464,1,0,0,68970.802521,2026-04-27 09:38:11.625
1465,1,0,0,5033,2026-04-27 09:38:11.625
1466,1,2,0,8168,2026-04-27 09:38:11.625
1467,1,1,0,2722,2026-04-27 09:38:11.625
1468,1,1,0,13614,2026-04-27 09:38:11.625
1469,1,0,0,4050,2026-04-27 09:38:11.625
1470,1,0,0,6723,2026-04-27 09:38:11.625
1471,1,0,0,1362,2026-04-27 09:38:11.625
1472,1,16,0,131501,2026-04-27 09:38:11.625
1473,1,11,0,30673,2026-04-27 09:38:11.625
1474,1,1,0,6642,2026-04-27 09:38:11.625
1475,1,2,0,6642,2026-04-27 09:38:11.625
1476,1,4,0,831.416471,2026-04-27 09:38:11.625
1477,1,3,0,24257.5,2026-04-27 09:38:11.625
1478,1,1,0,840.34,2026-04-27 09:38:11.625
1479,1,1,0,143638.538333,2026-04-27 09:38:11.625
1480,1,0,0,42857,2026-04-27 09:38:11.625
1481,1,3,0,47952,2026-04-27 09:38:11.625
1482,1,1,0,90558,2026-04-27 09:38:11.625
1483,1,2,0,53379,2026-04-27 09:38:11.625
1484,1,0,0,85860,2026-04-27 09:38:11.625
1485,1,0,0,29437.506667,2026-04-27 09:38:11.625
1486,1,32,0,2520.824533,2026-04-27 09:38:11.625
1487,1,6,0,45437.625,2026-04-27 09:38:11.625
1488,1,2,0,2840.561111,2026-04-27 09:38:11.625
1489,1,9,0,10924.37,2026-04-27 09:38:11.625
1490,1,3,0,2100.84,2026-04-27 09:38:11.625
1491,1,23,0,2604.744444,2026-04-27 09:38:11.625
1492,1,6,0,7990.6,2026-04-27 09:38:11.625
1493,1,6,0,2913.888889,2026-04-27 09:38:11.625
1494,1,0,0,6506,2026-04-27 09:38:11.625
1495,1,37,0,972,2026-04-27 09:38:11.625
1496,1,3,0,19521,2026-04-27 09:38:11.625
1497,1,0,0,12636,2026-04-27 09:38:11.625
1498,1,23,0,2034.686316,2026-04-27 09:38:11.625
1499,1,0,0,3268,2026-04-27 09:38:11.625
1500,1,0,0,1620,2026-04-27 09:38:11.625
1501,1,0,0,1296,2026-04-27 09:38:11.625
1502,1,3,0,972,2026-04-27 09:38:11.625
1503,1,10,0,3362,2026-04-27 09:38:11.625
1504,1,4,0,3240,2026-04-27 09:38:11.625
1505,1,4,0,5022,2026-04-27 09:38:11.625
1506,1,3,0,27702,2026-04-27 09:38:11.625
1507,1,2,0,10125,2026-04-27 09:38:11.625
1508,1,3,0,41310,2026-04-27 09:38:11.625
1509,1,0,0,102060,2026-04-27 09:38:11.625
1510,1,1,0,31104,2026-04-27 09:38:11.625
1511,1,0,0,54270,2026-04-27 09:38:11.625
1512,1,0,0,2430,2026-04-27 09:38:11.625
1513,1,1,0,71766,2026-04-27 09:38:11.625
1514,1,3,0,15147,2026-04-27 09:38:11.625
1515,1,3,0,32238,2026-04-27 09:38:11.625
1516,1,3,0,7533,2026-04-27 09:38:11.625
1517,1,10,0,3240,2026-04-27 09:38:11.625
1518,1,3,0,6156,2026-04-27 09:38:11.625
1519,1,1,0,13284,2026-04-27 09:38:11.625
1520,1,3,0,31995,2026-04-27 09:38:11.625
1521,1,3,0,16929,2026-04-27 09:38:11.625
1522,1,0,0,47059,2026-04-27 09:38:11.625
1523,1,0,0,226891,2026-04-27 09:38:11.625
1524,1,2,0,52941.4,2026-04-27 09:38:11.625
1525,1,1,0,129276,2026-04-27 09:38:11.625
1526,1,0,0,16504.2,2026-04-27 09:38:11.625
1527,1,2,0,104895,2026-04-27 09:38:11.625
1528,1,5,0,41421.621429,2026-04-27 09:38:11.625
1529,1,0,0,2016.75,2026-04-27 09:38:11.625
1530,1,0,0,91479.894,2026-04-27 09:38:11.625
1531,1,0,0,33613,2026-04-27 09:38:11.625
1532,1,0,0,2353,2026-04-27 09:38:11.625
1533,1,4,0,4703.51823,2026-04-27 09:38:11.625
1534,1,0,0,15568,2026-04-27 09:38:11.625
1535,1,5,0,31346.049444,2026-04-27 09:38:11.625
1536,1,0,0,105882,2026-04-27 09:38:11.625
1537,1,5,0,2544.226667,2026-04-27 09:38:11.625
1538,1,2,0,46980,2026-04-27 09:38:11.625
1539,1,8,0,2521,2026-04-27 09:38:11.625
1540,1,27,0,2599.5,2026-04-27 09:38:11.625
1541,1,8,0,1069,2026-04-27 09:38:11.625
1542,1,4,0,34612.906667,2026-04-27 09:38:11.625
1543,1,12,0,1053,2026-04-27 09:38:11.625
1544,1,26,0,899.05241,2026-04-27 09:38:11.625
1545,1,12,0,3646.129442,2026-04-27 09:38:11.625
1546,1,9,0,810,2026-04-27 09:38:11.625
1547,1,9,0,2042,2026-04-27 09:38:11.625
1548,1,0,0,2521,2026-04-27 09:38:11.625
1549,1,23,0,819.581053,2026-04-27 09:38:11.625
1550,1,2,0,12555,2026-04-27 09:38:11.625
1551,1,19,0,810,2026-04-27 09:38:11.625
1552,1,24,0,810,2026-04-27 09:38:11.625
1553,1,0,0,810,2026-04-27 09:38:11.625
1554,1,9,0,1309.593407,2026-04-27 09:38:11.625
1555,1,0,0,1362,2026-04-27 09:38:11.625
1556,1,15,0,933.089333,2026-04-27 09:38:11.625
1557,1,2,0,1863.891111,2026-04-27 09:38:11.625
1558,1,6,0,2960,2026-04-27 09:38:11.625
1559,1,8,0,4916.75,2026-04-27 09:38:11.625
1560,1,46,0,880.5,2026-04-27 09:38:11.625
1561,1,0,0,420000,2026-04-27 09:38:11.625
1562,1,0,0,1485,2026-04-27 09:38:11.625
1563,1,5,0,70000,2026-04-27 09:38:11.625
1564,1,11,0,7045.65,2026-04-27 09:38:11.625
1565,1,4,0,4424,2026-04-27 09:38:11.625
1566,1,5,0,4424,2026-04-27 09:38:11.625
1567,1,5,0,4084,2026-04-27 09:38:11.625
1568,1,8,0,7493.618544,2026-04-27 09:38:11.625
1569,1,0,0,2430,2026-04-27 09:38:11.625
1570,1,0,0,374,2026-04-27 09:38:11.625
1571,1,2,0,25866,2026-04-27 09:38:11.625
1572,1,1,0,74874,2026-04-27 09:38:11.625
1573,1,2,0,16336,2026-04-27 09:38:11.625
1574,1,2,0,19058,2026-04-27 09:38:11.625
1575,1,1,0,224622,2026-04-27 09:38:11.625
1576,1,1,0,102101,2026-04-27 09:38:11.625
1577,1,0,0,81680,2026-04-27 09:38:11.625
1578,1,6,0,5446,2026-04-27 09:38:11.625
1579,1,2,0,3744,2026-04-27 09:38:11.625
1580,1,4,0,3404,2026-04-27 09:38:11.625
1581,1,3,0,3404,2026-04-27 09:38:11.625
1582,1,3,0,3389.78,2026-04-27 09:38:11.625
1583,1,1,0,40840,2026-04-27 09:38:11.625
1584,1,1,0,40840,2026-04-27 09:38:11.625
1585,1,3,0,18169,2026-04-27 09:38:11.625
1586,1,1,0,21782,2026-04-27 09:38:11.625
1587,1,1,0,20420,2026-04-27 09:38:11.625
1588,1,0,0,1620,2026-04-27 09:38:11.625
1589,1,4,0,1620,2026-04-27 09:38:11.625
1590,1,4,0,2042,2026-04-27 09:38:11.625
1591,1,1,0,11231,2026-04-27 09:38:11.625
1592,1,1,0,15656,2026-04-27 09:38:11.625
1593,1,1,0,10890,2026-04-27 09:38:11.625
1594,1,0,0,2722,2026-04-27 09:38:11.625
1595,1,2,0,4764,2026-04-27 09:38:11.625
1596,1,2,0,8168,2026-04-27 09:38:11.625
1597,1,3,0,10176,2026-04-27 09:38:11.625
1598,1,2,0,5446,2026-04-27 09:38:11.625
1599,1,2,0,8168,2026-04-27 09:38:11.625
1600,1,1,0,4084,2026-04-27 09:38:11.625
1601,1,2,0,2722,2026-04-27 09:38:11.625
1602,1,3,0,3162.446667,2026-04-27 09:38:11.625
1603,1,3,0,19897,2026-04-27 09:38:11.625
1604,1,1,0,17016,2026-04-27 09:38:11.625
1605,1,0,0,19058,2026-04-27 09:38:11.625
1606,1,2,0,2722,2026-04-27 09:38:11.625
1607,1,2,0,6806,2026-04-27 09:38:11.625
1608,1,2,0,88488,2026-04-27 09:38:11.625
1609,1,2,0,5446,2026-04-27 09:38:11.625
1610,1,1,0,8168,2026-04-27 09:38:11.625
1611,1,3,0,5670,2026-04-27 09:38:11.625
1612,1,10,0,1702,2026-04-27 09:38:11.625
1613,1,2,0,4764,2026-04-27 09:38:11.625
1614,1,2,0,2382,2026-04-27 09:38:11.625
1615,1,2,0,3404,2026-04-27 09:38:11.625
1616,1,10,0,816,2026-04-27 09:38:11.625
1617,1,1,0,2835,2026-04-27 09:38:11.625
1618,1,0,0,39138.5,2026-04-27 09:38:11.625
1619,1,1,0,0,2026-04-27 09:38:11.625
1620,1,1,0,44720,2026-04-27 09:38:11.625
1621,1,1,0,85717.5,2026-04-27 09:38:11.625
1622,1,0,0,46660,2026-04-27 09:38:11.625
1623,1,1,0,20250,2026-04-27 09:38:11.625
1624,1,1,0,20250,2026-04-27 09:38:11.625
1625,1,26,0,2536.470769,2026-04-27 09:38:11.625
1626,1,1,0,44550,2026-04-27 09:38:11.625
1627,1,2,0,44550,2026-04-27 09:38:11.625
1628,1,2,0,67080,2026-04-27 09:38:11.625
1629,1,3,0,84357,2026-04-27 09:38:11.625
1630,1,1,0,105300,2026-04-27 09:38:11.625
1631,1,0,0,96390,2026-04-27 09:38:11.625
1632,1,0,0,2430,2026-04-27 09:38:11.625
1633,1,1,0,40500,2026-04-27 09:38:11.625
1634,1,1,0,89100,2026-04-27 09:38:11.625
1635,1,2,0,137700,2026-04-27 09:38:11.625
1636,1,0,0,121500,2026-04-27 09:38:11.625
1637,1,1,0,202500,2026-04-27 09:38:11.625
1638,1,13,0,1544.117647,2026-04-27 09:38:11.625
1639,1,0,0,252.18,2026-04-27 09:38:11.625
1640,1,0,0,30630,2026-04-27 09:38:11.625
1641,1,18,0,2877.472,2026-04-27 09:38:11.625
1642,1,4,0,4472,2026-04-27 09:38:11.625
1643,1,2,0,10890,2026-04-27 09:38:11.625
1644,1,6,0,3110.078261,2026-04-27 09:38:11.625
1645,1,3,0,8100,2026-04-27 09:38:11.625
1646,1,2,0,1226,2026-04-27 09:38:11.625
1647,1,1,0,3843.384615,2026-04-27 09:38:11.625
1648,1,2,0,2327.385,2026-04-27 09:38:11.625
1649,1,2,0,8168,2026-04-27 09:38:11.625
1650,1,5,0,2382,2026-04-27 09:38:11.625
1651,1,0,0,2184.8,2026-04-27 09:38:11.625
1652,1,1,0,5446,2026-04-27 09:38:11.625
1653,1,1,0,10890,2026-04-27 09:38:11.625
1654,1,2,0,8141,2026-04-27 09:38:11.625
1655,1,5,0,3404,2026-04-27 09:38:11.625
1656,1,23,0,4863.929412,2026-04-27 09:38:11.625
1657,1,2,0,17016,2026-04-27 09:38:11.625
1658,1,3,0,21713,2026-04-27 09:38:11.625
1659,1,1,0,21782,2026-04-27 09:38:11.625
1660,1,0,0,24300,2026-04-27 09:38:11.625
1661,1,18,0,0,2026-04-27 09:38:11.625
1662,1,1,0,4860,2026-04-27 09:38:11.625
1663,1,23,0,1895,2026-04-27 09:38:11.625
1664,1,0,0,17016,2026-04-27 09:38:11.625
1665,1,5,0,3744,2026-04-27 09:38:11.625
1666,1,5,0,6126,2026-04-27 09:38:11.625
1667,1,2,0,5817.885,2026-04-27 09:38:11.625
1668,1,4,0,12272,2026-04-27 09:38:11.625
1669,1,23,0,1028.25,2026-04-27 09:38:11.625
1670,1,2,0,12960,2026-04-27 09:38:11.625
1671,1,2,0,1226,2026-04-27 09:38:11.625
1672,1,2,0,1702,2026-04-27 09:38:11.625
1673,1,0,0,17820,2026-04-27 09:38:11.625
1674,1,5,0,26539,2026-04-27 09:38:11.625
1675,1,0,0,4374,2026-04-27 09:38:11.625
1676,1,1,0,729,2026-04-27 09:38:11.625
1677,1,1,0,79056,2026-04-27 09:38:11.625
1678,1,1,0,161352,2026-04-27 09:38:11.625
1679,1,1,0,169625,2026-04-27 09:38:11.625
1680,1,0,0,160380,2026-04-27 09:38:11.625
1681,1,0,0,197640,2026-04-27 09:38:11.625
1682,1,1,0,330480,2026-04-27 09:38:11.625
1683,1,0,0,437400,2026-04-27 09:38:11.625
1684,1,1,0,499608,2026-04-27 09:38:11.625
1685,1,1,0,489908,2026-04-27 09:38:11.625
1686,1,1,0,546750,2026-04-27 09:38:11.625
1687,1,1,0,110970,2026-04-27 09:38:11.625
1688,1,6,0,5709,2026-04-27 09:38:11.625
1689,1,0,0,35100,2026-04-27 09:38:11.625
1690,1,1,0,39690,2026-04-27 09:38:11.625
1691,1,1,0,36469,2026-04-27 09:38:11.625
1692,1,6,0,878,2026-04-27 09:38:11.625
1693,1,2,0,12275,2026-04-27 09:38:11.625
1694,1,1,0,71170,2026-04-27 09:38:11.625
1695,1,0,0,0,2026-04-27 09:38:11.625
1696,1,2,0,130653,2026-04-27 09:38:11.625
1697,1,0,0,136890,2026-04-27 09:38:11.625
1698,1,0,0,165402,2026-04-27 09:38:11.625
1699,1,0,0,11583,2026-04-27 09:38:11.625
1700,1,1,0,17826,2026-04-27 09:38:11.625
1701,1,1,0,17096.52,2026-04-27 09:38:11.625
1702,1,0,0,22249,2026-04-27 09:38:11.625
1703,1,1,0,123768,2026-04-27 09:38:11.625
1704,1,1,0,99338,2026-04-27 09:38:11.625
1705,1,1,0,43001,2026-04-27 09:38:11.625
1706,1,0,0,43011,2026-04-27 09:38:11.625
1707,1,1,0,73896.516667,2026-04-27 09:38:11.625
1708,1,2,0,36060,2026-04-27 09:38:11.625
1709,1,1,0,20508,2026-04-27 09:38:11.625
1710,1,2,0,16404,2026-04-27 09:38:11.625
1711,1,0,0,729,2026-04-27 09:38:11.625
1712,1,16,0,2151,2026-04-27 09:38:11.625
1713,1,1,0,194400,2026-04-27 09:38:11.625
1714,1,0,0,4033.7,2026-04-27 09:38:11.625
1715,1,0,0,39054.495,2026-04-27 09:38:11.625
1716,1,0,0,120000,2026-04-27 09:38:11.625
1717,1,0,0,23824,2026-04-27 09:38:11.625
1718,1,0,0,1362,2026-04-27 09:38:11.625
1719,1,0,0,2066,2026-04-27 09:38:11.625
1720,1,1,0,34034,2026-04-27 09:38:11.625
1721,1,4,0,7695,2026-04-27 09:38:11.625
1722,1,3,0,8168,2026-04-27 09:38:11.625
1723,1,5,0,17016,2026-04-27 09:38:11.625
1724,1,3,0,1021,2026-04-27 09:38:11.625
1725,1,2,0,0,2026-04-27 09:38:11.625
1726,1,2,0,680,2026-04-27 09:38:11.625
1727,1,0,0,1702,2026-04-27 09:38:11.625
1728,1,2,0,3404,2026-04-27 09:38:11.625
1729,1,0,0,680,2026-04-27 09:38:11.625
1730,1,3,0,12150,2026-04-27 09:38:11.625
1731,1,0,0,1620,2026-04-27 09:38:11.625
1732,1,0,0,2042,2026-04-27 09:38:11.625
1733,1,0,0,84000,2026-04-27 09:38:11.625
1734,1,0,0,84000,2026-04-27 09:38:11.625
1735,1,3,0,129965,2026-04-27 09:38:11.625
1736,1,2,0,15400,2026-04-27 09:38:11.625
1737,1,2,0,18900,2026-04-27 09:38:11.625
1738,1,0,0,8100,2026-04-27 09:38:11.625
1739,1,0,0,48447,2026-04-27 09:38:11.625
1740,1,0,0,46492,2026-04-27 09:38:11.625
1741,1,5,0,6489.10125,2026-04-27 09:38:11.625
1742,1,0,0,8770.666667,2026-04-27 09:38:11.625
1743,1,0,0,4454,2026-04-27 09:38:11.625
1744,1,15,0,14422.593081,2026-04-27 09:38:11.625
1745,1,13,0,11864.923077,2026-04-27 09:38:11.625
1746,1,16,0,7007,2026-04-27 09:38:11.625
1747,1,17,0,6639.26087,2026-04-27 09:38:11.625
1748,1,29,0,16605,2026-04-27 09:38:11.625
1749,1,6,0,6126,2026-04-27 09:38:11.625
1750,1,51,0,6704,2026-04-27 09:38:11.625
1751,1,0,0,16167.333333,2026-04-27 09:38:11.625
1752,1,0,0,18685.5,2026-04-27 09:38:11.625
1753,1,0,0,17537,2026-04-27 09:38:11.625
1754,1,0,0,18387,2026-04-27 09:38:11.625
1755,1,0,0,16100,2026-04-27 09:38:11.625
1756,1,0,0,136035,2026-04-27 09:38:11.625
1757,1,9,0,13569.625983,2026-04-27 09:38:11.625
1758,1,0,0,5022,2026-04-27 09:38:11.625
1759,1,0,0,5268,2026-04-27 09:38:11.625
1760,1,0,0,4873,2026-04-27 09:38:11.625
1761,1,7,0,4860,2026-04-27 09:38:11.625
1762,1,47,0,2070,2026-04-27 09:38:11.625
1763,1,74,0,10761.621622,2026-04-27 09:38:11.625
1764,1,45,0,9201.025576,2026-04-27 09:38:11.625
1765,1,30,0,1218.49,2026-04-27 09:38:11.625
1766,1,1,0,585200,2026-04-27 09:38:11.625
1767,1,0,0,6764,2026-04-27 09:38:11.625
1768,1,32,0,8141.09,2026-04-27 09:38:11.625
1769,1,1,0,260715.999759,2026-04-27 09:38:11.625
1770,1,9,0,42174.632698,2026-04-27 09:38:11.625
1771,1,0,0,76114,2026-04-27 09:38:11.625
1772,1,0,0,337500,2026-04-27 09:38:11.625
1773,1,1,0,93538.746875,2026-04-27 09:38:11.625
1774,1,3,0,94813.2,2026-04-27 09:38:11.625
1775,1,4,0,402000,2026-04-27 09:38:11.625
1776,1,0,0,122677,2026-04-27 09:38:11.625
1777,1,2,0,966387,2026-04-27 09:38:11.625
1778,1,2,0,2692.12453,2026-04-27 09:38:11.625
1779,1,22,0,86426.508135,2026-04-27 09:38:11.625
1780,1,6,0,954.261538,2026-04-27 09:38:11.625
1781,1,1,0,3012,2026-04-27 09:38:11.625
1782,1,0,0,74249,2026-04-27 09:38:11.625
1783,1,0,0,33613.3,2026-04-27 09:38:11.625
1784,1,392,0,1423.041415,2026-04-27 09:38:11.625
1785,1,0,0,9202,2026-04-27 09:38:11.625
1786,1,734,0,1311.703473,2026-04-27 09:38:11.625
1787,1,0,0,96135,2026-04-27 09:38:11.625
1788,1,721,0,271.232134,2026-04-27 09:38:11.625
1789,1,846,0,363.34,2026-04-27 09:38:11.625
1790,1,579,0,1268.36,2026-04-27 09:38:11.625
1791,1,1,0,21605,2026-04-27 09:38:11.625
1792,1,0,0,19945,2026-04-27 09:38:11.625
1793,1,147,0,687.518765,2026-04-27 09:38:11.625
1794,1,28,0,3691.38,2026-04-27 09:38:11.625
1795,1,14,0,7871.928571,2026-04-27 09:38:11.625
1796,1,17,0,4073.8,2026-04-27 09:38:11.625
1797,1,1,0,5053.163636,2026-04-27 09:38:11.625
1798,1,4,0,1723,2026-04-27 09:38:11.625
1799,1,0,0,4658,2026-04-27 09:38:11.625
1800,1,2000,0,88.581852,2026-04-27 09:38:11.625
1801,1,-19,0,504.23,2026-04-27 09:38:11.625
1802,1,9,0,13558.666667,2026-04-27 09:38:11.625
1803,1,1,0,7378.182,2026-04-27 09:38:11.625
1804,1,1,0,895000,2026-04-27 09:38:11.625
1805,1,0,0,22689,2026-04-27 09:38:11.625
1806,1,15,0,2895,2026-04-27 09:38:11.625
1807,1,0,0,5042,2026-04-27 09:38:11.625
1808,1,0,0,157950,2026-04-27 09:38:11.625
1809,1,0,0,25210,2026-04-27 09:38:11.625
1810,1,0,0,48179.166667,2026-04-27 09:38:11.625
1811,1,0,0,36975,2026-04-27 09:38:11.625
1812,1,0,0,68067.2,2026-04-27 09:38:11.625
1813,1,2605,0,86.844991,2026-04-27 09:38:11.625
1814,1,6825,0,38.658467,2026-04-27 09:38:11.625
1815,1,2090,0,194.48,2026-04-27 09:38:11.625
1816,1,300,0,78.455,2026-04-27 09:38:11.625
1817,1,0,0,7841.578231,2026-04-27 09:38:11.625
1818,1,14,0,4237.728303,2026-04-27 09:38:11.625
1819,1,0,0,15126,2026-04-27 09:38:11.625
1820,1,24,0,16371.778636,2026-04-27 09:38:11.625
1821,1,52,0,4547.307692,2026-04-27 09:38:11.625
1822,1,13,0,7023,2026-04-27 09:38:11.625
1823,1,8,0,4860,2026-04-27 09:38:11.625
1824,1,18,0,4096.5,2026-04-27 09:38:11.625
1825,1,7,0,9629.980296,2026-04-27 09:38:11.625
1826,1,2,0,5994,2026-04-27 09:38:11.625
1827,1,23,0,1885.534783,2026-04-27 09:38:11.625
1828,1,28,0,35668.292742,2026-04-27 09:38:11.625
1829,1,5,0,43230,2026-04-27 09:38:11.625
1830,1,17,0,5800,2026-04-27 09:38:11.625
1831,1,23,0,12919.181963,2026-04-27 09:38:11.625
1832,1,0,0,151261,2026-04-27 09:38:11.625
1833,1,0,0,82353,2026-04-27 09:38:11.625
1834,1,0,0,21848.714285,2026-04-27 09:38:11.625
1835,1,0,0,44958,2026-04-27 09:38:11.625
1836,1,-5,0,13445.35,2026-04-27 09:38:11.625
1837,1,0,0,34874,2026-04-27 09:38:11.625
1838,1,188,0,1954.228004,2026-04-27 09:38:11.625
1839,1,37,0,5407.759307,2026-04-27 09:38:11.625
1840,1,13,0,2381.02,2026-04-27 09:38:11.625
1841,1,0,0,156152,2026-04-27 09:38:11.625
1842,1,344,0,8277.596762,2026-04-27 09:38:11.625
1843,1,0,0,16270.576667,2026-04-27 09:38:11.625
1844,1,0,0,60504.2,2026-04-27 09:38:11.625
1845,1,12,0,6496.985714,2026-04-27 09:38:11.625
1846,1,0,0,4408.95,2026-04-27 09:38:11.625
1847,1,2,0,14534.99,2026-04-27 09:38:11.625
1848,1,36,0,12382.527873,2026-04-27 09:38:11.625
1849,1,11,0,3648,2026-04-27 09:38:11.625
1850,1,7,0,18404.625,2026-04-27 09:38:11.625
1851,1,1,0,2950000,2026-04-27 09:38:11.625
1852,1,4,0,114095,2026-04-27 09:38:11.625
1853,1,2,0,247000,2026-04-27 09:38:11.625
1854,1,0,0,82508,2026-04-27 09:38:11.625
1855,1,1,0,81700,2026-04-27 09:38:11.625
1856,1,2,0,21911.01,2026-04-27 09:38:11.625
1857,1,0,0,79325,2026-04-27 09:38:11.625
1858,1,7,0,1053361.45,2026-04-27 09:38:11.625
1859,1,10,0,349406.388889,2026-04-27 09:38:11.625
1860,1,0,0,1563866,2026-04-27 09:38:11.625
1861,1,5,0,375000,2026-04-27 09:38:11.625
1862,1,6,0,12605,2026-04-27 09:38:11.625
1863,1,15,0,1597,2026-04-27 09:38:11.625
1864,1,0,0,6975,2026-04-27 09:38:11.625
1865,1,17,0,9241.796569,2026-04-27 09:38:11.625
1866,1,11,0,5631,2026-04-27 09:38:11.625
1867,1,0,0,26890.756302,2026-04-27 09:38:11.625
1868,1,-1,0,83472.666667,2026-04-27 09:38:11.625
1869,1,12,0,86904,2026-04-27 09:38:11.625
1870,1,8,0,86904,2026-04-27 09:38:11.625
1871,1,6,0,167921,2026-04-27 09:38:11.625
1872,1,13,0,164796.415366,2026-04-27 09:38:11.625
1873,1,1,0,11092.436974,2026-04-27 09:38:11.625
1874,1,11,0,7194.38337,2026-04-27 09:38:11.625
1875,1,6,0,20766.227688,2026-04-27 09:38:11.625
1876,1,-2,0,8090.67844,2026-04-27 09:38:11.625
1877,1,13,0,7330.08,2026-04-27 09:38:11.625
1878,1,132,0,6061.881386,2026-04-27 09:38:11.625
1879,1,2,0,13571.428571,2026-04-27 09:38:11.625
1880,1,6,0,7806,2026-04-27 09:38:11.625
1881,1,0,0,0,2026-04-27 09:38:11.625
1882,1,2,0,860289.95,2026-04-27 09:38:11.625
1883,1,11,0,29040,2026-04-27 09:38:11.625
1884,1,2,0,40150,2026-04-27 09:38:11.625
1885,1,1,0,98249.579831,2026-04-27 09:38:11.625
1886,1,1,0,87600,2026-04-27 09:38:11.625
1887,1,2,0,117634.285714,2026-04-27 09:38:11.625
1888,1,40,0,1651.428571,2026-04-27 09:38:11.625
1889,1,55,0,1683.333333,2026-04-27 09:38:11.625
1890,1,46,0,2650,2026-04-27 09:38:11.625
1891,1,24,0,15746,2026-04-27 09:38:11.625
1892,1,14,0,16366.557755,2026-04-27 09:38:11.625
1893,1,4,0,17359.25,2026-04-27 09:38:11.625
1894,1,23,0,19379.242428,2026-04-27 09:38:11.625
1895,1,8,0,20240.194773,2026-04-27 09:38:11.625
1896,1,12,0,23014,2026-04-27 09:38:11.625
1897,1,6,0,23741,2026-04-27 09:38:11.625
1898,1,9,0,24224.99,2026-04-27 09:38:11.625
1899,1,9,0,25435.99,2026-04-27 09:38:11.625
1900,1,32,0,26648.02,2026-04-27 09:38:11.625
1901,1,0,0,27858.9525,2026-04-27 09:38:11.625
1902,1,1,0,33613.333333,2026-04-27 09:38:11.625
1903,1,1,0,661290,2026-04-27 09:38:11.625
1904,1,1,0,798200,2026-04-27 09:38:11.625
1905,1,1,0,866439.666667,2026-04-27 09:38:11.625
1906,1,28,0,5565.323529,2026-04-27 09:38:11.625
1907,1,101,0,5815.925,2026-04-27 09:38:11.625
1908,1,54,0,15377.69,2026-04-27 09:38:11.625
1909,1,180,0,3462.122034,2026-04-27 09:38:11.625
1910,1,95,0,9152.980026,2026-04-27 09:38:11.625
1911,1,237,0,973.918889,2026-04-27 09:38:11.625
1912,1,1067,0,333.181016,2026-04-27 09:38:11.625
1913,1,242,0,655.161483,2026-04-27 09:38:11.625
1914,1,527,0,323.24,2026-04-27 09:38:11.625
1915,1,316,0,4910.729404,2026-04-27 09:38:11.625
1916,1,2,0,134386,2026-04-27 09:38:11.625
1917,1,148,0,100865.507737,2026-04-27 09:38:11.625
1918,1,-1,0,255462,2026-04-27 09:38:11.625
1919,1,20,0,45227.661723,2026-04-27 09:38:11.625
1920,1,13,0,63481.380952,2026-04-27 09:38:11.625
1921,1,9,0,52444.444444,2026-04-27 09:38:11.625
1922,1,0,0,100000,2026-04-27 09:38:11.625
1923,1,0,0,75178.557143,2026-04-27 09:38:11.625
1924,1,0,0,6097.370833,2026-04-27 09:38:11.625
1925,1,4,0,262372.739183,2026-04-27 09:38:11.625
1926,1,133,0,8439.372005,2026-04-27 09:38:11.625
1927,1,0,0,85758.333333,2026-04-27 09:38:11.625
1928,1,8,0,5454,2026-04-27 09:38:11.625
1929,1,0,0,7578.560968,2026-04-27 09:38:11.625
1930,1,1,0,179794.874618,2026-04-27 09:38:11.625
1931,1,44,0,907.5,2026-04-27 09:38:11.625
1932,1,4,0,295000,2026-04-27 09:38:11.625
1933,1,-9,0,430000,2026-04-27 09:38:11.625
1934,1,18,0,127216.14,2026-04-27 09:38:11.625
1935,1,6,0,43823.486637,2026-04-27 09:38:11.625
1936,1,6,0,66092.367,2026-04-27 09:38:11.625
1937,1,16,0,6848.631706,2026-04-27 09:38:11.625
1938,1,19,0,42989.660769,2026-04-27 09:38:11.625
1939,1,1,0,5174,2026-04-27 09:38:11.625
1940,1,2,0,14594,2026-04-27 09:38:11.625
1941,1,5,0,1864.9,2026-04-27 09:38:11.625
1942,1,0,0,10953.851837,2026-04-27 09:38:11.625
1943,1,113,0,5046.090944,2026-04-27 09:38:11.625
1944,1,0,0,24370,2026-04-27 09:38:11.625
1945,1,0,0,29831.9,2026-04-27 09:38:11.625
1946,1,78,0,663.87,2026-04-27 09:38:11.625
1947,1,0,0,3394.6,2026-04-27 09:38:11.625
1948,1,1,0,2512.6,2026-04-27 09:38:11.625
1949,1,82,0,4405.873002,2026-04-27 09:38:11.625
1950,1,3,0,15975,2026-04-27 09:38:11.625
1951,1,4,0,18529,2026-04-27 09:38:11.625
1952,1,10,0,20294,2026-04-27 09:38:11.625
1953,1,4,0,4622,2026-04-27 09:38:11.625
1954,1,0,0,261985.5,2026-04-27 09:38:11.625
1955,1,13,0,17708.326774,2026-04-27 09:38:11.625
1956,1,0,0,225771,2026-04-27 09:38:11.625
1957,1,9,0,108000,2026-04-27 09:38:11.625
1958,1,2,0,846600,2026-04-27 09:38:11.625
1959,1,0,0,781513,2026-04-27 09:38:11.625
1960,1,0,0,340336,2026-04-27 09:38:11.625
1961,1,0,0,87139,2026-04-27 09:38:11.625
1962,1,17,0,19799.51541,2026-04-27 09:38:11.625
1963,1,0,0,120852.24,2026-04-27 09:38:11.625
1964,1,3,0,25209,2026-04-27 09:38:11.625
1965,1,34,0,77760,2026-04-27 09:38:11.625
1966,1,6,0,49256.285714,2026-04-27 09:38:11.625
1967,1,4,0,67386.428571,2026-04-27 09:38:11.625
1968,1,7,0,5631,2026-04-27 09:38:11.625
1969,1,32,0,14721.62946,2026-04-27 09:38:11.625
1970,1,67,0,8129.410423,2026-04-27 09:38:11.625
1971,1,0,0,28571.4,2026-04-27 09:38:11.625
1972,1,41,0,43113.180885,2026-04-27 09:38:11.625
1973,1,10,0,40756.254951,2026-04-27 09:38:11.625
1974,1,7,0,2553,2026-04-27 09:38:11.625
1975,1,17,0,42840.970584,2026-04-27 09:38:11.625
1976,1,29,0,43991.41578,2026-04-27 09:38:11.625
1977,1,0,0,386563,2026-04-27 09:38:11.625
1978,1,6,0,15989,2026-04-27 09:38:11.625
1979,1,0,0,40336.125,2026-04-27 09:38:11.625
1980,1,49,0,12114.803081,2026-04-27 09:38:11.625
1981,1,678,0,492.292234,2026-04-27 09:38:11.625
1982,1,6,0,35166.155025,2026-04-27 09:38:11.625
1983,1,3,0,20300,2026-04-27 09:38:11.625
1984,1,0,0,166085,2026-04-27 09:38:11.625
1985,1,0,0,378151,2026-04-27 09:38:11.625
1986,1,2,0,164304.125,2026-04-27 09:38:11.625
1987,1,131,0,1606.349351,2026-04-27 09:38:11.625
1988,1,0,0,107563,2026-04-27 09:38:11.625
1989,1,0,0,107563,2026-04-27 09:38:11.625
1990,1,1,0,38121,2026-04-27 09:38:11.625
1991,1,0,0,34294,2026-04-27 09:38:11.625
1992,1,0,0,96471,2026-04-27 09:38:11.625
1993,1,0,0,4721.666667,2026-04-27 09:38:11.625
1994,1,8,0,5398.96,2026-04-27 09:38:11.625
1995,1,6,0,1550,2026-04-27 09:38:11.625
1996,1,5,0,19138,2026-04-27 09:38:11.625
1997,1,9,0,21560,2026-04-27 09:38:11.625
1998,1,6,0,44976.285714,2026-04-27 09:38:11.625
1999,1,1,0,1845350,2026-04-27 09:38:11.625
2000,1,0,0,218487,2026-04-27 09:38:11.625
2001,1,75,0,5478.133828,2026-04-27 09:38:11.625
2002,1,131,0,2425.12,2026-04-27 09:38:11.625
2003,1,0,0,60675,2026-04-27 09:38:11.625
2004,1,36,0,21100,2026-04-27 09:38:11.625
2005,1,0,0,71429,2026-04-27 09:38:11.625
2006,1,34,0,1960,2026-04-27 09:38:11.625
2007,1,0,0,27731.09,2026-04-27 09:38:11.625
2008,1,0,0,390756,2026-04-27 09:38:11.625
2009,1,15,0,1533,2026-04-27 09:38:11.625
2010,1,4,0,24709.964,2026-04-27 09:38:11.625
2011,1,0,0,3674,2026-04-27 09:38:11.625
2012,1,84,0,569,2026-04-27 09:38:11.625
2013,1,0,0,256302.6,2026-04-27 09:38:11.625
2014,1,0,0,20388.428571,2026-04-27 09:38:11.625
2015,1,6,0,2308.534615,2026-04-27 09:38:11.625
2016,1,5,0,334693.444444,2026-04-27 09:38:11.625
2017,1,50,0,4824,2026-04-27 09:38:11.625
2018,1,0,0,1200000,2026-04-27 09:38:11.625
2019,1,0,0,47899,2026-04-27 09:38:11.625
2020,1,96,0,2521.01,2026-04-27 09:38:11.625
2021,1,4,0,0,2026-04-27 09:38:11.625
2022,1,18,0,3641.386667,2026-04-27 09:38:11.625
2023,1,0,0,20588.25,2026-04-27 09:38:11.625
2024,1,15,0,1694.2,2026-04-27 09:38:11.625
2025,1,24,0,5546.22,2026-04-27 09:38:11.625
2026,1,8,0,2605.04,2026-04-27 09:38:11.625
2027,1,8,0,3529.41,2026-04-27 09:38:11.625
2028,1,9,0,2773.11,2026-04-27 09:38:11.625
2029,1,4,0,352600.75,2026-04-27 09:38:11.625
2030,1,0,0,31114.285714,2026-04-27 09:38:11.625
2031,1,6,0,37000,2026-04-27 09:38:11.625
2032,1,7,0,51218.142857,2026-04-27 09:38:11.625
2033,1,10,0,1294.55,2026-04-27 09:38:11.625
2034,1,6,0,4024.75,2026-04-27 09:38:11.625
2035,1,4,0,2400,2026-04-27 09:38:11.625
2036,1,8,0,422949.58,2026-04-27 09:38:11.625
2037,1,0,0,215966,2026-04-27 09:38:11.625
2038,1,0,0,181513,2026-04-27 09:38:11.625
2039,1,0,0,1428571,2026-04-27 09:38:11.625
2040,1,1,0,1339895.8,2026-04-27 09:38:11.625
2041,1,0,0,31359,2026-04-27 09:38:11.625
2042,1,14,0,10901,2026-04-27 09:38:11.625
2043,1,5,0,11144,2026-04-27 09:38:11.625
2044,1,4,0,12355.04,2026-04-27 09:38:11.625
2045,1,5,0,13565.97,2026-04-27 09:38:11.625
2046,1,8,0,11628.0075,2026-04-27 09:38:11.625
2047,1,0,0,51680.77,2026-04-27 09:38:11.625
2048,1,1,0,318600,2026-04-27 09:38:11.625
2049,1,0,0,4033613.2,2026-04-27 09:38:11.625
2050,1,0,0,268908,2026-04-27 09:38:11.625
2051,1,0,0,138655.5,2026-04-27 09:38:11.625
2052,1,10,0,15723.669872,2026-04-27 09:38:11.625
2053,1,8,0,17444.048416,2026-04-27 09:38:11.625
2054,1,7,0,1920,2026-04-27 09:38:11.625
2055,1,3,0,662,2026-04-27 09:38:11.625
2056,1,19,0,87732.799238,2026-04-27 09:38:11.625
2057,1,2,0,4548.18,2026-04-27 09:38:11.625
2058,1,1,0,1114034,2026-04-27 09:38:11.625
2059,1,0,0,83193,2026-04-27 09:38:11.625
2060,1,0,0,101826,2026-04-27 09:38:11.625
2061,1,0,0,70064,2026-04-27 09:38:11.625
2062,1,0,0,36655,2026-04-27 09:38:11.625
2063,1,0,0,87276.648571,2026-04-27 09:38:11.625
2064,1,0,0,90756.318181,2026-04-27 09:38:11.625
2065,1,150,0,94.5,2026-04-27 09:38:11.625
2066,1,0,0,83193.28,2026-04-27 09:38:11.625
2067,1,0,0,570.6,2026-04-27 09:38:11.625
2068,1,41,0,29006.348571,2026-04-27 09:38:11.625
2069,1,0,0,19748,2026-04-27 09:38:11.625
2070,1,0,0,37815.13,2026-04-27 09:38:11.625
2071,1,0,0,8991.6,2026-04-27 09:38:11.625
2072,1,0,0,596639,2026-04-27 09:38:11.625
2073,1,0,0,7260.2,2026-04-27 09:38:11.625
2074,1,20,0,37549,2026-04-27 09:38:11.625
2075,1,0,0,521008,2026-04-27 09:38:11.625
2076,1,0,0,115966,2026-04-27 09:38:11.625
2077,1,10,0,6816,2026-04-27 09:38:11.625
2078,1,0,0,151261,2026-04-27 09:38:11.625
2079,1,5,0,6416.65,2026-04-27 09:38:11.625
2080,1,0,0,566.062393,2026-04-27 09:38:11.625
2081,1,0,0,155000,2026-04-27 09:38:11.625
2082,1,0,0,4084.387097,2026-04-27 09:38:11.625
2083,1,0,0,65546,2026-04-27 09:38:11.625
2084,1,0,0,179832,2026-04-27 09:38:11.625
2085,1,0,0,64705.9,2026-04-27 09:38:11.625
2086,1,0,0,68908,2026-04-27 09:38:11.625
2087,1,6,0,5505,2026-04-27 09:38:11.625
2088,1,0,0,248739,2026-04-27 09:38:11.625
2089,1,0,0,2017,2026-04-27 09:38:11.625
2090,1,10,0,10357.25,2026-04-27 09:38:11.625
2091,1,4,0,102389.81,2026-04-27 09:38:11.625
2092,1,10,0,15347.632947,2026-04-27 09:38:11.625
2093,1,2,0,309188.625094,2026-04-27 09:38:11.625
2094,1,0,0,67227,2026-04-27 09:38:11.625
2095,1,31,0,48772.539385,2026-04-27 09:38:11.625
2096,1,0,0,84034,2026-04-27 09:38:11.625
2097,1,0,0,663866,2026-04-27 09:38:11.625
2098,1,13,0,26239.820779,2026-04-27 09:38:11.625
2099,1,20,0,27296.52381,2026-04-27 09:38:11.625
2100,1,21,0,41524.109328,2026-04-27 09:38:11.625
2101,1,11,0,34800,2026-04-27 09:38:11.625
2102,1,0,0,95798,2026-04-27 09:38:11.625
2103,1,3,0,1387,2026-04-27 09:38:11.625
2104,1,153,0,227.731492,2026-04-27 09:38:11.625
2105,1,7,0,31252.4,2026-04-27 09:38:11.625
2106,1,0,0,6572.314286,2026-04-27 09:38:11.625
2107,1,1,0,410269.285714,2026-04-27 09:38:11.625
2108,1,5,0,6856.486941,2026-04-27 09:38:11.625
2109,1,38,0,112500,2026-04-27 09:38:11.625
2110,1,0,0,78151,2026-04-27 09:38:11.625
2111,1,0,0,69.3,2026-04-27 09:38:11.625
2112,1,0,0,319328,2026-04-27 09:38:11.625
2113,1,2200,0,139,2026-04-27 09:38:11.625
2114,1,0,0,47815.6,2026-04-27 09:38:11.625
2115,1,0,0,25210.1,2026-04-27 09:38:11.625
2116,1,0,0,45000,2026-04-27 09:38:11.625
2117,1,0,0,65000,2026-04-27 09:38:11.625
2118,1,0,0,0,2026-04-27 09:38:11.625
2119,1,30,0,29539.4,2026-04-27 09:38:11.625
2120,1,15,0,42900,2026-04-27 09:38:11.625
2121,1,9,0,82977.333333,2026-04-27 09:38:11.625
2122,1,50,0,51200,2026-04-27 09:38:11.625
2123,1,0,0,414924.077574,2026-04-27 09:38:11.625
2124,1,10,0,61684.430769,2026-04-27 09:38:11.625
2125,1,12,0,88137.078947,2026-04-27 09:38:11.625
2126,1,4,0,126900,2026-04-27 09:38:11.625
2127,1,17,0,190000.3,2026-04-27 09:38:11.625
2128,1,0,0,126000,2026-04-27 09:38:11.625
2129,1,0,0,5994,2026-04-27 09:38:11.625
2130,1,1,0,115663,2026-04-27 09:38:11.625
2131,1,2,0,122139,2026-04-27 09:38:11.625
2132,1,13,0,2449.076923,2026-04-27 09:38:11.625
2133,1,0,0,12066,2026-04-27 09:38:11.625
2134,1,14,0,3375,2026-04-27 09:38:11.625
2135,1,0,0,1714.75,2026-04-27 09:38:11.625
2136,1,0,0,0,2026-04-27 09:38:11.625
2137,1,0,0,36134,2026-04-27 09:38:11.625
2138,1,1,0,64454,2026-04-27 09:38:11.625
2139,1,3,0,47059,2026-04-27 09:38:11.625
2140,1,10,0,50100,2026-04-27 09:38:11.625
2141,1,0,0,50100,2026-04-27 09:38:11.625
2142,1,46,0,26415.841955,2026-04-27 09:38:11.625
2143,1,15,0,181513,2026-04-27 09:38:11.625
2144,1,3,0,29917.371429,2026-04-27 09:38:11.625
2145,1,6,0,33673,2026-04-27 09:38:11.625
2146,1,0,0,1932,2026-04-27 09:38:11.625
2147,1,0,0,15490,2026-04-27 09:38:11.625
2148,1,0,0,359991,2026-04-27 09:38:11.625
2149,1,10,0,170607.286956,2026-04-27 09:38:11.625
2150,1,7,0,377955,2026-04-27 09:38:11.625
2151,1,10,0,354419.679006,2026-04-27 09:38:11.625
2152,1,6,0,18353,2026-04-27 09:38:11.625
2153,1,14,0,23498,2026-04-27 09:38:11.625
2154,1,8,0,29924.7175,2026-04-27 09:38:11.625
2155,1,8,0,20637.440909,2026-04-27 09:38:11.625
2156,1,6,0,31493,2026-04-27 09:38:11.625
2157,1,0,0,2989,2026-04-27 09:38:11.625
2158,1,1,0,832,2026-04-27 09:38:11.625
2159,1,0,0,0,2026-04-27 09:38:11.625
2160,1,4,0,5042.02,2026-04-27 09:38:11.625
2161,1,2,0,58823.53,2026-04-27 09:38:11.625
2162,1,0,0,159664,2026-04-27 09:38:11.625
2163,1,0,0,5663.664286,2026-04-27 09:38:11.625
2164,1,5,0,7956,2026-04-27 09:38:11.625
2165,1,6,0,16484.05,2026-04-27 09:38:11.625
2166,1,12,0,11795.525983,2026-04-27 09:38:11.625
2167,1,3,0,71901.666667,2026-04-27 09:38:11.625
2168,1,0,0,148411.764706,2026-04-27 09:38:11.625
2169,1,1,0,32833,2026-04-27 09:38:11.625
2170,1,2,0,149447,2026-04-27 09:38:11.625
2171,1,0,0,672269,2026-04-27 09:38:11.625
2172,1,0,0,66387,2026-04-27 09:38:11.625
2173,1,0,0,18487.4,2026-04-27 09:38:11.625
2174,1,153,0,1500.94841,2026-04-27 09:38:11.625
2175,1,7,0,35577.777778,2026-04-27 09:38:11.625
2176,1,10,0,6134,2026-04-27 09:38:11.625
2177,1,0,0,2184874,2026-04-27 09:38:11.625
2178,1,0,0,1680672,2026-04-27 09:38:11.625
2179,1,0,0,941176.4,2026-04-27 09:38:11.625
2180,1,35,0,6863.432967,2026-04-27 09:38:11.625
2181,1,3,0,102059.62,2026-04-27 09:38:11.625
2182,1,0,0,2650,2026-04-27 09:38:11.625
2183,1,17,0,5593.529944,2026-04-27 09:38:11.625
2184,1,1,0,234436,2026-04-27 09:38:11.625
2185,1,0,0,0,2026-04-27 09:38:11.625
2186,1,7,0,21080.431429,2026-04-27 09:38:11.625
2187,1,0,0,6449.6175,2026-04-27 09:38:11.625
2188,1,10,0,30252.1,2026-04-27 09:38:11.625
2189,1,22,0,14199.75,2026-04-27 09:38:11.625
2190,1,18,0,4599.4,2026-04-27 09:38:11.625
2191,1,0,0,46218.45,2026-04-27 09:38:11.625
2192,1,0,0,1429,2026-04-27 09:38:11.625
2193,1,0,0,115310,2026-04-27 09:38:11.625
2194,1,4,0,96306.666667,2026-04-27 09:38:11.625
2195,1,33,0,1533.782353,2026-04-27 09:38:11.625
2196,1,16,0,79000,2026-04-27 09:38:11.625
2197,1,0,0,0,2026-04-27 09:38:11.625
2198,1,14,0,21077.80438,2026-04-27 09:38:11.625
2199,1,7,0,101500,2026-04-27 09:38:11.625
2200,1,209,0,5506.360104,2026-04-27 09:38:11.625
2201,1,0,0,741634,2026-04-27 09:38:11.625
2202,1,582,0,469.155049,2026-04-27 09:38:11.625
2203,1,1,0,9460,2026-04-27 09:38:11.625
2204,1,125,0,2619.19,2026-04-27 09:38:11.625
2205,1,5,0,9445.68,2026-04-27 09:38:11.625
2206,1,0,0,20952.38,2026-04-27 09:38:11.625
2207,1,0,0,58945,2026-04-27 09:38:11.625
2208,1,0,0,83378,2026-04-27 09:38:11.625
2209,1,0,0,78106.5,2026-04-27 09:38:11.625
2210,1,22,0,27164.5,2026-04-27 09:38:11.625
2211,1,0,0,82620,2026-04-27 09:38:11.625
2212,1,0,0,463025,2026-04-27 09:38:11.625
2213,1,1,0,260000,2026-04-27 09:38:11.625
2214,1,30,0,26800,2026-04-27 09:38:11.625
2215,1,0,0,94118,2026-04-27 09:38:11.625
2216,1,0,0,3604.893646,2026-04-27 09:38:11.625
2217,1,0,0,115966,2026-04-27 09:38:11.625
2218,1,0,0,840.4,2026-04-27 09:38:11.625
2219,1,0,0,50.43,2026-04-27 09:38:11.625
2220,1,0,0,400000,2026-04-27 09:38:11.625
2221,1,7,0,5593.184615,2026-04-27 09:38:11.625
2222,1,0,0,67227,2026-04-27 09:38:11.625
2223,1,4,0,103465.506667,2026-04-27 09:38:11.625
2224,1,9,0,56500,2026-04-27 09:38:11.625
2225,1,2,0,12605.04,2026-04-27 09:38:11.625
2226,1,0,0,35294,2026-04-27 09:38:11.625
2227,1,1,0,98000,2026-04-27 09:38:11.625
2228,1,0,0,722689,2026-04-27 09:38:11.625
2229,1,0,0,339075.5,2026-04-27 09:38:11.625
2230,1,4,0,3847,2026-04-27 09:38:11.625
2231,1,0,0,57143,2026-04-27 09:38:11.625
2232,1,0,0,36554.498901,2026-04-27 09:38:11.625
2233,1,6,0,36580,2026-04-27 09:38:11.625
2234,1,1,0,42436,2026-04-27 09:38:11.625
2235,1,4,0,2550,2026-04-27 09:38:11.625
2236,1,56,0,21796.564181,2026-04-27 09:38:11.625
2237,1,18,0,10924.369,2026-04-27 09:38:11.625
2238,1,0,0,61586.2,2026-04-27 09:38:11.625
2239,1,0,0,41092.44,2026-04-27 09:38:11.625
2240,1,0,0,21008.4,2026-04-27 09:38:11.625
2241,1,5,0,145813.25,2026-04-27 09:38:11.625
2242,1,6,0,87773.25,2026-04-27 09:38:11.625
2243,1,18,0,9034.3,2026-04-27 09:38:11.625
2244,1,0,0,264706,2026-04-27 09:38:11.625
2245,1,0,0,247059,2026-04-27 09:38:11.625
2246,1,13,0,10745.91716,2026-04-27 09:38:11.625
2247,1,16,0,50131.9,2026-04-27 09:38:11.625
2248,1,28,0,6000.688571,2026-04-27 09:38:11.625
2249,1,0,0,27819.54,2026-04-27 09:38:11.625
2250,1,0,0,0,2026-04-27 09:38:11.625
2251,1,1,0,29412,2026-04-27 09:38:11.625
2252,1,1,0,752874,2026-04-27 09:38:11.625
2253,1,0,0,90242.1,2026-04-27 09:38:11.625
2254,1,70,0,6556.5,2026-04-27 09:38:11.625
2255,1,6,0,16000.2,2026-04-27 09:38:11.625
2256,1,14,0,35003.272727,2026-04-27 09:38:11.625
2257,1,0,0,75630.25,2026-04-27 09:38:11.625
2258,1,3,0,13972.500909,2026-04-27 09:38:11.625
2259,1,17,0,731.09,2026-04-27 09:38:11.625
2260,1,7,0,731.09,2026-04-27 09:38:11.625
2261,1,20,0,840.34,2026-04-27 09:38:11.625
2262,1,18,0,406.043333,2026-04-27 09:38:11.625
2263,1,0,0,3949.58,2026-04-27 09:38:11.625
2264,1,0,0,25420.17,2026-04-27 09:38:11.625
2265,1,2,0,1513,2026-04-27 09:38:11.625
2266,1,6,0,28571.43,2026-04-27 09:38:11.625
2267,1,1,0,245160.73,2026-04-27 09:38:11.625
2268,1,6,0,5328.15,2026-04-27 09:38:11.625
2269,1,20,0,1911.73,2026-04-27 09:38:11.625
2270,1,3,0,5610.45,2026-04-27 09:38:11.625
2271,1,5,0,15461.89,2026-04-27 09:38:11.625
2272,1,3,0,151965.31,2026-04-27 09:38:11.625
2273,1,28,0,18517.992857,2026-04-27 09:38:11.625
2274,1,3,0,67488.2,2026-04-27 09:38:11.625
2275,1,4,0,86673.76,2026-04-27 09:38:11.625
2276,1,3,0,104655.29,2026-04-27 09:38:11.625
2277,1,3,0,106710.14,2026-04-27 09:38:11.625
2278,1,5,0,6688.42,2026-04-27 09:38:11.625
2279,1,4,0,19722.57,2026-04-27 09:38:11.625
2280,1,6,0,27987.343333,2026-04-27 09:38:11.625
2281,1,4,0,77772.93,2026-04-27 09:38:11.625
2282,1,6,0,86655.9,2026-04-27 09:38:11.625
2283,1,3,0,69363.16,2026-04-27 09:38:11.625
2284,1,16,0,9840.8625,2026-04-27 09:38:11.625
2285,1,3,0,86303.49,2026-04-27 09:38:11.625
2286,1,5,0,7092.83,2026-04-27 09:38:11.625
2287,1,0,0,6818.41,2026-04-27 09:38:11.625
2288,1,11,0,293,2026-04-27 09:38:11.625
2289,1,12,0,25383.88,2026-04-27 09:38:11.625
2290,1,-2,0,1549.933333,2026-04-27 09:38:11.625
2291,1,189,0,764.296859,2026-04-27 09:38:11.625
2292,1,8,0,986.5,2026-04-27 09:38:11.625
2293,1,3,0,11373.21,2026-04-27 09:38:11.625
2294,1,5,0,62879.57,2026-04-27 09:38:11.625
2295,1,10,0,15706.11,2026-04-27 09:38:11.625
2296,1,4,0,41014.08,2026-04-27 09:38:11.625
2297,1,5,0,4654.59,2026-04-27 09:38:11.625
2298,1,2,0,87934.24,2026-04-27 09:38:11.625
2299,1,3,0,71150.16,2026-04-27 09:38:11.625
2300,1,5,0,7364.62,2026-04-27 09:38:11.625
2301,1,5,0,8710.44,2026-04-27 09:38:11.625
2302,1,9,0,3990.86,2026-04-27 09:38:11.625
2303,1,6,0,19897.2,2026-04-27 09:38:11.625
2304,1,6,0,5378.05,2026-04-27 09:38:11.625
2305,1,0,0,6541.37,2026-04-27 09:38:11.625
2306,1,2,0,68243,2026-04-27 09:38:11.625
2307,1,0,0,8445.22,2026-04-27 09:38:11.625
2308,1,0,0,92437,2026-04-27 09:38:11.625
2309,1,0,0,19505.93,2026-04-27 09:38:11.625
2310,1,10,0,11805,2026-04-27 09:38:11.625
2311,1,10,0,12156,2026-04-27 09:38:11.625
2312,1,6,0,2644,2026-04-27 09:38:11.625
2313,1,0,0,10787.61,2026-04-27 09:38:11.625
2314,1,10,0,12838,2026-04-27 09:38:11.625
2315,1,0,0,36271.63,2026-04-27 09:38:11.625
2316,1,0,0,62578.89,2026-04-27 09:38:11.625
2317,1,4,0,56369,2026-04-27 09:38:11.625
2318,1,3,0,35880,2026-04-27 09:38:11.625
2319,1,0,0,70645.97,2026-04-27 09:38:11.625
2320,1,0,0,52520,2026-04-27 09:38:11.625
2321,1,0,0,5782.45,2026-04-27 09:38:11.625
2322,1,0,0,109040.71,2026-04-27 09:38:11.625
2323,1,0,0,19915.58,2026-04-27 09:38:11.625
2324,1,0,0,64356.04,2026-04-27 09:38:11.625
2325,1,0,0,229761.21,2026-04-27 09:38:11.625
2326,1,0,0,87359.8,2026-04-27 09:38:11.625
2327,1,5,0,17201.61,2026-04-27 09:38:11.625
2328,1,3,0,18739.14,2026-04-27 09:38:11.625
2329,1,3,0,66693.84,2026-04-27 09:38:11.625
2330,1,2,0,150730.88,2026-04-27 09:38:11.625
2331,1,3,0,7956.12,2026-04-27 09:38:11.625
2332,1,2,0,54394.97,2026-04-27 09:38:11.625
2333,1,2,0,46237.3,2026-04-27 09:38:11.625
2334,1,5,0,7734.88,2026-04-27 09:38:11.625
2335,1,5,0,11173.5,2026-04-27 09:38:11.625
2336,1,5,0,11834.07,2026-04-27 09:38:11.625
2337,1,5,0,12364.52,2026-04-27 09:38:11.625
2338,1,5,0,8673.68,2026-04-27 09:38:11.625
2339,1,5,0,16242.47,2026-04-27 09:38:11.625
2340,1,4,0,10735.09,2026-04-27 09:38:11.625
2341,1,6,0,15309.58,2026-04-27 09:38:11.625
2342,1,6,0,12582.7,2026-04-27 09:38:11.625
2343,1,5,0,7421.08,2026-04-27 09:38:11.625
2344,1,5,0,12023.8,2026-04-27 09:38:11.625
2345,1,2,0,66380.03,2026-04-27 09:38:11.625
2346,1,7,0,33544.857143,2026-04-27 09:38:11.625
2347,1,7,0,8091.25,2026-04-27 09:38:11.625
2348,1,5,0,11374.52,2026-04-27 09:38:11.625
2349,1,5,0,3146.68,2026-04-27 09:38:11.625
2350,1,4,0,17130.71,2026-04-27 09:38:11.625
2351,1,1,0,199088.88,2026-04-27 09:38:11.625
2352,1,2,0,50184.18,2026-04-27 09:38:11.625
2353,1,3,0,62569.05,2026-04-27 09:38:11.625
2354,1,1,0,15851.85,2026-04-27 09:38:11.625
2355,1,10,0,52984.15,2026-04-27 09:38:11.625
2356,1,2,0,198444.2,2026-04-27 09:38:11.625
2357,1,6,0,108913.35,2026-04-27 09:38:11.625
2358,1,10,0,2176.95,2026-04-27 09:38:11.625
2359,1,2,0,76167.13,2026-04-27 09:38:11.625
2360,1,6,0,68262.82,2026-04-27 09:38:11.625
2361,1,9,0,3970.438889,2026-04-27 09:38:11.625
2362,1,11,0,21937.568182,2026-04-27 09:38:11.625
2363,1,7,0,81934.205714,2026-04-27 09:38:11.625
2364,1,4,0,25873.98,2026-04-27 09:38:11.625
2365,1,5,0,6555.81,2026-04-27 09:38:11.625
2366,1,5,0,86583.16,2026-04-27 09:38:11.625
2367,1,4,0,10196.76,2026-04-27 09:38:11.625
2368,1,4,0,9622.98,2026-04-27 09:38:11.625
2369,1,61,0,4201.679,2026-04-27 09:38:11.625
2370,1,0,0,41319.571429,2026-04-27 09:38:11.625
2371,1,0,0,83949,2026-04-27 09:38:11.625
2372,1,13,0,8365.12,2026-04-27 09:38:11.625
2373,1,5,0,19196.06,2026-04-27 09:38:11.625
2374,1,10,0,52435.97,2026-04-27 09:38:11.625
2375,1,5,0,6220.34,2026-04-27 09:38:11.625
2376,1,0,0,14310.39,2026-04-27 09:38:11.625
2377,1,0,0,9613.79,2026-04-27 09:38:11.625
2378,1,9,0,10179.305556,2026-04-27 09:38:11.625
2379,1,6,0,32704.06,2026-04-27 09:38:11.625
2380,1,0,0,142016.81,2026-04-27 09:38:11.625
2381,1,0,0,294118,2026-04-27 09:38:11.625
2382,1,14,0,29131,2026-04-27 09:38:11.625
2383,1,1,0,570000,2026-04-27 09:38:11.625
2384,1,106,0,506.699752,2026-04-27 09:38:11.625
2385,1,6,0,9425,2026-04-27 09:38:11.625
2386,1,2,0,8052,2026-04-27 09:38:11.625
2387,1,0,0,189203,2026-04-27 09:38:11.625
2388,1,43,0,3514,2026-04-27 09:38:11.625
2389,1,0,0,6554.6,2026-04-27 09:38:11.625
2390,1,0,0,516807,2026-04-27 09:38:11.625
2391,1,0,0,134454,2026-04-27 09:38:11.625
2392,1,9,0,3235.1,2026-04-27 09:38:11.625
2393,1,6,0,5613.75,2026-04-27 09:38:11.625
2394,1,9,0,4286.851468,2026-04-27 09:38:11.625
2395,1,0,0,91574.75,2026-04-27 09:38:11.625
2396,1,0,0,67060,2026-04-27 09:38:11.625
2397,1,0,0,456000,2026-04-27 09:38:11.625
2398,1,0,0,344565,2026-04-27 09:38:11.625
2399,1,3,0,37050,2026-04-27 09:38:11.625
2400,1,138,0,3668.229178,2026-04-27 09:38:11.625
2401,1,0,0,90000,2026-04-27 09:38:11.625
2402,1,43,0,44069.767442,2026-04-27 09:38:11.625
2403,1,5,0,17471.42,2026-04-27 09:38:11.625
2404,1,0,0,880000,2026-04-27 09:38:11.625
2405,1,3,0,2266.95,2026-04-27 09:38:11.625
2406,1,6,0,2800,2026-04-27 09:38:11.625
2407,1,5,0,1061.65,2026-04-27 09:38:11.625
2408,1,5,0,1561.45,2026-04-27 09:38:11.625
2409,1,0,0,43277.225,2026-04-27 09:38:11.625
2410,1,0,0,23529,2026-04-27 09:38:11.625
2411,1,0,0,6427.6,2026-04-27 09:38:11.625
2412,1,3,0,1640.892308,2026-04-27 09:38:11.625
2413,1,0,0,3749.93,2026-04-27 09:38:11.625
2414,1,0,0,25998.71,2026-04-27 09:38:11.625
2415,1,6,0,12450.52,2026-04-27 09:38:11.625
2416,1,0,0,6203.93,2026-04-27 09:38:11.625
2417,1,0,0,30055.88,2026-04-27 09:38:11.625
2418,1,0,0,41631.29,2026-04-27 09:38:11.625
2419,1,5,0,13681.46,2026-04-27 09:38:11.625
2420,1,3,0,23217.78,2026-04-27 09:38:11.625
2421,1,5,0,6387.22,2026-04-27 09:38:11.625
2422,1,16,0,21614.555,2026-04-27 09:38:11.625
2423,1,3,0,15648.33,2026-04-27 09:38:11.625
2424,1,0,0,149425,2026-04-27 09:38:11.625
2425,1,0,0,163025,2026-04-27 09:38:11.625
2426,1,14,0,37149,2026-04-27 09:38:11.625
2427,1,0,0,6400,2026-04-27 09:38:11.625
2428,1,6,0,420829.666,2026-04-27 09:38:11.625
2429,1,5,0,18896,2026-04-27 09:38:11.625
2430,1,4,0,21076,2026-04-27 09:38:11.625
2431,1,3,0,31332.51,2026-04-27 09:38:11.625
2432,1,0,0,146218,2026-04-27 09:38:11.625
2433,1,0,0,10000,2026-04-27 09:38:11.625
2434,1,0,0,5042,2026-04-27 09:38:11.625
2435,1,0,0,147899,2026-04-27 09:38:11.625
2436,1,0,0,50420,2026-04-27 09:38:11.625
2437,1,6,0,798.15,2026-04-27 09:38:11.625
2438,1,8,0,1061.65,2026-04-27 09:38:11.625
2439,1,11,0,1334.107692,2026-04-27 09:38:11.625
2440,1,5,0,1213.8,2026-04-27 09:38:11.625
2441,1,3,0,3047.25,2026-04-27 09:38:11.625
2442,1,0,0,39119,2026-04-27 09:38:11.625
2443,1,6,0,963.9,2026-04-27 09:38:11.625
2444,1,3,0,955.4,2026-04-27 09:38:11.625
2445,1,6,0,1500,2026-04-27 09:38:11.625
2446,1,94,0,1061.723404,2026-04-27 09:38:11.625
2447,1,0,0,172269,2026-04-27 09:38:11.625
2448,1,7,0,7225,2026-04-27 09:38:11.625
2449,1,0,0,17983,2026-04-27 09:38:11.625
2450,1,0,0,588,2026-04-27 09:38:11.625
2451,1,20,0,42607.150227,2026-04-27 09:38:11.625
2452,1,0,0,37815.125,2026-04-27 09:38:11.625
2453,1,0,0,200000,2026-04-27 09:38:11.625
2454,1,0,0,100128.75,2026-04-27 09:38:11.625
2455,1,0,0,188235,2026-04-27 09:38:11.625
2456,1,0,0,1406218.333333,2026-04-27 09:38:11.625
2457,1,0,0,360000,2026-04-27 09:38:11.625
2458,1,5,0,129031.6,2026-04-27 09:38:11.625
2459,1,0,0,16000,2026-04-27 09:38:11.625
2460,1,1,0,239746.5,2026-04-27 09:38:11.625
2461,1,0,0,352941,2026-04-27 09:38:11.625
2462,1,9,0,955.4,2026-04-27 09:38:11.625
2463,1,9,0,12876.68,2026-04-27 09:38:11.625
2464,1,13,0,1180,2026-04-27 09:38:11.625
2465,1,9,0,352,2026-04-27 09:38:11.625
2466,1,16,0,1298,2026-04-27 09:38:11.625
2467,1,19,0,981.3,2026-04-27 09:38:11.625
2468,1,0,0,15692,2026-04-27 09:38:11.625
2469,1,0,0,9229,2026-04-27 09:38:11.625
2470,1,59,0,19447.198983,2026-04-27 09:38:11.625
2471,1,18,0,2413.16,2026-04-27 09:38:11.625
2472,1,0,0,187811,2026-04-27 09:38:11.625
2473,1,10,0,1665.714286,2026-04-27 09:38:11.625
2474,1,4,0,13632,2026-04-27 09:38:11.625
2475,1,1,0,270400,2026-04-27 09:38:11.625
2476,1,0,0,59664,2026-04-27 09:38:11.625
2477,1,12,0,4755,2026-04-27 09:38:11.625
2478,1,11,0,5787.379953,2026-04-27 09:38:11.625
2479,1,2,0,4915.8,2026-04-27 09:38:11.625
2480,1,12,0,9330,2026-04-27 09:38:11.625
2481,1,15,0,32679.88,2026-04-27 09:38:11.625
2482,1,1,0,75700,2026-04-27 09:38:11.625
2483,1,0,0,187163,2026-04-27 09:38:11.625
2484,1,0,0,464706,2026-04-27 09:38:11.625
2485,1,6,0,14325.304725,2026-04-27 09:38:11.625
2486,1,0,0,310924,2026-04-27 09:38:11.625
2487,1,2,0,46118.857143,2026-04-27 09:38:11.625
2488,1,0,0,33915,2026-04-27 09:38:11.625
2489,1,0,0,29685,2026-04-27 09:38:11.625
2490,1,0,0,6639,2026-04-27 09:38:11.625
2491,1,0,0,5909,2026-04-27 09:38:11.625
2492,1,0,0,47572,2026-04-27 09:38:11.625
2493,1,3,0,75200,2026-04-27 09:38:11.625
2494,1,-1,0,11200,2026-04-27 09:38:11.625
2495,1,1284,0,786.502773,2026-04-27 09:38:11.625
2496,1,0,0,132280.04,2026-04-27 09:38:11.625
2497,1,0,0,40331.42,2026-04-27 09:38:11.625
2498,1,0,0,464807.64,2026-04-27 09:38:11.625
2499,1,5,0,96471,2026-04-27 09:38:11.625
2500,1,6,0,59112.888889,2026-04-27 09:38:11.625
2501,1,1,0,74057,2026-04-27 09:38:11.625
2502,1,2,0,83847,2026-04-27 09:38:11.625
2503,1,2,0,131923.333333,2026-04-27 09:38:11.625
2504,1,0,0,411648,2026-04-27 09:38:11.625
2505,1,0,0,155356,2026-04-27 09:38:11.625
2506,1,0,0,321839,2026-04-27 09:38:11.625
2507,1,0,0,121008,2026-04-27 09:38:11.625
2508,1,0,0,3346.45,2026-04-27 09:38:11.625
2509,1,0,0,3167.95,2026-04-27 09:38:11.625
2510,1,6,0,2329,2026-04-27 09:38:11.625
2511,1,17,0,5755.333333,2026-04-27 09:38:11.625
2512,1,0,0,50285,2026-04-27 09:38:11.625
2513,1,0,0,125750,2026-04-27 09:38:11.625
2514,1,6,0,52656,2026-04-27 09:38:11.625
2515,1,0,0,100796.5,2026-04-27 09:38:11.625
2516,1,0,0,26890,2026-04-27 09:38:11.625
2517,1,9,0,35185,2026-04-27 09:38:11.625
2518,1,0,0,26070,2026-04-27 09:38:11.625
2519,1,1,0,63524.687499,2026-04-27 09:38:11.625
2520,1,0,0,2470588,2026-04-27 09:38:11.625
2521,1,0,0,1512.925,2026-04-27 09:38:11.625
2522,1,0,0,10084,2026-04-27 09:38:11.625
2523,1,0,0,139495.8,2026-04-27 09:38:11.625
2524,1,12,0,10212,2026-04-27 09:38:11.625
2525,1,3,0,18063,2026-04-27 09:38:11.625
2526,1,12,0,31547,2026-04-27 09:38:11.625
2527,1,0,0,268477.75,2026-04-27 09:38:11.625
2528,1,4,0,58392.28,2026-04-27 09:38:11.625
2529,1,103,0,2521.1,2026-04-27 09:38:11.625
2530,1,0,0,6806.484613,2026-04-27 09:38:11.625
2531,1,5,0,84967,2026-04-27 09:38:11.625
2532,1,8,0,35757.4,2026-04-27 09:38:11.625
2533,1,0,0,42017,2026-04-27 09:38:11.625
2534,1,0,0,1210000,2026-04-27 09:38:11.625
2535,1,24,0,27818.24,2026-04-27 09:38:11.625
2536,1,44,0,19676.48,2026-04-27 09:38:11.625
2537,1,3,0,102389.81,2026-04-27 09:38:11.625
2538,1,159,0,6706.8,2026-04-27 09:38:11.625
2539,1,0,0,972,2026-04-27 09:38:11.625
2540,1,4,0,23613.4,2026-04-27 09:38:11.625
2541,1,580,0,8.17,2026-04-27 09:38:11.625
2542,1,300,0,85.67,2026-04-27 09:38:11.625
2543,1,485,0,76,2026-04-27 09:38:11.625
2544,1,100,0,775.854,2026-04-27 09:38:11.625
2545,1,62,0,664.68,2026-04-27 09:38:11.625
2546,1,2,0,3361.34,2026-04-27 09:38:11.625
2547,1,23,0,1580,2026-04-27 09:38:11.625
2548,1,13,0,61000,2026-04-27 09:38:11.625
2549,1,0,0,76471,2026-04-27 09:38:11.625
2550,1,36,0,4320.64,2026-04-27 09:38:11.625
2551,1,2,0,125000,2026-04-27 09:38:11.625
2552,1,2,0,150000,2026-04-27 09:38:11.625
2553,1,2,0,175000,2026-04-27 09:38:11.625
2554,1,3,0,24347.33,2026-04-27 09:38:11.625
2555,1,84,0,14308.456514,2026-04-27 09:38:11.625
2556,1,336,0,9196.862839,2026-04-27 09:38:11.625
2557,1,16,0,4770.258254,2026-04-27 09:38:11.625
2558,1,0,0,8151,2026-04-27 09:38:11.625
2559,1,20,0,2673.367857,2026-04-27 09:38:11.625
2560,1,0,0,29412,2026-04-27 09:38:11.625
2561,1,18,0,4481.283789,2026-04-27 09:38:11.625
2562,1,0,0,872000,2026-04-27 09:38:11.625
2563,1,18,0,7495.361894,2026-04-27 09:38:11.625
2564,1,21,0,7158.9,2026-04-27 09:38:11.625
2565,1,18,0,11022.834421,2026-04-27 09:38:11.625
2566,1,8,0,15637.96265,2026-04-27 09:38:11.625
2567,1,10,0,26827.950347,2026-04-27 09:38:11.625
2568,1,5,0,46224.7,2026-04-27 09:38:11.625
2569,1,8,0,11338.1625,2026-04-27 09:38:11.625
2570,1,6,0,11428.719958,2026-04-27 09:38:11.625
2571,1,2,0,130826.308333,2026-04-27 09:38:11.625
2572,1,8,0,6370.96,2026-04-27 09:38:11.625
2573,1,2,0,7048.02,2026-04-27 09:38:11.625
2574,1,10,0,8482.65,2026-04-27 09:38:11.625
2575,1,15,0,8112.785,2026-04-27 09:38:11.625
2576,1,17,0,8631.412941,2026-04-27 09:38:11.625
2577,1,6,0,11230.56,2026-04-27 09:38:11.625
2578,1,2,0,23415.8,2026-04-27 09:38:11.625
2579,1,6,0,24035.76,2026-04-27 09:38:11.625
2580,1,0,0,487395,2026-04-27 09:38:11.625
2581,1,2,0,62710.5,2026-04-27 09:38:11.625
2582,1,0,0,104202,2026-04-27 09:38:11.625
2583,1,3,0,8067.25,2026-04-27 09:38:11.625
2584,1,1,0,4705.9,2026-04-27 09:38:11.625
2585,1,6,0,1033,2026-04-27 09:38:11.625
2586,1,4,0,6210,2026-04-27 09:38:11.625
2587,1,0,0,5882.3,2026-04-27 09:38:11.625
2588,1,200,0,66.633663,2026-04-27 09:38:11.625
2589,1,4,0,3269,2026-04-27 09:38:11.625
2590,1,26,0,2497.115385,2026-04-27 09:38:11.625
2591,1,0,0,2227,2026-04-27 09:38:11.625
2592,1,0,0,63025.21,2026-04-27 09:38:11.625
2593,1,28,0,77000,2026-04-27 09:38:11.625
2594,1,0,0,102521,2026-04-27 09:38:11.625
2595,1,0,0,75000,2026-04-27 09:38:11.625
2596,1,0,0,95000,2026-04-27 09:38:11.625
2597,1,0,0,115000,2026-04-27 09:38:11.625
2598,1,0,0,135000,2026-04-27 09:38:11.625
2599,1,0,0,550000,2026-04-27 09:38:11.625
2600,1,0,0,4034,2026-04-27 09:38:11.625
2601,1,0,0,140000,2026-04-27 09:38:11.625
2602,1,7,0,7902,2026-04-27 09:38:11.625
2603,1,0,0,237850,2026-04-27 09:38:11.625
2604,1,2,0,23412.5,2026-04-27 09:38:11.625
2605,1,2,0,98379,2026-04-27 09:38:11.625
2606,1,2,0,197875,2026-04-27 09:38:11.625
2607,1,13,0,2166.233584,2026-04-27 09:38:11.625
2608,1,4,0,19182,2026-04-27 09:38:11.625
2609,1,3,0,3659.25,2026-04-27 09:38:11.625
2610,1,0,0,336975,2026-04-27 09:38:11.625
2611,1,3,0,7431.843077,2026-04-27 09:38:11.625
2612,1,0,0,1,2026-04-27 09:38:11.625
2613,1,0,0,86244.54,2026-04-27 09:38:11.625
2614,1,4,0,3949.58,2026-04-27 09:38:11.625
2615,1,11,0,26100,2026-04-27 09:38:11.625
2616,1,0,0,1210084,2026-04-27 09:38:11.625
2617,1,0,0,42857,2026-04-27 09:38:11.625
2618,1,11,0,35757,2026-04-27 09:38:11.625
2619,1,11,0,35757,2026-04-27 09:38:11.625
2620,1,0,0,152101,2026-04-27 09:38:11.625
2621,1,8,0,1215.5,2026-04-27 09:38:11.625
2622,1,5,0,1600,2026-04-27 09:38:11.625
2623,1,0,0,280000,2026-04-27 09:38:11.625
2624,1,0,0,133613,2026-04-27 09:38:11.625
2625,1,1,0,13000,2026-04-27 09:38:11.625
2626,1,1,0,72000,2026-04-27 09:38:11.625
2627,1,0,0,9600,2026-04-27 09:38:11.625
2628,1,18,0,10583.17,2026-04-27 09:38:11.625
2629,1,4,0,15925,2026-04-27 09:38:11.625
2630,1,7,0,75002.822857,2026-04-27 09:38:11.625
2631,1,3,0,4495.8,2026-04-27 09:38:11.625
2632,1,0,0,445.38,2026-04-27 09:38:11.625
2633,1,0,0,2593,2026-04-27 09:38:11.625
2634,1,0,0,432773,2026-04-27 09:38:11.625
2635,1,0,0,5010.89875,2026-04-27 09:38:11.625
2636,1,0,0,5010.89875,2026-04-27 09:38:11.625
2637,1,0,0,1587395,2026-04-27 09:38:11.625
2638,1,6,0,7605.12558,2026-04-27 09:38:11.625
2639,1,0,0,403361,2026-04-27 09:38:11.625
2640,1,14,0,1480.5,2026-04-27 09:38:11.625
2641,1,12,0,1526.831169,2026-04-27 09:38:11.625
2642,1,13,0,1488.666667,2026-04-27 09:38:11.625
2643,1,0,0,840336,2026-04-27 09:38:11.625
2644,1,0,0,5783,2026-04-27 09:38:11.625
2645,1,12,0,1387,2026-04-27 09:38:11.625
2646,1,0,0,242700,2026-04-27 09:38:11.625
2647,1,3,0,205491,2026-04-27 09:38:11.625
2648,1,1,0,26275,2026-04-27 09:38:11.625
2649,1,2,0,88212,2026-04-27 09:38:11.625
2650,1,0,0,1062,2026-04-27 09:38:11.625
2651,1,1,0,32000,2026-04-27 09:38:11.625
2652,1,47,0,32918.000175,2026-04-27 09:38:11.625
2653,1,9,0,9500,2026-04-27 09:38:11.625
2654,1,0,0,37815,2026-04-27 09:38:11.625
2655,1,0,0,52101,2026-04-27 09:38:11.625
2656,1,1,0,22569.545455,2026-04-27 09:38:11.625
2657,1,0,0,52850,2026-04-27 09:38:11.625
2658,1,1,0,61800,2026-04-27 09:38:11.625
2659,1,2,0,79018.5,2026-04-27 09:38:11.625
2660,1,2,0,245238.666667,2026-04-27 09:38:11.625
2661,1,18,0,7187.88,2026-04-27 09:38:11.625
2662,1,0,0,88992,2026-04-27 09:38:11.625
2663,1,79,0,3560.2,2026-04-27 09:38:11.625
2664,1,1,0,10324,2026-04-27 09:38:11.625
2665,1,5,0,41600,2026-04-27 09:38:11.625
2666,1,3,0,37446.42,2026-04-27 09:38:11.625
2667,1,0,0,73109,2026-04-27 09:38:11.625
2668,1,0,0,52941.18,2026-04-27 09:38:11.625
2669,1,4,0,96250,2026-04-27 09:38:11.625
2670,1,0,0,198319,2026-04-27 09:38:11.625
2671,1,6,0,12781.044,2026-04-27 09:38:11.625
2672,1,0,0,26562,2026-04-27 09:38:11.625
2673,1,0,0,756,2026-04-27 09:38:11.625
2674,1,0,0,6884.538462,2026-04-27 09:38:11.625
2675,1,25,0,3059.122632,2026-04-27 09:38:11.625
2676,1,2,0,8536,2026-04-27 09:38:11.625
2677,1,0,0,111765,2026-04-27 09:38:11.625
2678,1,0,0,820.32,2026-04-27 09:38:11.625
2679,1,6,0,1333,2026-04-27 09:38:11.625
2680,1,0,0,27731,2026-04-27 09:38:11.625
2681,1,40,0,867,2026-04-27 09:38:11.625
2682,1,0,0,205882.35,2026-04-27 09:38:11.625
2683,1,0,0,803361,2026-04-27 09:38:11.625
2684,1,10,0,390401.415385,2026-04-27 09:38:11.625
2685,1,10,0,35757.4,2026-04-27 09:38:11.625
2686,1,0,0,229412,2026-04-27 09:38:11.625
2687,1,0,0,800000,2026-04-27 09:38:11.625
2688,1,0,0,678824.001892,2026-04-27 09:38:11.625
2689,1,1,0,340000,2026-04-27 09:38:11.625
2690,1,0,0,26050.4,2026-04-27 09:38:11.625
2691,1,0,0,3782,2026-04-27 09:38:11.625
2692,1,0,0,15126,2026-04-27 09:38:11.625
2693,1,0,0,4202,2026-04-27 09:38:11.625
2694,1,1,0,239285,2026-04-27 09:38:11.625
2695,1,0,0,101420,2026-04-27 09:38:11.625
2696,1,0,0,953.85,2026-04-27 09:38:11.625
2697,1,0,0,66500,2026-04-27 09:38:11.625
2698,1,2,0,82600,2026-04-27 09:38:11.625
2699,1,0,0,435294,2026-04-27 09:38:11.625
2700,1,0,0,74100,2026-04-27 09:38:11.625
2701,1,6,0,88444.305555,2026-04-27 09:38:11.625
2702,1,1,0,116200,2026-04-27 09:38:11.625
2703,1,1,0,166387,2026-04-27 09:38:11.625
2704,1,0,0,83357,2026-04-27 09:38:11.625
2705,1,0,0,22215,2026-04-27 09:38:11.625
2706,1,1,0,81513,2026-04-27 09:38:11.625
2707,1,0,0,75630,2026-04-27 09:38:11.625
2708,1,0,0,33613,2026-04-27 09:38:11.625
2709,1,0,0,30672,2026-04-27 09:38:11.625
2710,1,26,0,5115.328729,2026-04-27 09:38:11.625
2711,1,34,0,16368,2026-04-27 09:38:11.625
2712,1,4,0,22529,2026-04-27 09:38:11.625
2713,1,40,0,580.25,2026-04-27 09:38:11.625
2714,1,4,0,125000,2026-04-27 09:38:11.625
2715,1,0,0,73700,2026-04-27 09:38:11.625
2716,1,0,0,109244,2026-04-27 09:38:11.625
2717,1,2,0,35065.9,2026-04-27 09:38:11.625
2718,1,5,0,10945,2026-04-27 09:38:11.625
2719,1,20,0,9050,2026-04-27 09:38:11.625
2720,1,0,0,2353,2026-04-27 09:38:11.625
2721,1,6,0,17101,2026-04-27 09:38:11.625
2722,1,0,0,30387.08,2026-04-27 09:38:11.625
2723,1,0,0,558823.5,2026-04-27 09:38:11.625
2724,1,5,0,100800,2026-04-27 09:38:11.625
2725,1,0,0,71429,2026-04-27 09:38:11.625
2726,1,1,0,38431,2026-04-27 09:38:11.625
2727,1,9,0,11990,2026-04-27 09:38:11.625
2728,1,0,0,306723,2026-04-27 09:38:11.625
2729,1,0,0,67379,2026-04-27 09:38:11.625
2730,1,2,0,30620.4075,2026-04-27 09:38:11.625
2731,1,0,0,12605,2026-04-27 09:38:11.625
2732,1,0,0,28571,2026-04-27 09:38:11.625
2733,1,1,0,19954.710714,2026-04-27 09:38:11.625
2734,1,57,0,4271.03,2026-04-27 09:38:11.625
2735,1,0,0,24147.6,2026-04-27 09:38:11.625
2736,1,2,0,8422.5,2026-04-27 09:38:11.625
2737,1,15,0,7299.728,2026-04-27 09:38:11.625
2738,1,6,0,7298.46,2026-04-27 09:38:11.625
2739,1,8,0,8035.716923,2026-04-27 09:38:11.625
2740,1,0,0,12333,2026-04-27 09:38:11.625
2741,1,0,0,20588.24,2026-04-27 09:38:11.625
2742,1,1,0,10504.2,2026-04-27 09:38:11.625
2743,1,0,0,76470.59,2026-04-27 09:38:11.625
2744,1,2,0,27352.94,2026-04-27 09:38:11.625
2745,1,3,0,27352.94,2026-04-27 09:38:11.625
2746,1,0,0,46974.79,2026-04-27 09:38:11.625
2747,1,0,0,52058.82,2026-04-27 09:38:11.625
2748,1,10,0,24466.97,2026-04-27 09:38:11.625
2749,1,0,0,5466.848,2026-04-27 09:38:11.625
2750,1,2,0,192500,2026-04-27 09:38:11.625
2751,1,0,0,26050.2,2026-04-27 09:38:11.625
2752,1,7,0,5210.08,2026-04-27 09:38:11.625
2753,1,6,0,43605,2026-04-27 09:38:11.625
2754,1,3,0,5150,2026-04-27 09:38:11.625
2755,1,0,0,124369.5,2026-04-27 09:38:11.625
2756,1,0,0,131092.5,2026-04-27 09:38:11.625
2757,1,4,0,59663.75,2026-04-27 09:38:11.625
2758,1,1,0,227014,2026-04-27 09:38:11.625
2759,1,7,0,2986.4,2026-04-27 09:38:11.625
2760,1,1,0,53604.4,2026-04-27 09:38:11.625
2761,1,24,0,670,2026-04-27 09:38:11.625
2762,1,86,0,1954.71,2026-04-27 09:38:11.625
2763,1,72,0,1451,2026-04-27 09:38:11.625
2764,1,30,0,2777,2026-04-27 09:38:11.625
2765,1,44,0,4040.28,2026-04-27 09:38:11.625
2766,1,0,0,29147.4,2026-04-27 09:38:11.625
2767,1,8,0,33738,2026-04-27 09:38:11.625
2768,1,0,0,107563,2026-04-27 09:38:11.625
2769,1,0,0,728197.5,2026-04-27 09:38:11.625
2770,1,0,0,11148.592,2026-04-27 09:38:11.625
2771,1,0,0,191849,2026-04-27 09:38:11.625
2772,1,2,0,69516.75,2026-04-27 09:38:11.625
2773,1,6,0,50000,2026-04-27 09:38:11.625
2774,1,38,0,43154.304017,2026-04-27 09:38:11.625
2775,1,56,0,44463.246604,2026-04-27 09:38:11.625
2776,1,10,0,46000,2026-04-27 09:38:11.625
2777,1,0,0,210000,2026-04-27 09:38:11.625
2778,1,0,0,7479,2026-04-27 09:38:11.625
2779,1,0,0,39000,2026-04-27 09:38:11.625
2780,1,0,0,701,2026-04-27 09:38:11.625
2781,1,0,0,931,2026-04-27 09:38:11.625
2782,1,0,0,602,2026-04-27 09:38:11.625
2783,1,50,0,421,2026-04-27 09:38:11.625
2784,1,0,0,3506,2026-04-27 09:38:11.625
2785,1,1,0,263700,2026-04-27 09:38:11.625
2786,1,3,0,14000,2026-04-27 09:38:11.625
2787,1,0,0,14286,2026-04-27 09:38:11.625
2788,1,0,0,500000,2026-04-27 09:38:11.625
2789,1,0,0,57143,2026-04-27 09:38:11.625
2790,1,0,0,16368,2026-04-27 09:38:11.625
2791,1,5,0,14514.6,2026-04-27 09:38:11.625
2792,1,7,0,7233.714286,2026-04-27 09:38:11.625
2793,1,8,0,13200,2026-04-27 09:38:11.625
2794,1,24,0,6768,2026-04-27 09:38:11.625
2795,1,20,0,6851,2026-04-27 09:38:11.625
2796,1,6,0,40214,2026-04-27 09:38:11.625
2797,1,3,0,235137,2026-04-27 09:38:11.625
2798,1,0,0,53382.5,2026-04-27 09:38:11.625
2799,1,30,0,1,2026-04-27 09:38:11.625
2800,1,0,0,33193.28,2026-04-27 09:38:11.625
2801,1,4,0,31558.05,2026-04-27 09:38:11.625
2802,1,0,0,82269,2026-04-27 09:38:11.625
2803,1,13,0,6983.705263,2026-04-27 09:38:11.625
2804,1,14,0,6400,2026-04-27 09:38:11.625
2805,1,6,0,31000,2026-04-27 09:38:11.625
2806,1,58,0,1938,2026-04-27 09:38:11.625
2807,1,9,0,2016.6,2026-04-27 09:38:11.625
2808,1,30,0,5397,2026-04-27 09:38:11.625
2809,1,0,0,93697.48,2026-04-27 09:38:11.625
2810,1,0,0,122689,2026-04-27 09:38:11.625
2811,1,0,0,159664,2026-04-27 09:38:11.625
2812,1,0,0,25210,2026-04-27 09:38:11.625
2813,1,0,0,121125,2026-04-27 09:38:11.625
2814,1,2,0,89760,2026-04-27 09:38:11.625
2815,1,0,0,21849,2026-04-27 09:38:11.625
2816,1,4,0,1666.894737,2026-04-27 09:38:11.625
2817,1,11,0,5364.631579,2026-04-27 09:38:11.625
2818,1,6,0,1264,2026-04-27 09:38:11.625
2819,1,9,0,28918.095238,2026-04-27 09:38:11.625
2820,1,12,0,21318,2026-04-27 09:38:11.625
2821,1,4,0,25679,2026-04-27 09:38:11.625
2822,1,0,0,364000,2026-04-27 09:38:11.625
2823,1,0,0,216807,2026-04-27 09:38:11.625
2824,1,32,0,21323.7,2026-04-27 09:38:11.625
2825,1,0,0,201681,2026-04-27 09:38:11.625
2826,1,4,0,94586.9925,2026-04-27 09:38:11.625
2827,1,0,0,106249,2026-04-27 09:38:11.625
2828,1,20,0,43007.728,2026-04-27 09:38:11.625
2829,1,5,0,19000,2026-04-27 09:38:11.625
2830,1,0,0,205882.35,2026-04-27 09:38:11.625
2831,1,18,0,107662.608,2026-04-27 09:38:11.625
2832,1,7,0,1354.142857,2026-04-27 09:38:11.625
2833,1,1,0,1275.4,2026-04-27 09:38:11.625
2834,1,0,0,2101,2026-04-27 09:38:11.625
2835,1,5,0,12731.672508,2026-04-27 09:38:11.625
2836,1,0,0,52100.8125,2026-04-27 09:38:11.625
2837,1,0,0,75835,2026-04-27 09:38:11.625
2838,1,3,0,29980,2026-04-27 09:38:11.625
2839,1,1,0,248165,2026-04-27 09:38:11.625
2840,1,0,0,564368,2026-04-27 09:38:11.625
2841,1,5,0,53737.346939,2026-04-27 09:38:11.625
2842,1,14,0,2591,2026-04-27 09:38:11.625
2843,1,16,0,8895.25,2026-04-27 09:38:11.625
2844,1,4,0,110107.728889,2026-04-27 09:38:11.625
2845,1,1,0,112000,2026-04-27 09:38:11.625
2846,1,0,0,152743.05,2026-04-27 09:38:11.625
2847,1,1,0,16527,2026-04-27 09:38:11.625
2848,1,0,0,16200,2026-04-27 09:38:11.625
2849,1,0,0,409365,2026-04-27 09:38:11.625
2850,1,0,0,117700,2026-04-27 09:38:11.625
2851,1,2,0,33613.445,2026-04-27 09:38:11.625
2852,1,0,0,173300,2026-04-27 09:38:11.625
2853,1,1,0,109600,2026-04-27 09:38:11.625
2854,1,0,0,61300,2026-04-27 09:38:11.625
2855,1,2,0,117400,2026-04-27 09:38:11.625
2856,1,0,0,33400,2026-04-27 09:38:11.625
2857,1,2,0,13874,2026-04-27 09:38:11.625
2858,1,15,0,34980,2026-04-27 09:38:11.625
2859,1,5,0,16374.530612,2026-04-27 09:38:11.625
2860,1,18,0,596,2026-04-27 09:38:11.625
2861,1,14,0,830,2026-04-27 09:38:11.625
2862,1,9,0,1236,2026-04-27 09:38:11.625
2863,1,120,0,1381.333333,2026-04-27 09:38:11.625
2864,1,20,0,1485,2026-04-27 09:38:11.625
2865,1,10,0,1553,2026-04-27 09:38:11.625
2866,1,0,0,100840,2026-04-27 09:38:11.625
2867,1,4,0,2293,2026-04-27 09:38:11.625
2868,1,0,0,180671.5,2026-04-27 09:38:11.625
2869,1,0,0,1591,2026-04-27 09:38:11.625
2870,1,10,0,1578.8,2026-04-27 09:38:11.625
2871,1,100,0,696,2026-04-27 09:38:11.625
2872,1,2,0,851.6,2026-04-27 09:38:11.625
2873,1,9,0,1025.6,2026-04-27 09:38:11.625
2874,1,0,0,105042,2026-04-27 09:38:11.625
2875,1,0,0,63025,2026-04-27 09:38:11.625
2876,1,0,0,340336,2026-04-27 09:38:11.625
2877,1,0,0,169999,2026-04-27 09:38:11.625
2878,1,0,0,514286,2026-04-27 09:38:11.625
2879,1,0,0,60504,2026-04-27 09:38:11.625
2880,1,0,0,107563,2026-04-27 09:38:11.625
2881,1,40,0,13531.132653,2026-04-27 09:38:11.625
2882,1,41,0,13557.146341,2026-04-27 09:38:11.625
2883,1,7,0,22707.24,2026-04-27 09:38:11.625
2884,1,4,0,23108.542522,2026-04-27 09:38:11.625
2885,1,1,0,240750,2026-04-27 09:38:11.625
2886,1,14,0,63993.142857,2026-04-27 09:38:11.625
2887,1,6,0,33431,2026-04-27 09:38:11.625
2888,1,4,0,4782,2026-04-27 09:38:11.625
2889,1,12,0,36700,2026-04-27 09:38:11.625
2890,1,8,0,12597.04,2026-04-27 09:38:11.625
2891,1,6,0,5296,2026-04-27 09:38:11.625
2892,1,11,0,12342,2026-04-27 09:38:11.625
2893,1,6,0,20388.75,2026-04-27 09:38:11.625
2894,1,577,0,2140.08,2026-04-27 09:38:11.625
2895,1,496,0,636.177049,2026-04-27 09:38:11.625
2896,1,4,0,29412,2026-04-27 09:38:11.625
2897,1,1,0,11880,2026-04-27 09:38:11.625
2898,1,4,0,7061.14,2026-04-27 09:38:11.625
2899,1,1,0,10924.37,2026-04-27 09:38:11.625
2900,1,0,0,15966,2026-04-27 09:38:11.625
2901,1,0,0,31933,2026-04-27 09:38:11.625
2902,1,8,0,4529.16,2026-04-27 09:38:11.625
2903,1,0,0,142.9,2026-04-27 09:38:11.625
2904,1,12,0,482.2,2026-04-27 09:38:11.625
2905,1,11,0,1965,2026-04-27 09:38:11.625
2906,1,2,0,22500,2026-04-27 09:38:11.625
2907,1,4,0,13806.4375,2026-04-27 09:38:11.625
2908,1,5,0,2882,2026-04-27 09:38:11.625
2909,1,5,0,1750,2026-04-27 09:38:11.625
2910,1,5,0,1231.461538,2026-04-27 09:38:11.625
2911,1,2,0,10560.4,2026-04-27 09:38:11.625
2912,1,3,0,1680,2026-04-27 09:38:11.625
2913,1,0,0,97479,2026-04-27 09:38:11.625
2914,1,4,0,54600,2026-04-27 09:38:11.625
2915,1,4,0,101400,2026-04-27 09:38:11.625
2916,1,3,0,97100,2026-04-27 09:38:11.625
2917,1,1,0,17990,2026-04-27 09:38:11.625
2918,1,0,0,753330,2026-04-27 09:38:11.625
2919,1,2000,0,64.094545,2026-04-27 09:38:11.625
2920,1,7,0,7465.55,2026-04-27 09:38:11.625
2921,1,0,0,57983,2026-04-27 09:38:11.625
2922,1,14,0,17200,2026-04-27 09:38:11.625
2923,1,0,0,45600,2026-04-27 09:38:11.625
2924,1,1,0,26988.616,2026-04-27 09:38:11.625
2925,1,0,0,2597,2026-04-27 09:38:11.625
2926,1,0,0,30252,2026-04-27 09:38:11.625
2927,1,14,0,22772,2026-04-27 09:38:11.625
2928,1,0,0,2941,2026-04-27 09:38:11.625
2929,1,0,0,21008.2,2026-04-27 09:38:11.625
2930,1,2,0,25608,2026-04-27 09:38:11.625
2931,1,0,0,101679.9,2026-04-27 09:38:11.625
2932,1,1,0,73949.58,2026-04-27 09:38:11.625
2933,1,5,0,1387,2026-04-27 09:38:11.625
2934,1,2,0,6050,2026-04-27 09:38:11.625
2935,1,2,0,6092,2026-04-27 09:38:11.625
2936,1,2,0,17227,2026-04-27 09:38:11.625
2937,1,0,0,2773,2026-04-27 09:38:11.625
2938,1,0,0,75630,2026-04-27 09:38:11.625
2939,1,0,0,109244,2026-04-27 09:38:11.625
2940,1,0,0,22689,2026-04-27 09:38:11.625
2941,1,10,0,8058,2026-04-27 09:38:11.625
2942,1,0,0,91171,2026-04-27 09:38:11.625
2943,1,8,0,8937,2026-04-27 09:38:11.625
2944,1,0,0,72444,2026-04-27 09:38:11.625
2945,1,6,0,12350,2026-04-27 09:38:11.625
2946,1,0,0,229.7955,2026-04-27 09:38:11.625
2947,1,0,0,71428,2026-04-27 09:38:11.625
2948,1,0,0,194957.98,2026-04-27 09:38:11.625
2949,1,0,0,48739.4,2026-04-27 09:38:11.625
2950,1,0,0,36134,2026-04-27 09:38:11.625
2951,1,0,0,47899.2,2026-04-27 09:38:11.625
2952,1,0,0,445378,2026-04-27 09:38:11.625
2953,1,12,0,7636.1,2026-04-27 09:38:11.625
2954,1,0,0,511259,2026-04-27 09:38:11.625
2955,1,0,0,76827.2,2026-04-27 09:38:11.625
2956,1,12,0,5626,2026-04-27 09:38:11.625
2957,1,0,0,281200,2026-04-27 09:38:11.625
2958,1,1882,0,520.910469,2026-04-27 09:38:11.625
2959,1,0,0,736.1,2026-04-27 09:38:11.625
2960,1,6,0,2249.1,2026-04-27 09:38:11.625
2961,1,6,0,7821,2026-04-27 09:38:11.625
2962,1,0,0,141932.77,2026-04-27 09:38:11.625
2963,1,0,0,45359.085783,2026-04-27 09:38:11.625
2964,1,5,0,7313.4,2026-04-27 09:38:11.625
2965,1,0,0,66387,2026-04-27 09:38:11.625
2966,1,0,0,256303,2026-04-27 09:38:11.625
2967,1,4,0,54662.166667,2026-04-27 09:38:11.625
2968,1,10,0,17596.33,2026-04-27 09:38:11.625
2969,1,0,0,924,2026-04-27 09:38:11.625
2970,1,0,0,252.1,2026-04-27 09:38:11.625
2971,1,24,0,168,2026-04-27 09:38:11.625
2972,1,0,0,421034,2026-04-27 09:38:11.625
2973,1,1,0,192600,2026-04-27 09:38:11.625
2974,1,0,0,1092,2026-04-27 09:38:11.625
2975,1,0,0,378,2026-04-27 09:38:11.625
2976,1,1,0,63197,2026-04-27 09:38:11.625
2977,1,0,0,76300,2026-04-27 09:38:11.625
2978,1,51,0,1093.897143,2026-04-27 09:38:11.625
2979,1,0,0,470588,2026-04-27 09:38:11.625
2980,1,0,0,1261,2026-04-27 09:38:11.625
2981,1,0,0,420,2026-04-27 09:38:11.625
2982,1,500,0,139.145,2026-04-27 09:38:11.625
2983,1,2,0,16830,2026-04-27 09:38:11.625
2984,1,0,0,2970,2026-04-27 09:38:11.625
2985,1,8,0,4410,2026-04-27 09:38:11.625
2986,1,26,0,13557.471429,2026-04-27 09:38:11.625
2987,1,12,0,20834.04,2026-04-27 09:38:11.625
2988,1,2,0,315041,2026-04-27 09:38:11.625
2989,1,0,0,27731,2026-04-27 09:38:11.625
2990,1,0,0,45714,2026-04-27 09:38:11.625
2991,1,0,0,62184,2026-04-27 09:38:11.625
2992,1,6,0,16135,2026-04-27 09:38:11.625
2993,1,5,0,60377.666667,2026-04-27 09:38:11.625
2994,1,3,0,45312,2026-04-27 09:38:11.625
2995,1,0,0,480672.07,2026-04-27 09:38:11.625
2996,1,0,0,40992,2026-04-27 09:38:11.625
2997,1,6,0,18411,2026-04-27 09:38:11.625
2998,1,0,0,600000,2026-04-27 09:38:11.625
2999,1,0.18,0,18486.771387,2026-04-27 09:38:11.625
3000,1,0,0,65546,2026-04-27 09:38:11.625
3001,1,0,0,8403.36,2026-04-27 09:38:11.625
3002,1,0,0,58991.533333,2026-04-27 09:38:11.625
3003,1,12,0,1967,2026-04-27 09:38:11.625
3004,1,12,0,2951,2026-04-27 09:38:11.625
3005,1,11,0,4234,2026-04-27 09:38:11.625
3006,1,25,0,8739.48,2026-04-27 09:38:11.625
3007,1,12,0,7183.3,2026-04-27 09:38:11.625
3008,1,5,0,10682,2026-04-27 09:38:11.625
3009,1,4,0,17648,2026-04-27 09:38:11.625
3010,1,5,0,6050,2026-04-27 09:38:11.625
3011,1,56,0,3093.5,2026-04-27 09:38:11.625
3012,1,2,0,9738,2026-04-27 09:38:11.625
3013,1,1,0,10759,2026-04-27 09:38:11.625
3014,1,1,0,129600,2026-04-27 09:38:11.625
3015,1,7,0,9906.75,2026-04-27 09:38:11.625
3016,1,0,0,83193.28,2026-04-27 09:38:11.625
3017,1,0,0,643697,2026-04-27 09:38:11.625
3018,1,1,0,22181,2026-04-27 09:38:11.625
3019,1,0,0,92437,2026-04-27 09:38:11.625
3020,1,0,0,96639,2026-04-27 09:38:11.625
3021,1,0,0,572000,2026-04-27 09:38:11.625
3022,1,100,0,311.95,2026-04-27 09:38:11.625
3023,1,0,0,553782,2026-04-27 09:38:11.625
3024,1,0,0,381513,2026-04-27 09:38:11.625
3025,1,0,0,14286,2026-04-27 09:38:11.625
3026,1,0,0,378151,2026-04-27 09:38:11.625
3027,1,10,0,3353,2026-04-27 09:38:11.625
3028,1,0,0,504,2026-04-27 09:38:11.625
3029,1,2,0,52900,2026-04-27 09:38:11.625
3030,1,5,0,37920,2026-04-27 09:38:11.625
3031,1,1,0,298300,2026-04-27 09:38:11.625
3032,1,1,0,732000,2026-04-27 09:38:11.625
3033,1,1,0,9900,2026-04-27 09:38:11.625
3034,1,1,0,420000,2026-04-27 09:38:11.625
3035,1,22,0,7950,2026-04-27 09:38:11.625
3036,1,1,0,380000,2026-04-27 09:38:11.625
3037,1,2,0,4500,2026-04-27 09:38:11.625
3038,1,0,0,15966.39,2026-04-27 09:38:11.625
3039,1,0,0,55462,2026-04-27 09:38:11.625
3040,1,0,0,120000,2026-04-27 09:38:11.625
3041,1,2,0,444537.666667,2026-04-27 09:38:11.625
3042,1,0,0,27983,2026-04-27 09:38:11.625
3043,1,63,0,12966.982609,2026-04-27 09:38:11.625
3044,1,65,0,2464,2026-04-27 09:38:11.625
3045,1,23,0,27200.1,2026-04-27 09:38:11.625
3046,1,0,0,19335.8,2026-04-27 09:38:11.625
3047,1,0,0,286555,2026-04-27 09:38:11.625
3048,1,1,0,21374.95,2026-04-27 09:38:11.625
3049,1,3,0,33191.65,2026-04-27 09:38:11.625
3050,1,6,0,892.5,2026-04-27 09:38:11.625
3051,1,2,0,21137.678571,2026-04-27 09:38:11.625
3052,1,4,0,78451.6,2026-04-27 09:38:11.625
3053,1,2,0,11166,2026-04-27 09:38:11.625
3054,1,2,0,27407,2026-04-27 09:38:11.625
3055,1,0,0,108742,2026-04-27 09:38:11.625
3056,1,0,0,924.1,2026-04-27 09:38:11.625
3057,1,280,0,157.251788,2026-04-27 09:38:11.625
3058,1,0,0,89916,2026-04-27 09:38:11.625
3059,1,0,0,58824,2026-04-27 09:38:11.625
3060,1,0,0,840.3,2026-04-27 09:38:11.625
3061,1,0,0,16900,2026-04-27 09:38:11.625
3062,1,3,0,52941,2026-04-27 09:38:11.625
3063,1,6,0,119800,2026-04-27 09:38:11.625
3064,1,3,0,19328,2026-04-27 09:38:11.625
3065,1,1,0,4866,2026-04-27 09:38:11.625
3066,1,2,0,13370.546667,2026-04-27 09:38:11.625
3067,1,1,0,30295,2026-04-27 09:38:11.625
3068,1,1,0,157332,2026-04-27 09:38:11.625
3069,1,1,0,268067.23,2026-04-27 09:38:11.625
3070,1,0,0,37815,2026-04-27 09:38:11.625
3071,1,0,0,369153,2026-04-27 09:38:11.625
3072,1,0,0,116806.7,2026-04-27 09:38:11.625
3073,1,1,0,10084,2026-04-27 09:38:11.625
3074,1,0,0,7101,2026-04-27 09:38:11.625
3075,1,2,0,12437,2026-04-27 09:38:11.625
3076,1,1,0,703000,2026-04-27 09:38:11.625
3077,1,2,0,236115,2026-04-27 09:38:11.625
3078,1,1,0,76115,2026-04-27 09:38:11.625
3079,1,0,0,335000,2026-04-27 09:38:11.625
3080,1,2,0,11102.7,2026-04-27 09:38:11.625
3081,1,2,0,30598,2026-04-27 09:38:11.625
3082,1,0,0,48739,2026-04-27 09:38:11.625
3083,1,6,0,1882.75,2026-04-27 09:38:11.625
3084,1,0,0,530672,2026-04-27 09:38:11.625
3085,1,16,0,2593.089762,2026-04-27 09:38:11.625
3086,1,0,0,4594,2026-04-27 09:38:11.625
3087,1,0,0,3869,2026-04-27 09:38:11.625
3088,1,0,0,158829,2026-04-27 09:38:11.625
3089,1,11,0,4729.16,2026-04-27 09:38:11.625
3090,1,0,0,527731,2026-04-27 09:38:11.625
3091,1,0,0,251260.5,2026-04-27 09:38:11.625
3092,1,1,0,62325.975,2026-04-27 09:38:11.625
3093,1,10,0,23256,2026-04-27 09:38:11.625
3094,1,0,0,1626050,2026-04-27 09:38:11.625
3095,1,2,0,8540.8,2026-04-27 09:38:11.625
3096,1,1,0,3151261,2026-04-27 09:38:11.625
3097,1,3,0,356286.666667,2026-04-27 09:38:11.625
3098,1,0,0,356303.001012,2026-04-27 09:38:11.625
3099,1,0,0,22847,2026-04-27 09:38:11.625
3100,1,0,0,411765,2026-04-27 09:38:11.625
3101,1,10,0,20107,2026-04-27 09:38:11.625
3102,1,0,0,134454,2026-04-27 09:38:11.625
3103,1,0,0,10672,2026-04-27 09:38:11.625
3104,1,12,0,31008,2026-04-27 09:38:11.625
3105,1,0,0,70000,2026-04-27 09:38:11.625
3106,1,0,0,33613.2,2026-04-27 09:38:11.625
3107,1,0,0,554621,2026-04-27 09:38:11.625
3108,1,0,0,307383,2026-04-27 09:38:11.625
3109,1,0,0,67095,2026-04-27 09:38:11.625
3110,1,59,0,6379.349677,2026-04-27 09:38:11.625
3111,1,0,0,84034,2026-04-27 09:38:11.625
3112,1,44,0,4732,2026-04-27 09:38:11.625
3113,1,5,0,48909.83,2026-04-27 09:38:11.625
3114,1,0,0,2504202,2026-04-27 09:38:11.625
3115,1,6,0,10417,2026-04-27 09:38:11.625
3116,1,6,0,11386,2026-04-27 09:38:11.625
3117,1,1,0,1008,2026-04-27 09:38:11.625
3118,1,0,0,1681,2026-04-27 09:38:11.625
3119,1,6,0,40698,2026-04-27 09:38:11.625
3120,1,0,0,6471,2026-04-27 09:38:11.625
3121,1,0,0,1849,2026-04-27 09:38:11.625
3122,1,0,0,168,2026-04-27 09:38:11.625
3123,1,0,0,50420,2026-04-27 09:38:11.625
3124,1,0,0,5042,2026-04-27 09:38:11.625
3125,1,0,0,63866,2026-04-27 09:38:11.625
3126,1,0,0,9243,2026-04-27 09:38:11.625
3127,1,0,0,16807,2026-04-27 09:38:11.625
3128,1,0,0,7815.2,2026-04-27 09:38:11.625
3129,1,0,0,22689.4,2026-04-27 09:38:11.625
3130,1,0,0,269748,2026-04-27 09:38:11.625
3131,1,0,0,17647.4,2026-04-27 09:38:11.625
3132,1,3,0,107205,2026-04-27 09:38:11.625
3133,1,0,0,15126,2026-04-27 09:38:11.625
3134,1,-1,0,61750,2026-04-27 09:38:11.625
3135,1,1,0,1441,2026-04-27 09:38:11.625
3136,1,0,0,6807,2026-04-27 09:38:11.625
3137,1,0,0,70016.54,2026-04-27 09:38:11.625
3138,1,2,0,50388,2026-04-27 09:38:11.625
3139,1,1,0,609450,2026-04-27 09:38:11.625
3140,1,12,0,12839.01,2026-04-27 09:38:11.625
3141,1,0,0,34453.7,2026-04-27 09:38:11.625
3142,1,12,0,2177.03,2026-04-27 09:38:11.625
3143,1,0,0,490165,2026-04-27 09:38:11.625
3144,1,0,0,21900,2026-04-27 09:38:11.625
3145,1,0,0,2941.2,2026-04-27 09:38:11.625
3146,1,0,0,68907.7,2026-04-27 09:38:11.625
3147,1,0,0,107563,2026-04-27 09:38:11.625
3148,1,0,0,25210,2026-04-27 09:38:11.625
3149,1,2,0,4202,2026-04-27 09:38:11.625
3150,1,0,0,71429,2026-04-27 09:38:11.625
3151,1,2,0,26567,2026-04-27 09:38:11.625
3152,1,0,0,22481,2026-04-27 09:38:11.625
3153,1,0,0,264706,2026-04-27 09:38:11.625
3154,1,0,0,13445,2026-04-27 09:38:11.625
3155,1,0,0,31512.61,2026-04-27 09:38:11.625
3156,1,0,0,21429,2026-04-27 09:38:11.625
3157,1,0,0,168.067142,2026-04-27 09:38:11.625
3158,1,0,0,11513,2026-04-27 09:38:11.625
3159,1,6,0,26248.5,2026-04-27 09:38:11.625
3160,1,0,0,42017,2026-04-27 09:38:11.625
3161,1,5,0,4680,2026-04-27 09:38:11.625
3162,1,33,0,2100.84,2026-04-27 09:38:11.625
3163,1,0,0,6386,2026-04-27 09:38:11.625
3164,1,3,0,26275.179487,2026-04-27 09:38:11.625
3165,1,0,0,71429,2026-04-27 09:38:11.625
3166,1,0,0,378151,2026-04-27 09:38:11.625
3167,1,4,0,119915,2026-04-27 09:38:11.625
3168,1,0,0,41405,2026-04-27 09:38:11.625
3169,1,1,0,33119,2026-04-27 09:38:11.625
3170,1,0,0,71344.54,2026-04-27 09:38:11.625
3171,1,0,0,7143,2026-04-27 09:38:11.625
3172,1,0,0,546.4,2026-04-27 09:38:11.625
3173,1,0,0,1050.1,2026-04-27 09:38:11.625
3174,1,0,0,2101,2026-04-27 09:38:11.625
3175,1,18,0,135570.175439,2026-04-27 09:38:11.625
3176,1,0,0,1250,2026-04-27 09:38:11.625
3177,1,0,0,2800,2026-04-27 09:38:11.625
3178,1,2,0,117054.25,2026-04-27 09:38:11.625
3179,1,0,0,234569,2026-04-27 09:38:11.625
3180,1,0,0,6857,2026-04-27 09:38:11.625
3181,1,9,0,4356,2026-04-27 09:38:11.625
3182,1,86,0,8206.62,2026-04-27 09:38:11.625
3183,1,57,0,1520.879032,2026-04-27 09:38:11.625
3184,1,45,0,2437.04,2026-04-27 09:38:11.625
3185,1,0,0,4962.57,2026-04-27 09:38:11.625
3186,1,0,0,4484.22,2026-04-27 09:38:11.625
3187,1,42,0,1487.39,2026-04-27 09:38:11.625
3188,1,3,0,8170,2026-04-27 09:38:11.625
3189,1,0,0,63025.4,2026-04-27 09:38:11.625
3190,1,4,0,15966.4,2026-04-27 09:38:11.625
3191,1,0,0,0,2026-04-27 09:38:11.625
3192,1,0,0,13546,2026-04-27 09:38:11.625
3193,1,7,0,1428.6,2026-04-27 09:38:11.625
3194,1,1,0,7371.43,2026-04-27 09:38:11.625
3195,1,1,0,12614,2026-04-27 09:38:11.625
3196,1,0,0,50070.59,2026-04-27 09:38:11.625
3197,1,0,0,19754.62,2026-04-27 09:38:11.625
3198,1,1,0,16386.55,2026-04-27 09:38:11.625
3199,1,5,0,1969.9,2026-04-27 09:38:11.625
3200,1,17,0,1925,2026-04-27 09:38:11.625
3201,1,18,0,44982,2026-04-27 09:38:11.625
3202,1,18,0,37236,2026-04-27 09:38:11.625
3203,1,10,0,3917.9,2026-04-27 09:38:11.625
3204,1,2,0,5500,2026-04-27 09:38:11.625
3205,1,2,0,8730,2026-04-27 09:38:11.625
3206,1,2,0,11000,2026-04-27 09:38:11.625
3207,1,2,0,18400,2026-04-27 09:38:11.625
3208,1,0,0,1031857.98,2026-04-27 09:38:11.625
3209,1,2,0,3283,2026-04-27 09:38:11.625
3210,1,90,0,193,2026-04-27 09:38:11.625
3211,1,0,0,1680.7,2026-04-27 09:38:11.625
3212,1,1,0,226655,2026-04-27 09:38:11.625
3213,1,0,0,28571.4,2026-04-27 09:38:11.625
3214,1,12,0,55180.51,2026-04-27 09:38:11.625
3215,1,0,0,10924,2026-04-27 09:38:11.625
3216,1,0,0,7830,2026-04-27 09:38:11.625
3217,1,0,0,5331,2026-04-27 09:38:11.625
3218,1,0,0,4623,2026-04-27 09:38:11.625
3219,1,0,0,41074,2026-04-27 09:38:11.625
3220,1,0,0,45850,2026-04-27 09:38:11.625
3221,1,9,0,84990,2026-04-27 09:38:11.625
3222,1,0,0,60504.4,2026-04-27 09:38:11.625
3223,1,0,0,33613.4,2026-04-27 09:38:11.625
3224,1,0,0,64286.1,2026-04-27 09:38:11.625
3225,1,0,0,41596.2,2026-04-27 09:38:11.625
3226,1,0,0,3865.7,2026-04-27 09:38:11.625
3227,1,0,0,756,2026-04-27 09:38:11.625
3228,1,10,0,481,2026-04-27 09:38:11.625
3229,1,1,0,66600,2026-04-27 09:38:11.625
3230,1,11,0,7633,2026-04-27 09:38:11.625
3231,1,4,0,4748.5875,2026-04-27 09:38:11.625
3232,1,5,0,1300,2026-04-27 09:38:11.625
3233,1,4,0,1536.4375,2026-04-27 09:38:11.625
3234,1,3,0,408382.333333,2026-04-27 09:38:11.625
3235,1,2,0,456065.233333,2026-04-27 09:38:11.625
3236,1,32,0,37200,2026-04-27 09:38:11.625
3237,1,3,0,12121,2026-04-27 09:38:11.625
3238,1,2,0,357251.5,2026-04-27 09:38:11.625
3239,1,1,0,19341,2026-04-27 09:38:11.625
3240,1,1,0,23042,2026-04-27 09:38:11.625
3241,1,1,0,30137,2026-04-27 09:38:11.625
3242,1,1,0,38306,2026-04-27 09:38:11.625
3243,1,0,0,168,2026-04-27 09:38:11.625
3244,1,0,0,42,2026-04-27 09:38:11.625
3245,1,0,0,84.13,2026-04-27 09:38:11.625
3246,1,0,0,2352941,2026-04-27 09:38:11.625
3247,1,2,0,23870.5,2026-04-27 09:38:11.625
3248,1,0,0,1176,2026-04-27 09:38:11.625
3249,1,0,0,63025,2026-04-27 09:38:11.625
3250,1,0,0,420.17,2026-04-27 09:38:11.625
3251,1,100,0,37.8151,2026-04-27 09:38:11.625
3252,1,0,0,56302.6,2026-04-27 09:38:11.625
3253,1,0,0,13613.5,2026-04-27 09:38:11.625
3254,1,0,0,64220,2026-04-27 09:38:11.625
3255,1,0,0,46360,2026-04-27 09:38:11.625
3256,1,0,0,61560,2026-04-27 09:38:11.625
3257,1,0,0,56240,2026-04-27 09:38:11.625
3258,1,0,0,49820,2026-04-27 09:38:11.625
3259,1,0,0,17647,2026-04-27 09:38:11.625
3260,1,0,0,15126,2026-04-27 09:38:11.625
3261,1,0,0,137000,2026-04-27 09:38:11.625
3262,1,0,0,7100,2026-04-27 09:38:11.625
3263,1,11,0,19838,2026-04-27 09:38:11.625
3264,1,56,0,5726.6,2026-04-27 09:38:11.625
3265,1,6,0,66048,2026-04-27 09:38:11.625
3266,1,308,0,363.27,2026-04-27 09:38:11.625
3267,1,2,0,48000,2026-04-27 09:38:11.625
3268,1,0,0,1481668.8,2026-04-27 09:38:11.625
3269,1,0,0,102353,2026-04-27 09:38:11.625
3270,1,0,0,71428.9,2026-04-27 09:38:11.625
3271,1,0,0,260420,2026-04-27 09:38:11.625
3272,1,0,0,60000,2026-04-27 09:38:11.625
3273,1,5,0,6975,2026-04-27 09:38:11.625
3274,1,0,0,622497,2026-04-27 09:38:11.625
3275,1,2,0,294117.65,2026-04-27 09:38:11.625
3276,1,0,0,21260.56,2026-04-27 09:38:11.625
3277,1,10,0,1550,2026-04-27 09:38:11.625
3278,1,0,0,11765,2026-04-27 09:38:11.625
3279,1,1,0,57750,2026-04-27 09:38:11.625
3280,1,3,0,9009.15,2026-04-27 09:38:11.625
3281,1,1,0,268583,2026-04-27 09:38:11.625
3282,1,1,0,134900,2026-04-27 09:38:11.625
3283,1,2,0,198349.366667,2026-04-27 09:38:11.625
3284,1,9,0,21008,2026-04-27 09:38:11.625
3285,1,40,0,28093.878049,2026-04-27 09:38:11.625
3286,1,6,0,34400,2026-04-27 09:38:11.625
3287,1,1,0,249204,2026-04-27 09:38:11.625
3288,1,0,0,315126,2026-04-27 09:38:11.625
3289,1,0,0,27731,2026-04-27 09:38:11.625
3290,1,0,0,14538,2026-04-27 09:38:11.625
3291,1,0,0,280000,2026-04-27 09:38:11.625
3292,1,20,0,283.5,2026-04-27 09:38:11.625
3293,1,16,0,517.5,2026-04-27 09:38:11.625
3294,1,0,0,36975,2026-04-27 09:38:11.625
3295,1,0,0,37815.3,2026-04-27 09:38:11.625
3296,1,0,0,38655,2026-04-27 09:38:11.625
3297,1,0,0,218487.3,2026-04-27 09:38:11.625
3298,1,0,0,19495.798319,2026-04-27 09:38:11.625
3299,1,0,0,9500,2026-04-27 09:38:11.625
3300,1,0,0,291591.6,2026-04-27 09:38:11.625
3301,1,57,0,19838.293158,2026-04-27 09:38:11.625
3302,1,0,0,84873.9725,2026-04-27 09:38:11.625
3303,1,0,0,48739,2026-04-27 09:38:11.625
3304,1,0,0,8079,2026-04-27 09:38:11.625
3305,1,0,0,120168,2026-04-27 09:38:11.625
3306,1,10,0,4752,2026-04-27 09:38:11.625
3307,1,50,0,18925.16,2026-04-27 09:38:11.625
3308,1,4,0,122930,2026-04-27 09:38:11.625
3309,1,0,0,0,2026-04-27 09:38:11.625
3310,1,0,0,151261,2026-04-27 09:38:11.625
3311,1,0,0,1008.4,2026-04-27 09:38:11.625
3312,1,0,0,327731,2026-04-27 09:38:11.625
3313,1,0,0,352941,2026-04-27 09:38:11.625
3314,1,0,0,77311,2026-04-27 09:38:11.625
3315,1,1,0,527235.333333,2026-04-27 09:38:11.625
3316,1,2,0,8823,2026-04-27 09:38:11.625
3317,1,6,0,13445,2026-04-27 09:38:11.625
3318,1,3,0,13529,2026-04-27 09:38:11.625
3319,1,2,0,285714.29,2026-04-27 09:38:11.625
3320,1,2,0,3059,2026-04-27 09:38:11.625
3321,1,0,0,3496,2026-04-27 09:38:11.625
3322,1,4,0,22353.048,2026-04-27 09:38:11.625
3323,1,300,0,110,2026-04-27 09:38:11.625
3324,1,500,0,193.277,2026-04-27 09:38:11.625
3325,1,3,0,12672,2026-04-27 09:38:11.625
3326,1,0,0,234454,2026-04-27 09:38:11.625
3327,1,0,0,20168.07,2026-04-27 09:38:11.625
3328,1,12,0,9350,2026-04-27 09:38:11.625
3329,1,0,0,23529.47,2026-04-27 09:38:11.625
3330,1,2,0,19167,2026-04-27 09:38:11.625
3331,1,2,0,14447,2026-04-27 09:38:11.625
3332,1,10,0,32551,2026-04-27 09:38:11.625
3333,1,10,0,8963,2026-04-27 09:38:11.625
3334,1,1,0,67950,2026-04-27 09:38:11.625
3335,1,1,0,491000,2026-04-27 09:38:11.625
3336,1,0,0,1408497.6,2026-04-27 09:38:11.625
3337,1,0,0,179056,2026-04-27 09:38:11.625
3338,1,0,0,30000,2026-04-27 09:38:11.625
3339,1,0,0,1172269,2026-04-27 09:38:11.625
3340,1,0,0,508403,2026-04-27 09:38:11.625
3341,1,2,0,2521,2026-04-27 09:38:11.625
3342,1,3,0,19837,2026-04-27 09:38:11.625
3343,1,1,0,62425,2026-04-27 09:38:11.625
3344,1,6,0,16454,2026-04-27 09:38:11.625
3345,1,1,0,73180.11,2026-04-27 09:38:11.625
3346,1,0,0,1242544,2026-04-27 09:38:11.625
3347,1,6,0,28586,2026-04-27 09:38:11.625
3348,1,1,0,11261,2026-04-27 09:38:11.625
3349,1,1,0,267226.89,2026-04-27 09:38:11.625
3350,1,0,0,347058.82,2026-04-27 09:38:11.625
3351,1,6,0,38760,2026-04-27 09:38:11.625
3352,1,8,0,30766,2026-04-27 09:38:11.625
3353,1,6,0,3041,2026-04-27 09:38:11.625
3354,1,1,0,518400,2026-04-27 09:38:11.625
3355,1,0,0,31092,2026-04-27 09:38:11.625
3356,1,0,0,504.1,2026-04-27 09:38:11.625
3357,1,0,0,1261,2026-04-27 09:38:11.625
3358,1,0,0,31092.44,2026-04-27 09:38:11.625
3359,1,0,0,372195,2026-04-27 09:38:11.625
3360,1,3,0,113900,2026-04-27 09:38:11.625
3361,1,6,0,7000,2026-04-27 09:38:11.625
3362,1,6,0,10000,2026-04-27 09:38:11.625
3363,1,0,0,756302.5,2026-04-27 09:38:11.625
3364,1,0,0,760000,2026-04-27 09:38:11.625
3365,1,6,0,5565.8,2026-04-27 09:38:11.625
3366,1,1,0,1994.1,2026-04-27 09:38:11.625
3367,1,0,0,11764.74,2026-04-27 09:38:11.625
3368,1,0,0,85714,2026-04-27 09:38:11.625
3369,1,4,0,2525,2026-04-27 09:38:11.625
3370,1,6,0,136379,2026-04-27 09:38:11.625
3371,1,0,0,74790,2026-04-27 09:38:11.625
3372,1,5,0,9008,2026-04-27 09:38:11.625
3373,1,0,0,19669,2026-04-27 09:38:11.625
3374,1,0,0,140000,2026-04-27 09:38:11.625
3375,1,3,0,142994,2026-04-27 09:38:11.625
3376,1,0,0,77311,2026-04-27 09:38:11.625
3377,1,0,0,1429,2026-04-27 09:38:11.625
3378,1,0,0,672,2026-04-27 09:38:11.625
3379,1,0,0,210,2026-04-27 09:38:11.625
3380,1,0,0,67500,2026-04-27 09:38:11.625
3381,1,0,0,798.3,2026-04-27 09:38:11.625
3382,1,0,0,225210,2026-04-27 09:38:11.625
3383,1,6,0,9469,2026-04-27 09:38:11.625
3384,1,0,0,31947.5,2026-04-27 09:38:11.625
3385,1,0,0,23454,2026-04-27 09:38:11.625
3386,1,6,0,5194,2026-04-27 09:38:11.625
3387,1,1,0,79450,2026-04-27 09:38:11.625
3388,1,0,0,672269,2026-04-27 09:38:11.625
3389,1,0,0,148824,2026-04-27 09:38:11.625
3390,1,5,0,182550.132,2026-04-27 09:38:11.625
3391,1,0,0,892900,2026-04-27 09:38:11.625
3392,1,0,0,26611,2026-04-27 09:38:11.625
3393,1,0,0,2605042,2026-04-27 09:38:11.625
3394,1,0,0,87400,2026-04-27 09:38:11.625
3395,1,1,0,112100,2026-04-27 09:38:11.625
3396,1,0,0,560500,2026-04-27 09:38:11.625
3397,1,0,0,1039975,2026-04-27 09:38:11.625
3398,1,6,0,33613.32,2026-04-27 09:38:11.625
3399,1,0,0,27731,2026-04-27 09:38:11.625
3400,1,0,0,669120,2026-04-27 09:38:11.625
3401,1,0,0,672269,2026-04-27 09:38:11.625
3402,1,0,0,1933,2026-04-27 09:38:11.625
3403,1,0,0,6807,2026-04-27 09:38:11.625
3404,1,1,0,845145,2026-04-27 09:38:11.625
3405,1,0,0,522689,2026-04-27 09:38:11.625
3406,1,0,0,4459,2026-04-27 09:38:11.625
3407,1,2,0,6058.82,2026-04-27 09:38:11.625
3408,1,0,0,92437,2026-04-27 09:38:11.625
3409,1,0,0,109243.7,2026-04-27 09:38:11.625
3410,1,18,0,7487,2026-04-27 09:38:11.625
3411,1,4,0,764,2026-04-27 09:38:11.625
3412,1,6,0,1520,2026-04-27 09:38:11.625
3413,1,6,0,10142,2026-04-27 09:38:11.625
3414,1,6,0,8493,2026-04-27 09:38:11.625
3415,1,2,0,518987,2026-04-27 09:38:11.625
3416,1,14,0,4231.3,2026-04-27 09:38:11.625
3417,1,0,0,3865.6,2026-04-27 09:38:11.625
3418,1,0,0,85714.16,2026-04-27 09:38:11.625
3419,1,0,0,17647,2026-04-27 09:38:11.625
3420,1,0,0,105042,2026-04-27 09:38:11.625
3421,1,1,0,31092,2026-04-27 09:38:11.625
3422,1,0,0,267227,2026-04-27 09:38:11.625
3423,1,0,0,65546,2026-04-27 09:38:11.625
3424,1,0,0,41176,2026-04-27 09:38:11.625
3425,1,99,0,2730,2026-04-27 09:38:11.625
3426,1,99,0,6060,2026-04-27 09:38:11.625
3427,1,100,0,4090,2026-04-27 09:38:11.625
3428,1,1,0,410200,2026-04-27 09:38:11.625
3429,1,1,0,388100,2026-04-27 09:38:11.625
3430,1,0,0,38000,2026-04-27 09:38:11.625
3431,1,0,0,45000,2026-04-27 09:38:11.625
3432,1,0,0,72200,2026-04-27 09:38:11.625
3433,1,0,0,921008,2026-04-27 09:38:11.625
3434,1,0,0,7143,2026-04-27 09:38:11.625
3435,1,0,0,252,2026-04-27 09:38:11.625
3436,1,0,0,1774454,2026-04-27 09:38:11.625
3437,1,0,0,63866,2026-04-27 09:38:11.625
3438,1,0,0,9243.8,2026-04-27 09:38:11.625
3439,1,0,0,226891,2026-04-27 09:38:11.625
3440,1,45,0,1152.56,2026-04-27 09:38:11.625
3441,1,0,0,205462.18,2026-04-27 09:38:11.625
3442,1,0,0,87395,2026-04-27 09:38:11.625
3443,1,0,0,87395,2026-04-27 09:38:11.625
3444,1,0,0,78992,2026-04-27 09:38:11.625
3445,1,0,0,108403.36,2026-04-27 09:38:11.625
3446,1,0,0,11261,2026-04-27 09:38:11.625
3447,1,0,0,22689,2026-04-27 09:38:11.625
3448,1,17,0,9478.99,2026-04-27 09:38:11.625
3449,1,10,0,3546.22,2026-04-27 09:38:11.625
3450,1,6,0,11848.74,2026-04-27 09:38:11.625
3451,1,3,0,23361.34,2026-04-27 09:38:11.625
3452,1,3,0,30588.24,2026-04-27 09:38:11.625
3453,1,4,0,15126.05,2026-04-27 09:38:11.625
3454,1,3,0,26470.59,2026-04-27 09:38:11.625
3455,1,1,0,130252.1,2026-04-27 09:38:11.625
3456,1,1,0,138655.46,2026-04-27 09:38:11.625
3457,1,2,0,109243.7,2026-04-27 09:38:11.625
3458,1,0,0,96638.66,2026-04-27 09:38:11.625
3459,1,1,0,90336.13,2026-04-27 09:38:11.625
3460,1,0,0,56700,2026-04-27 09:38:11.625
3461,1,2,0,11408.285714,2026-04-27 09:38:11.625
3462,1,2,0,142994.24,2026-04-27 09:38:11.625
3463,1,1,0,314300,2026-04-27 09:38:11.625
3464,1,2,0,89400,2026-04-27 09:38:11.625
3465,1,1,0,80100,2026-04-27 09:38:11.625
3466,1,0,0,120200,2026-04-27 09:38:11.625
3467,1,3,0,20150.14,2026-04-27 09:38:11.625
3468,1,3,0,25884.87,2026-04-27 09:38:11.625
3469,1,3,0,21993.64,2026-04-27 09:38:11.625
3470,1,3,0,7928.34,2026-04-27 09:38:11.625
3471,1,2,0,69382.22,2026-04-27 09:38:11.625
3472,1,6,0,135000,2026-04-27 09:38:11.625
3473,1,0,0,33613.444444,2026-04-27 09:38:11.625
3474,1,0,0,805000,2026-04-27 09:38:11.625
3475,1,0,0,924.4,2026-04-27 09:38:11.625
3476,1,1,0,293000,2026-04-27 09:38:11.625
3477,1,18,0,10116,2026-04-27 09:38:11.625
3478,1,2,0,168000,2026-04-27 09:38:11.625
3479,1,100,0,6460,2026-04-27 09:38:11.625
3480,1,1,0,408000,2026-04-27 09:38:11.625
3481,1,2,0,119700,2026-04-27 09:38:11.625
3482,1,2,0,91200,2026-04-27 09:38:11.625
3483,1,0,0,63025,2026-04-27 09:38:11.625
3484,1,1,0,42017,2026-04-27 09:38:11.625
3485,1,15,0,5882.35,2026-04-27 09:38:11.625
3486,1,10,0,3361.34,2026-04-27 09:38:11.625
3487,1,2,0,5882.35,2026-04-27 09:38:11.625
3488,1,0,0,8403,2026-04-27 09:38:11.625
3489,1,0,0,840,2026-04-27 09:38:11.625
3490,1,0,0,19858.3,2026-04-27 09:38:11.625
3491,1,0,0,17067.75,2026-04-27 09:38:11.625
3492,1,0,0,550000,2026-04-27 09:38:11.625
3493,1,0,0,1250000,2026-04-27 09:38:11.625
3494,1,4,0,23379,2026-04-27 09:38:11.625
3495,1,2,0,38696,2026-04-27 09:38:11.625
3496,1,2,0,35167,2026-04-27 09:38:11.625
3497,1,3,0,17226,2026-04-27 09:38:11.625
3498,1,0,0,53782,2026-04-27 09:38:11.625
3499,1,12,0,152478,2026-04-27 09:38:11.625
3500,1,0,0,5798,2026-04-27 09:38:11.625
3501,1,0,0,10252,2026-04-27 09:38:11.625
3502,1,6,0,36094.96,2026-04-27 09:38:11.625
3503,1,6,0,31250,2026-04-27 09:38:11.625
3504,1,0,0,55462,2026-04-27 09:38:11.625
3505,1,0,0,38655,2026-04-27 09:38:11.625
3506,1,0,0,267479,2026-04-27 09:38:11.625
3507,1,0,0,12605,2026-04-27 09:38:11.625
3508,1,0,0,107563,2026-04-27 09:38:11.625
3509,1,0,0,42,2026-04-27 09:38:11.625
3510,1,0,0,21513,2026-04-27 09:38:11.625
3511,1,0,0,174700,2026-04-27 09:38:11.625
3512,1,0,0,154400,2026-04-27 09:38:11.625
3513,1,0,0,83863.76,2026-04-27 09:38:11.625
3514,1,0,0,7059,2026-04-27 09:38:11.625
3515,1,0,0,498319,2026-04-27 09:38:11.625
3516,1,0,0,70000,2026-04-27 09:38:11.625
3517,1,0,0,1596.64,2026-04-27 09:38:11.625
3518,1,0,0,156100,2026-04-27 09:38:11.625
3519,1,1,0,866000,2026-04-27 09:38:11.625
3520,1,2,0,260937,2026-04-27 09:38:11.625
3521,1,2,0,251765,2026-04-27 09:38:11.625
3522,1,1,0,242504,2026-04-27 09:38:11.625
3523,1,1,0,112000,2026-04-27 09:38:11.625
3524,1,0,0,190756,2026-04-27 09:38:11.625
3525,1,0,0,71429,2026-04-27 09:38:11.625
3526,1,2,0,390750,2026-04-27 09:38:11.625
3527,1,1,0,82800,2026-04-27 09:38:11.625
3528,1,1,0,189367,2026-04-27 09:38:11.625
3529,1,1,0,90467,2026-04-27 09:38:11.625
3530,1,1,0,113467,2026-04-27 09:38:11.625
3531,1,1,0,265267,2026-04-27 09:38:11.625
3532,1,1,0,194000,2026-04-27 09:38:11.625
3533,1,2,0,194000,2026-04-27 09:38:11.625
3534,1,0,0,5378,2026-04-27 09:38:11.625
3535,1,0,0,48739,2026-04-27 09:38:11.625
3536,1,0,0,58739,2026-04-27 09:38:11.625
3537,1,6,0,6627,2026-04-27 09:38:11.625
3538,1,6,0,10412,2026-04-27 09:38:11.625
3539,1,1,0,10924,2026-04-27 09:38:11.625
3540,1,0,0,22689,2026-04-27 09:38:11.625
3541,1,0,0,64286.1,2026-04-27 09:38:11.625
3542,1,0,0,49159.8,2026-04-27 09:38:11.625
3543,1,0,0,45378,2026-04-27 09:38:11.625
3544,1,0,0,449496,2026-04-27 09:38:11.625
3545,1,0,0,760504.2,2026-04-27 09:38:11.625
3546,1,0,0,3193,2026-04-27 09:38:11.625
3547,1,0,0,588.5,2026-04-27 09:38:11.625
3548,1,0,0,0,2026-04-27 09:38:11.625
3549,1,0,0,0,2026-04-27 09:38:11.625
3550,1,20,0,0,2026-04-27 09:38:11.625
3551,1,4,0,0,2026-04-27 09:38:11.625
3552,1,3,0,0,2026-04-27 09:38:11.625
3553,1,2,0,0,2026-04-27 09:38:11.625
3554,1,0,0,0,2026-04-27 09:38:11.625
3555,1,0,0,39296.6,2026-04-27 09:38:11.625
3556,1,1,0,50400,2026-04-27 09:38:11.625
3557,1,0,0,7200,2026-04-27 09:38:11.625
3558,1,0,0,11764.71,2026-04-27 09:38:11.625
3559,1,3,0,137143,2026-04-27 09:38:11.625
3560,1,12,0,95521.73913,2026-04-27 09:38:11.625
3561,1,4,0,21144.765,2026-04-27 09:38:11.625
3562,1,3,0,5785,2026-04-27 09:38:11.625
3563,1,36,0,85000,2026-04-27 09:38:11.625
3564,1,29,0,358797.385621,2026-04-27 09:38:11.625
3565,1,82,0,17640.61,2026-04-27 16:26:31.58
3566,1,84,0,35918.532263,2026-04-27 09:38:11.625
3567,1,31,0,135675.546976,2026-04-27 09:38:11.625
3568,1,13,0,65415.358779,2026-04-27 09:38:11.625
3569,1,2,0,229170.4,2026-04-27 09:38:11.625
3570,1,4,0,29593.846154,2026-04-27 09:38:11.625
3571,1,6,0,56815,2026-04-27 09:38:11.625
3572,1,32,0,15100,2026-04-27 09:38:11.625
3573,1,1,0,434362,2026-04-27 09:38:11.625
3574,1,25,0,20948.558761,2026-04-27 09:38:11.625
3575,1,4,0,129995.3875,2026-04-27 09:38:11.625
3576,1,4,0,5488.743951,2026-04-27 09:38:11.625
3577,1,22,0,8710,2026-04-27 09:38:11.625
3578,1,0,0,543000,2026-04-27 09:38:11.625
3579,1,0,0,288135,2026-04-27 09:38:11.625
3580,1,7,0,269091,2026-04-27 09:38:11.625
3581,1,0,0,25000,2026-04-27 09:38:11.625
3582,1,2,0,298538.52,2026-04-27 09:38:11.625
3583,1,5,0,3095.037143,2026-04-27 09:38:11.625
3584,1,0,0,29750.454546,2026-04-27 09:38:11.625
3585,1,5,0,140069.264069,2026-04-27 09:38:11.625
3586,1,22,0,16397.214377,2026-04-27 09:38:11.625
3587,1,26,0,16353.19209,2026-04-27 09:38:11.625
3588,1,0,0,5200,2026-04-27 09:38:11.625
3589,1,2,0,288221.138167,2026-04-27 09:38:11.625
3590,1,1,0,282444.8,2026-04-27 09:38:11.625
3591,1,0,0,63600,2026-04-27 09:38:11.625
3592,1,33,0,18455.113524,2026-04-27 09:38:11.625
3593,1,16,0,56975.094444,2026-04-27 09:38:11.625
3594,1,16,0,331000,2026-04-27 09:38:11.625
3595,1,20,0,23100,2026-04-27 09:38:11.625
3596,1,21,0,20790,2026-04-27 09:38:11.625
3597,1,1,0,62091,2026-04-27 09:38:11.625
3598,1,61,0,19524.766052,2026-04-27 09:38:11.625
3599,1,38,0,73123.881736,2026-04-27 09:38:11.625
3600,1,0,0,23068,2026-04-27 09:38:11.625
3601,1,0,0,91630,2026-04-27 09:38:11.625
3602,1,42,0,67202.32,2026-04-27 09:38:11.625
3603,1,0,0,13500,2026-04-27 09:38:11.625
3604,1,0,0,140000,2026-04-27 09:38:11.625
3605,1,24,0,5000,2026-04-27 09:38:11.625
3606,1,0,0,380780,2026-04-27 09:38:11.625
3607,1,3,0,220692.911444,2026-04-27 09:38:11.625
3608,1,0,0,2485281,2026-04-27 09:38:11.625
3609,1,6,0,302227.271867,2026-04-27 09:38:11.625
3610,1,41,0,50291.519282,2026-04-27 09:38:11.625
3611,1,2,0,109700,2026-04-27 09:38:11.625
3612,1,0,0,26600,2026-04-27 09:38:11.625
3613,1,15,0,15416.66,2026-04-27 09:38:11.625
3614,1,12,0,15854.798319,2026-04-27 09:38:11.625
3615,1,29,0,16124.592895,2026-04-27 09:38:11.625
3616,1,0,0,8538,2026-04-27 09:38:11.625
3617,1,0,0,5010.89875,2026-04-27 09:38:11.625
3618,1,12,0,29394.57049,2026-04-27 09:38:11.625
3619,1,14,0,137716.175545,2026-04-27 09:38:11.625
3620,1,5,0,62086.29,2026-04-27 09:38:11.625
3621,1,4,0,289453.0096,2026-04-27 09:38:11.625
3622,1,5,0,7451.96,2026-04-27 09:38:11.625
3623,1,6,0,30000,2026-04-27 09:38:11.625
3624,1,1,0,160000,2026-04-27 09:38:11.625
3625,1,18,0,16500,2026-04-27 09:38:11.625
3626,1,6,0,58184,2026-04-27 09:38:11.625
3627,1,0,0,24000,2026-04-27 09:38:11.625
3628,1,8,0,19256.52,2026-04-27 09:38:11.625
3629,1,1,0,66867.84,2026-04-27 09:38:11.625
3630,1,0,0,3500000,2026-04-27 09:38:11.625
3631,1,0,0,0,2026-04-27 09:38:11.625
3632,1,7,0,29884.142857,2026-04-27 09:38:11.625
3633,1,0,0,60750,2026-04-27 09:38:11.625
3634,1,0,0,19328,2026-04-27 09:38:11.625
3635,1,24,0,26590,2026-04-27 09:38:11.625
3636,1,6,0,19544,2026-04-27 09:38:11.625
3637,1,21,0,13863.618778,2026-04-27 09:38:11.625
3638,1,8,0,60953,2026-04-27 09:38:11.625
3639,1,1,0,792652,2026-04-27 09:38:11.625
3640,1,2,0,1229000,2026-04-27 09:38:11.625
3641,1,0,0,1234678.5,2026-04-27 09:38:11.625
3642,1,0,0,950000,2026-04-27 09:38:11.625
3643,1,0,0,1913651,2026-04-27 09:38:11.625
3644,1,0,0,1102000,2026-04-27 09:38:11.625
3645,1,0,0,112575,2026-04-27 09:38:11.625
3646,1,0,0,98516,2026-04-27 09:38:11.625
3647,1,5,0,245084,2026-04-27 09:38:11.625
3648,1,0,0,520238,2026-04-27 09:38:11.625
3649,1,1,0,464762,2026-04-27 09:38:11.625
3650,1,0,0,1249250,2026-04-27 09:38:11.625
3651,1,0,0,814304,2026-04-27 09:38:11.625
3652,1,0,0,38095,2026-04-27 09:38:11.625
3653,1,21,0,10225.461538,2026-04-27 09:38:11.625
3654,1,21,0,11777.462185,2026-04-27 09:38:11.625
3655,1,2,0,46667,2026-04-27 09:38:11.625
3656,1,0,0,3571436,2026-04-27 09:38:11.625
3657,1,12,0,16202,2026-04-27 09:38:11.625
3658,1,6,0,17683.5,2026-04-27 09:38:11.625
3659,1,0,0,806722.69,2026-04-27 09:38:11.625
3660,1,6,0,17174,2026-04-27 09:38:11.625
3661,1,0,0,19928,2026-04-27 09:38:11.625
3662,1,23,0,18950.913043,2026-04-27 09:38:11.625
3663,1,14,0,20339.073529,2026-04-27 09:38:11.625
3664,1,12,0,18833,2026-04-27 09:38:11.625
3665,1,0,0,106440.75,2026-04-27 09:38:11.625
3666,1,0,0,13544.6,2026-04-27 09:38:11.625
3667,1,2,0,17252,2026-04-27 09:38:11.625
3668,1,0,0,100272,2026-04-27 09:38:11.625
3669,1,0,0,28571,2026-04-27 09:38:11.625
3670,1,0,0,12381,2026-04-27 09:38:11.625
3671,1,1,0,32449,2026-04-27 09:38:11.625
3672,1,2,0,92641.28125,2026-04-27 09:38:11.625
3673,1,2,0,474197,2026-04-27 09:38:11.625
3674,1,0,0,20095,2026-04-27 09:38:11.625
3675,1,1,0,1495242,2026-04-27 09:38:11.625
3676,1,0,0,22000,2026-04-27 09:38:11.625
3677,1,0,0,22000,2026-04-27 09:38:11.625
3678,1,1,0,16270.263158,2026-04-27 09:38:11.625
3679,1,8,0,50440,2026-04-27 09:38:11.625
3680,1,1,0,67619,2026-04-27 09:38:11.625
3681,1,0,0,13700,2026-04-27 09:38:11.625
3682,1,0,0,15600,2026-04-27 09:38:11.625
3683,1,0,0,247194,2026-04-27 09:38:11.625
3684,1,1,0,710000,2026-04-27 09:38:11.625
3685,1,4,0,24540,2026-04-27 09:38:11.625
3686,1,2,0,321792,2026-04-27 09:38:11.625
3687,1,0,0,14218,2026-04-27 09:38:11.625
3688,1,1,0,1832214,2026-04-27 09:38:11.625
3689,1,4,0,81823.75,2026-04-27 09:38:11.625
3690,1,12,0,35175,2026-04-27 09:38:11.625
3691,1,12,0,11000,2026-04-27 09:38:11.625
